model,mean_mae,mean_mape,mean_within_10pct,mean_accuracy,mean_coverage,total_n,parsed_n
gemini-3.1-pro-preview,10763.486789837158,0.6552345694416802,0.7381818181818182,0.925,0.9984615384615385,1300,1298
claude-opus,3732.6349978406042,1.0500288227223822,0.7309090909090908,0.905,0.996923076923077,1300,1296
gpt-5.4,3479.7072294870823,1.5782900730211749,0.729090909090909,0.74,1.0,1300,1300
claude-sonnet-4.6,3833.265489721775,1.5933162842354007,0.6909090909090909,0.845,0.9976923076923078,1300,1297
