model,mean_mae,mean_mape,mean_within_10pct,mean_accuracy,mean_coverage,total_n,parsed_n
gemini-3.1-pro-preview,1531.635038206272,0.71901607781074,0.71875,0.83,0.999,1000,999
claude-opus,739.0196384205601,0.7672803663844407,0.7162499999999999,0.7949999999999999,0.9970000000000001,1000,997
gpt-5.4,934.2543183714524,2.5438172487399275,0.7125,0.7150000000000001,1.0,1000,1000
claude-sonnet-4.6,1122.2149372615784,1.0862320434442936,0.64625,0.765,0.994,1000,994
