model,total_rows,parsed_rows,error_rows,total_estimated_cost_usd,total_elapsed_seconds,prompt_tokens,completion_tokens,total_tokens,reasoning_tokens,cached_prompt_tokens
claude-opus,1300,1296,0,6.820265,1752.8909134154314,1142813.0,44248.0,1187061.0,0.0,0.0
claude-sonnet-4.6,1300,1297,0,4.085798999999983,801.991514002138,1142813.0,43824.0,1186637.0,0.0,0.0
gemini-3.1-pro-preview,1300,1298,0,5.022047999999983,3001.1976211130054,265152.0,374312.0,639464.0,362050.0,
gpt-5.4,1300,1300,0,1.3817325,855.0202750619585,417441.0,22542.0,439983.0,0.0,0.0
