model,total_rows,parsed_rows,error_rows,total_estimated_cost_usd,total_elapsed_seconds,prompt_tokens,completion_tokens,total_tokens,reasoning_tokens,cached_prompt_tokens
claude-opus,1000,997,0,5.23865,2812.3330712963652,878080.0,33930.0,912010.0,0.0,0.0
claude-sonnet-4.6,1000,994,0,3.1494449999999867,1535.7861077889102,878080.0,34347.0,912427.0,0.0,0.0
gemini-3.1-pro-preview,1000,999,0,4.098995999999987,5581.246114103647,204030.0,307578.0,511608.0,298528.0,
gpt-5.4,1000,1000,0,1.06014,1203.764767637127,320610.0,17241.0,337851.0,0.0,0.0
