fix,scenario_id,state,variable,engine,frozen,v11_1755,recomputed,moved_vs_v11,delta,moved
latest_final,scenario_000,TX,federal_income_tax_before_refundable_credits,2.17.0,2906.45361328125,2883.49365234375,2906.45361328125,True,0.0,False
latest_final,scenario_000,TX,federal_refundable_credits,2.17.0,0.0,0.0,0.0,False,0.0,False
latest_final,scenario_000,TX,free_school_meals_eligible,2.17.0,0.0,0.0,0.0,False,0.0,False
latest_final,scenario_000,TX,local_income_tax,2.17.0,0.0,0.0,0.0,False,0.0,False
latest_final,scenario_000,TX,payroll_tax,2.17.0,0.0,0.0,0.0,False,0.0,False
latest_final,scenario_000,TX,head_chip_eligible,2.17.0,0.0,0.0,0.0,False,0.0,False
latest_final,scenario_000,TX,head_medicaid_eligible,2.17.0,0.0,0.0,0.0,False,0.0,False
latest_final,scenario_000,TX,head_medicare_eligible,2.17.0,1.0,1.0,1.0,False,0.0,False
latest_final,scenario_000,TX,head_wic_eligible,2.17.0,0.0,0.0,0.0,False,0.0,False
latest_final,scenario_000,TX,reduced_price_school_meals_eligible,2.17.0,0.0,0.0,0.0,False,0.0,False
latest_final,scenario_000,TX,self_employment_tax,2.17.0,0.0,0.0,0.0,False,0.0,False
latest_final,scenario_000,TX,snap,2.17.0,0.0,0.0,0.0,False,0.0,False
latest_final,scenario_000,TX,ssi,2.17.0,0.0,0.0,0.0,False,0.0,False
latest_final,scenario_000,TX,state_income_tax_before_refundable_credits,2.17.0,0.0,0.0,0.0,False,0.0,False
latest_final,scenario_000,TX,state_refundable_credits,2.17.0,0.0,0.0,0.0,False,0.0,False
latest_final,scenario_000,TX,tanf,2.17.0,0.0,0.0,0.0,False,0.0,False
latest_final,scenario_001,VA,federal_income_tax_before_refundable_credits,2.17.0,0.0,0.0,0.0,False,0.0,False
latest_final,scenario_001,VA,federal_refundable_credits,2.17.0,0.0,0.0,0.0,False,0.0,False
latest_final,scenario_001,VA,free_school_meals_eligible,2.17.0,0.0,0.0,0.0,False,0.0,False
latest_final,scenario_001,VA,local_income_tax,2.17.0,0.0,0.0,0.0,False,0.0,False
latest_final,scenario_001,VA,payroll_tax,2.17.0,2223.393798828125,2223.393798828125,2223.393798828125,False,0.0,False
latest_final,scenario_001,VA,head_chip_eligible,2.17.0,0.0,0.0,0.0,False,0.0,False
latest_final,scenario_001,VA,spouse_chip_eligible,2.17.0,0.0,0.0,0.0,False,0.0,False
latest_final,scenario_001,VA,head_medicaid_eligible,2.17.0,0.0,0.0,0.0,False,0.0,False
latest_final,scenario_001,VA,spouse_medicaid_eligible,2.17.0,0.0,0.0,0.0,False,0.0,False
latest_final,scenario_001,VA,head_medicare_eligible,2.17.0,1.0,1.0,1.0,False,0.0,False
latest_final,scenario_001,VA,spouse_medicare_eligible,2.17.0,1.0,1.0,1.0,False,0.0,False
latest_final,scenario_001,VA,head_wic_eligible,2.17.0,0.0,0.0,0.0,False,0.0,False
latest_final,scenario_001,VA,spouse_wic_eligible,2.17.0,0.0,0.0,0.0,False,0.0,False
latest_final,scenario_001,VA,reduced_price_school_meals_eligible,2.17.0,0.0,0.0,0.0,False,0.0,False
latest_final,scenario_001,VA,self_employment_tax,2.17.0,0.0,0.0,0.0,False,0.0,False
latest_final,scenario_001,VA,snap,2.17.0,0.0,0.0,0.0,False,0.0,False
latest_final,scenario_001,VA,ssi,2.17.0,0.0,0.0,0.0,False,0.0,False
latest_final,scenario_001,VA,state_income_tax_before_refundable_credits,2.17.0,0.0,0.0,0.0,False,0.0,False
latest_final,scenario_001,VA,state_refundable_credits,2.17.0,0.0,0.0,0.0,False,0.0,False
latest_final,scenario_001,VA,tanf,2.17.0,0.0,0.0,0.0,False,0.0,False
latest_final,scenario_002,WA,federal_income_tax_before_refundable_credits,2.17.0,0.0,0.0,0.0,False,0.0,False
latest_final,scenario_002,WA,federal_refundable_credits,2.17.0,0.0,0.0,0.0,False,0.0,False
latest_final,scenario_002,WA,free_school_meals_eligible,2.17.0,0.0,0.0,0.0,False,0.0,False
latest_final,scenario_002,WA,local_income_tax,2.17.0,0.0,0.0,0.0,False,0.0,False
latest_final,scenario_002,WA,payroll_tax,2.17.0,0.0,0.0,0.0,False,0.0,False
latest_final,scenario_002,WA,head_chip_eligible,2.17.0,0.0,0.0,0.0,False,0.0,False
latest_final,scenario_002,WA,spouse_chip_eligible,2.17.0,0.0,0.0,0.0,False,0.0,False
latest_final,scenario_002,WA,head_medicaid_eligible,2.17.0,0.0,0.0,0.0,False,0.0,False
latest_final,scenario_002,WA,spouse_medicaid_eligible,2.17.0,0.0,0.0,0.0,False,0.0,False
latest_final,scenario_002,WA,head_medicare_eligible,2.17.0,1.0,1.0,1.0,False,0.0,False
latest_final,scenario_002,WA,spouse_medicare_eligible,2.17.0,1.0,1.0,1.0,False,0.0,False
latest_final,scenario_002,WA,head_wic_eligible,2.17.0,0.0,0.0,0.0,False,0.0,False
latest_final,scenario_002,WA,spouse_wic_eligible,2.17.0,0.0,0.0,0.0,False,0.0,False
latest_final,scenario_002,WA,reduced_price_school_meals_eligible,2.17.0,0.0,0.0,0.0,False,0.0,False
latest_final,scenario_002,WA,self_employment_tax,2.17.0,0.0,0.0,0.0,False,0.0,False
latest_final,scenario_002,WA,snap,2.17.0,0.0,0.0,0.0,False,0.0,False
latest_final,scenario_002,WA,ssi,2.17.0,0.0,0.0,0.0,False,0.0,False
latest_final,scenario_002,WA,state_income_tax_before_refundable_credits,2.17.0,0.0,0.0,0.0,False,0.0,False
latest_final,scenario_002,WA,state_refundable_credits,2.17.0,0.0,0.0,0.0,False,0.0,False
latest_final,scenario_002,WA,tanf,2.17.0,0.0,0.0,0.0,False,0.0,False
latest_final,scenario_003,TX,federal_income_tax_before_refundable_credits,2.17.0,22154.69921875,22154.69921875,22154.69921875,False,0.0,False
latest_final,scenario_003,TX,federal_refundable_credits,2.17.0,0.0,0.0,0.0,False,0.0,False
latest_final,scenario_003,TX,free_school_meals_eligible,2.17.0,0.0,0.0,0.0,False,0.0,False
latest_final,scenario_003,TX,local_income_tax,2.17.0,0.0,0.0,0.0,False,0.0,False
latest_final,scenario_003,TX,payroll_tax,2.17.0,0.0,0.0,0.0,False,0.0,False
latest_final,scenario_003,TX,head_chip_eligible,2.17.0,0.0,0.0,0.0,False,0.0,False
latest_final,scenario_003,TX,spouse_chip_eligible,2.17.0,0.0,0.0,0.0,False,0.0,False
latest_final,scenario_003,TX,head_medicaid_eligible,2.17.0,0.0,0.0,0.0,False,0.0,False
latest_final,scenario_003,TX,spouse_medicaid_eligible,2.17.0,0.0,0.0,0.0,False,0.0,False
latest_final,scenario_003,TX,head_medicare_eligible,2.17.0,0.0,0.0,0.0,False,0.0,False
latest_final,scenario_003,TX,spouse_medicare_eligible,2.17.0,0.0,0.0,0.0,False,0.0,False
latest_final,scenario_003,TX,head_wic_eligible,2.17.0,0.0,0.0,0.0,False,0.0,False
latest_final,scenario_003,TX,spouse_wic_eligible,2.17.0,0.0,0.0,0.0,False,0.0,False
latest_final,scenario_003,TX,reduced_price_school_meals_eligible,2.17.0,0.0,0.0,0.0,False,0.0,False
latest_final,scenario_003,TX,self_employment_tax,2.17.0,0.0,0.0,0.0,False,0.0,False
latest_final,scenario_003,TX,snap,2.17.0,0.0,0.0,0.0,False,0.0,False
latest_final,scenario_003,TX,ssi,2.17.0,0.0,0.0,0.0,False,0.0,False
latest_final,scenario_003,TX,state_income_tax_before_refundable_credits,2.17.0,0.0,0.0,0.0,False,0.0,False
latest_final,scenario_003,TX,state_refundable_credits,2.17.0,0.0,0.0,0.0,False,0.0,False
latest_final,scenario_003,TX,tanf,2.17.0,0.0,0.0,0.0,False,0.0,False
latest_final,scenario_004,NY,federal_income_tax_before_refundable_credits,2.17.0,0.0,0.0,0.0,False,0.0,False
latest_final,scenario_004,NY,federal_refundable_credits,2.17.0,0.0,0.0,0.0,False,0.0,False
latest_final,scenario_004,NY,free_school_meals_eligible,2.17.0,0.0,0.0,0.0,False,0.0,False
latest_final,scenario_004,NY,local_income_tax,2.17.0,0.0,0.0,0.0,False,0.0,False
latest_final,scenario_004,NY,payroll_tax,2.17.0,0.0,0.0,0.0,False,0.0,False
latest_final,scenario_004,NY,head_chip_eligible,2.17.0,0.0,0.0,0.0,False,0.0,False
latest_final,scenario_004,NY,spouse_chip_eligible,2.17.0,0.0,0.0,0.0,False,0.0,False
latest_final,scenario_004,NY,head_medicaid_eligible,2.17.0,0.0,0.0,0.0,False,0.0,False
latest_final,scenario_004,NY,spouse_medicaid_eligible,2.17.0,0.0,0.0,0.0,False,0.0,False
latest_final,scenario_004,NY,head_medicare_eligible,2.17.0,0.0,0.0,0.0,False,0.0,False
latest_final,scenario_004,NY,spouse_medicare_eligible,2.17.0,0.0,0.0,0.0,False,0.0,False
latest_final,scenario_004,NY,head_wic_eligible,2.17.0,0.0,0.0,0.0,False,0.0,False
latest_final,scenario_004,NY,spouse_wic_eligible,2.17.0,0.0,0.0,0.0,False,0.0,False
latest_final,scenario_004,NY,reduced_price_school_meals_eligible,2.17.0,0.0,0.0,0.0,False,0.0,False
latest_final,scenario_004,NY,self_employment_tax,2.17.0,0.0,0.0,0.0,False,0.0,False
latest_final,scenario_004,NY,snap,2.17.0,0.0,0.0,0.0,False,0.0,False
latest_final,scenario_004,NY,ssi,2.17.0,0.0,0.0,0.0,False,0.0,False
latest_final,scenario_004,NY,state_income_tax_before_refundable_credits,2.17.0,0.0,0.0,0.0,False,0.0,False
latest_final,scenario_004,NY,state_refundable_credits,2.17.0,0.0,0.0,0.0,False,0.0,False
latest_final,scenario_004,NY,tanf,2.17.0,0.0,0.0,0.0,False,0.0,False
latest_final,scenario_005,CA,federal_income_tax_before_refundable_credits,2.17.0,106505.8984375,106505.8984375,107833.15625,True,1327.2578125,True
latest_final,scenario_005,CA,federal_refundable_credits,2.17.0,0.0,0.0,0.0,False,0.0,False
latest_final,scenario_005,CA,free_school_meals_eligible,2.17.0,0.0,0.0,0.0,False,0.0,False
latest_final,scenario_005,CA,local_income_tax,2.17.0,0.0,0.0,0.0,False,0.0,False
latest_final,scenario_005,CA,payroll_tax,2.17.0,36044.0,36044.0,36044.0,False,0.0,False
latest_final,scenario_005,CA,head_chip_eligible,2.17.0,0.0,0.0,0.0,False,0.0,False
latest_final,scenario_005,CA,spouse_chip_eligible,2.17.0,0.0,0.0,0.0,False,0.0,False
latest_final,scenario_005,CA,head_medicaid_eligible,2.17.0,0.0,0.0,0.0,False,0.0,False
latest_final,scenario_005,CA,spouse_medicaid_eligible,2.17.0,0.0,0.0,0.0,False,0.0,False
latest_final,scenario_005,CA,head_medicare_eligible,2.17.0,0.0,0.0,0.0,False,0.0,False
latest_final,scenario_005,CA,spouse_medicare_eligible,2.17.0,0.0,0.0,0.0,False,0.0,False
latest_final,scenario_005,CA,head_wic_eligible,2.17.0,0.0,0.0,0.0,False,0.0,False
latest_final,scenario_005,CA,spouse_wic_eligible,2.17.0,0.0,0.0,0.0,False,0.0,False
latest_final,scenario_005,CA,reduced_price_school_meals_eligible,2.17.0,0.0,0.0,0.0,False,0.0,False
latest_final,scenario_005,CA,self_employment_tax,2.17.0,0.0,0.0,0.0,False,0.0,False
latest_final,scenario_005,CA,snap,2.17.0,0.0,0.0,0.0,False,0.0,False
latest_final,scenario_005,CA,ssi,2.17.0,0.0,0.0,0.0,False,0.0,False
latest_final,scenario_005,CA,state_income_tax_before_refundable_credits,2.17.0,41051.51171875,41051.51171875,41267.01171875,True,215.5,True
latest_final,scenario_005,CA,state_refundable_credits,2.17.0,0.0,0.0,0.0,False,0.0,False
latest_final,scenario_005,CA,tanf,2.17.0,0.0,0.0,0.0,False,0.0,False
latest_final,scenario_007,ID,federal_income_tax_before_refundable_credits,2.17.0,3707.695068359375,3707.695068359375,3707.695068359375,False,0.0,False
latest_final,scenario_007,ID,federal_refundable_credits,2.17.0,0.0,0.0,0.0,False,0.0,False
latest_final,scenario_007,ID,free_school_meals_eligible,2.17.0,0.0,0.0,0.0,False,0.0,False
latest_final,scenario_007,ID,local_income_tax,2.17.0,0.0,0.0,0.0,False,0.0,False
latest_final,scenario_007,ID,payroll_tax,2.17.0,0.0,0.0,0.0,False,0.0,False
latest_final,scenario_007,ID,head_chip_eligible,2.17.0,0.0,0.0,0.0,False,0.0,False
latest_final,scenario_007,ID,head_medicaid_eligible,2.17.0,0.0,0.0,0.0,False,0.0,False
latest_final,scenario_007,ID,head_medicare_eligible,2.17.0,0.0,0.0,0.0,False,0.0,False
latest_final,scenario_007,ID,head_wic_eligible,2.17.0,0.0,0.0,0.0,False,0.0,False
latest_final,scenario_007,ID,reduced_price_school_meals_eligible,2.17.0,0.0,0.0,0.0,False,0.0,False
latest_final,scenario_007,ID,self_employment_tax,2.17.0,0.0,0.0,0.0,False,0.0,False
latest_final,scenario_007,ID,snap,2.17.0,0.0,0.0,0.0,False,0.0,False
latest_final,scenario_007,ID,ssi,2.17.0,0.0,0.0,0.0,False,0.0,False
latest_final,scenario_007,ID,state_income_tax_before_refundable_credits,2.17.0,755.7783203125,755.7783203125,761.5570068359375,True,5.7786865234375,True
latest_final,scenario_007,ID,state_refundable_credits,2.17.0,155.0,155.0,155.0,False,0.0,False
latest_final,scenario_007,ID,tanf,2.17.0,0.0,0.0,0.0,False,0.0,False
latest_final,scenario_008,NJ,federal_income_tax_before_refundable_credits,2.17.0,0.0,0.0,0.0,False,0.0,False
latest_final,scenario_008,NJ,federal_refundable_credits,2.17.0,12433.611328125,12433.611328125,12433.611328125,False,0.0,False
latest_final,scenario_008,NJ,free_school_meals_eligible,2.17.0,1.0,1.0,1.0,False,0.0,False
latest_final,scenario_008,NJ,local_income_tax,2.17.0,0.0,0.0,0.0,False,0.0,False
latest_final,scenario_008,NJ,payroll_tax,2.17.0,2162.760009765625,2162.760009765625,2162.760009765625,False,0.0,False
latest_final,scenario_008,NJ,head_chip_eligible,2.17.0,0.0,0.0,0.0,False,0.0,False
latest_final,scenario_008,NJ,spouse_chip_eligible,2.17.0,0.0,0.0,0.0,False,0.0,False
latest_final,scenario_008,NJ,child1_chip_eligible,2.17.0,0.0,0.0,0.0,False,0.0,False
latest_final,scenario_008,NJ,child2_chip_eligible,2.17.0,0.0,0.0,0.0,False,0.0,False
latest_final,scenario_008,NJ,child3_chip_eligible,2.17.0,0.0,0.0,0.0,False,0.0,False
latest_final,scenario_008,NJ,child4_chip_eligible,2.17.0,0.0,0.0,0.0,False,0.0,False
latest_final,scenario_008,NJ,child5_chip_eligible,2.17.0,0.0,0.0,0.0,False,0.0,False
latest_final,scenario_008,NJ,child6_chip_eligible,2.17.0,0.0,0.0,0.0,False,0.0,False
latest_final,scenario_008,NJ,child1_early_head_start_eligible,2.17.0,0.0,0.0,0.0,False,0.0,False
latest_final,scenario_008,NJ,child2_early_head_start_eligible,2.17.0,0.0,0.0,0.0,False,0.0,False
latest_final,scenario_008,NJ,child3_early_head_start_eligible,2.17.0,0.0,0.0,0.0,False,0.0,False
latest_final,scenario_008,NJ,child4_early_head_start_eligible,2.17.0,0.0,0.0,0.0,False,0.0,False
latest_final,scenario_008,NJ,child5_early_head_start_eligible,2.17.0,0.0,0.0,0.0,False,0.0,False
latest_final,scenario_008,NJ,child6_early_head_start_eligible,2.17.0,1.0,1.0,1.0,False,0.0,False
latest_final,scenario_008,NJ,child1_head_start_eligible,2.17.0,0.0,0.0,0.0,False,0.0,False
latest_final,scenario_008,NJ,child2_head_start_eligible,2.17.0,0.0,0.0,0.0,False,0.0,False
latest_final,scenario_008,NJ,child3_head_start_eligible,2.17.0,0.0,0.0,0.0,False,0.0,False
latest_final,scenario_008,NJ,child4_head_start_eligible,2.17.0,0.0,0.0,0.0,False,0.0,False
latest_final,scenario_008,NJ,child5_head_start_eligible,2.17.0,1.0,1.0,1.0,False,0.0,False
latest_final,scenario_008,NJ,child6_head_start_eligible,2.17.0,0.0,0.0,0.0,False,0.0,False
latest_final,scenario_008,NJ,head_medicaid_eligible,2.17.0,1.0,1.0,1.0,False,0.0,False
latest_final,scenario_008,NJ,spouse_medicaid_eligible,2.17.0,1.0,1.0,1.0,False,0.0,False
latest_final,scenario_008,NJ,child1_medicaid_eligible,2.17.0,1.0,1.0,1.0,False,0.0,False
latest_final,scenario_008,NJ,child2_medicaid_eligible,2.17.0,1.0,1.0,1.0,False,0.0,False
latest_final,scenario_008,NJ,child3_medicaid_eligible,2.17.0,1.0,1.0,1.0,False,0.0,False
latest_final,scenario_008,NJ,child4_medicaid_eligible,2.17.0,1.0,1.0,1.0,False,0.0,False
latest_final,scenario_008,NJ,child5_medicaid_eligible,2.17.0,1.0,1.0,1.0,False,0.0,False
latest_final,scenario_008,NJ,child6_medicaid_eligible,2.17.0,1.0,1.0,1.0,False,0.0,False
latest_final,scenario_008,NJ,head_medicare_eligible,2.17.0,0.0,0.0,0.0,False,0.0,False
latest_final,scenario_008,NJ,spouse_medicare_eligible,2.17.0,0.0,0.0,0.0,False,0.0,False
latest_final,scenario_008,NJ,child1_medicare_eligible,2.17.0,0.0,0.0,0.0,False,0.0,False
latest_final,scenario_008,NJ,child2_medicare_eligible,2.17.0,0.0,0.0,0.0,False,0.0,False
latest_final,scenario_008,NJ,child3_medicare_eligible,2.17.0,0.0,0.0,0.0,False,0.0,False
latest_final,scenario_008,NJ,child4_medicare_eligible,2.17.0,0.0,0.0,0.0,False,0.0,False
latest_final,scenario_008,NJ,child5_medicare_eligible,2.17.0,0.0,0.0,0.0,False,0.0,False
latest_final,scenario_008,NJ,child6_medicare_eligible,2.17.0,0.0,0.0,0.0,False,0.0,False
latest_final,scenario_008,NJ,head_wic_eligible,2.17.0,0.0,0.0,0.0,False,0.0,False
latest_final,scenario_008,NJ,spouse_wic_eligible,2.17.0,0.0,0.0,0.0,False,0.0,False
latest_final,scenario_008,NJ,child1_wic_eligible,2.17.0,0.0,0.0,0.0,False,0.0,False
latest_final,scenario_008,NJ,child2_wic_eligible,2.17.0,0.0,0.0,0.0,False,0.0,False
latest_final,scenario_008,NJ,child3_wic_eligible,2.17.0,0.0,0.0,0.0,False,0.0,False
latest_final,scenario_008,NJ,child4_wic_eligible,2.17.0,0.0,0.0,0.0,False,0.0,False
latest_final,scenario_008,NJ,child5_wic_eligible,2.17.0,0.0,0.0,0.0,False,0.0,False
latest_final,scenario_008,NJ,child6_wic_eligible,2.17.0,1.0,1.0,1.0,False,0.0,False
latest_final,scenario_008,NJ,reduced_price_school_meals_eligible,2.17.0,0.0,0.0,0.0,False,0.0,False
latest_final,scenario_008,NJ,self_employment_tax,2.17.0,565.1820068359375,565.1820068359375,565.1820068359375,False,0.0,False
latest_final,scenario_008,NJ,snap,2.17.0,15108.0,15246.9052734375,15108.0,True,0.0,False
latest_final,scenario_008,NJ,ssi,2.17.0,0.0,0.0,0.0,False,0.0,False
latest_final,scenario_008,NJ,state_income_tax_before_refundable_credits,2.17.0,264.80999755859375,264.80999755859375,264.80999755859375,False,0.0,False
latest_final,scenario_008,NJ,state_refundable_credits,2.17.0,5842.39990234375,5342.39990234375,5842.39990234375,True,0.0,False
latest_final,scenario_008,NJ,tanf,2.17.0,0.0,0.0,0.0,False,0.0,False
latest_final,scenario_009,NC,federal_income_tax_before_refundable_credits,2.17.0,8348.0,8348.0,8348.0,False,0.0,False
latest_final,scenario_009,NC,federal_refundable_credits,2.17.0,0.0,0.0,0.0,False,0.0,False
latest_final,scenario_009,NC,free_school_meals_eligible,2.17.0,0.0,0.0,0.0,False,0.0,False
latest_final,scenario_009,NC,local_income_tax,2.17.0,0.0,0.0,0.0,False,0.0,False
latest_final,scenario_009,NC,payroll_tax,2.17.0,4590.0,4590.0,4590.0,False,0.0,False
latest_final,scenario_009,NC,head_chip_eligible,2.17.0,0.0,0.0,0.0,False,0.0,False
latest_final,scenario_009,NC,spouse_chip_eligible,2.17.0,0.0,0.0,0.0,False,0.0,False
latest_final,scenario_009,NC,head_medicaid_eligible,2.17.0,0.0,0.0,0.0,False,0.0,False
latest_final,scenario_009,NC,spouse_medicaid_eligible,2.17.0,0.0,0.0,0.0,False,0.0,False
latest_final,scenario_009,NC,head_medicare_eligible,2.17.0,0.0,0.0,0.0,False,0.0,False
latest_final,scenario_009,NC,spouse_medicare_eligible,2.17.0,0.0,0.0,0.0,False,0.0,False
latest_final,scenario_009,NC,head_wic_eligible,2.17.0,0.0,0.0,0.0,False,0.0,False
latest_final,scenario_009,NC,spouse_wic_eligible,2.17.0,0.0,0.0,0.0,False,0.0,False
latest_final,scenario_009,NC,reduced_price_school_meals_eligible,2.17.0,0.0,0.0,0.0,False,0.0,False
latest_final,scenario_009,NC,self_employment_tax,2.17.0,0.0,0.0,0.0,False,0.0,False
latest_final,scenario_009,NC,snap,2.17.0,0.0,0.0,0.0,False,0.0,False
latest_final,scenario_009,NC,ssi,2.17.0,0.0,0.0,0.0,False,0.0,False
latest_final,scenario_009,NC,state_income_tax_before_refundable_credits,2.17.0,2190.510009765625,2190.510009765625,2190.510009765625,False,0.0,False
latest_final,scenario_009,NC,state_refundable_credits,2.17.0,0.0,0.0,0.0,False,0.0,False
latest_final,scenario_009,NC,tanf,2.17.0,0.0,0.0,0.0,False,0.0,False
latest_final,scenario_012,MS,federal_income_tax_before_refundable_credits,2.17.0,0.0,0.0,0.0,False,0.0,False
latest_final,scenario_012,MS,federal_refundable_credits,2.17.0,6127.0,6127.0,6127.0,False,0.0,False
latest_final,scenario_012,MS,free_school_meals_eligible,2.17.0,1.0,1.0,1.0,False,0.0,False
latest_final,scenario_012,MS,local_income_tax,2.17.0,0.0,0.0,0.0,False,0.0,False
latest_final,scenario_012,MS,payroll_tax,2.17.0,1683.0,1683.0,1683.0,False,0.0,False
latest_final,scenario_012,MS,head_chip_eligible,2.17.0,0.0,0.0,0.0,False,0.0,False
latest_final,scenario_012,MS,spouse_chip_eligible,2.17.0,0.0,0.0,0.0,False,0.0,False
latest_final,scenario_012,MS,child1_chip_eligible,2.17.0,0.0,0.0,0.0,False,0.0,False
latest_final,scenario_012,MS,child1_early_head_start_eligible,2.17.0,0.0,0.0,0.0,False,0.0,False
latest_final,scenario_012,MS,child1_head_start_eligible,2.17.0,0.0,0.0,0.0,False,0.0,False
latest_final,scenario_012,MS,head_medicaid_eligible,2.17.0,0.0,0.0,0.0,False,0.0,False
latest_final,scenario_012,MS,spouse_medicaid_eligible,2.17.0,1.0,1.0,1.0,False,0.0,False
latest_final,scenario_012,MS,child1_medicaid_eligible,2.17.0,1.0,1.0,1.0,False,0.0,False
latest_final,scenario_012,MS,head_medicare_eligible,2.17.0,0.0,0.0,0.0,False,0.0,False
latest_final,scenario_012,MS,spouse_medicare_eligible,2.17.0,0.0,0.0,0.0,False,0.0,False
latest_final,scenario_012,MS,child1_medicare_eligible,2.17.0,0.0,0.0,0.0,False,0.0,False
latest_final,scenario_012,MS,head_wic_eligible,2.17.0,0.0,0.0,0.0,False,0.0,False
latest_final,scenario_012,MS,spouse_wic_eligible,2.17.0,1.0,1.0,1.0,False,0.0,False
latest_final,scenario_012,MS,child1_wic_eligible,2.17.0,0.0,0.0,0.0,False,0.0,False
latest_final,scenario_012,MS,reduced_price_school_meals_eligible,2.17.0,0.0,0.0,0.0,False,0.0,False
latest_final,scenario_012,MS,self_employment_tax,2.17.0,0.0,0.0,0.0,False,0.0,False
latest_final,scenario_012,MS,snap,2.17.0,4884.0,4952.08935546875,4884.0,True,0.0,False
latest_final,scenario_012,MS,ssi,2.17.0,0.0,0.0,0.0,False,0.0,False
latest_final,scenario_012,MS,state_income_tax_before_refundable_credits,2.17.0,0.0,0.0,0.0,False,0.0,False
latest_final,scenario_012,MS,state_refundable_credits,2.17.0,0.0,0.0,0.0,False,0.0,False
latest_final,scenario_012,MS,tanf,2.17.0,0.0,0.0,0.0,False,0.0,False
latest_final,scenario_013,AZ,federal_income_tax_before_refundable_credits,2.17.0,0.0,0.0,0.0,False,0.0,False
latest_final,scenario_013,AZ,federal_refundable_credits,2.17.0,0.0,0.0,0.0,False,0.0,False
latest_final,scenario_013,AZ,free_school_meals_eligible,2.17.0,0.0,0.0,0.0,False,0.0,False
latest_final,scenario_013,AZ,local_income_tax,2.17.0,0.0,0.0,0.0,False,0.0,False
latest_final,scenario_013,AZ,payroll_tax,2.17.0,0.0,0.0,0.0,False,0.0,False
latest_final,scenario_013,AZ,head_chip_eligible,2.17.0,0.0,0.0,0.0,False,0.0,False
latest_final,scenario_013,AZ,head_medicaid_eligible,2.17.0,0.0,0.0,0.0,False,0.0,False
latest_final,scenario_013,AZ,head_medicare_eligible,2.17.0,1.0,1.0,1.0,False,0.0,False
latest_final,scenario_013,AZ,head_wic_eligible,2.17.0,0.0,0.0,0.0,False,0.0,False
latest_final,scenario_013,AZ,reduced_price_school_meals_eligible,2.17.0,0.0,0.0,0.0,False,0.0,False
latest_final,scenario_013,AZ,self_employment_tax,2.17.0,0.0,0.0,0.0,False,0.0,False
latest_final,scenario_013,AZ,snap,2.17.0,240.0,0.0,240.0,True,0.0,False
latest_final,scenario_013,AZ,ssi,2.17.0,0.0,0.0,0.0,False,0.0,False
latest_final,scenario_013,AZ,state_income_tax_before_refundable_credits,2.17.0,0.0,0.0,0.0,False,0.0,False
latest_final,scenario_013,AZ,state_refundable_credits,2.17.0,25.0,25.0,25.0,False,0.0,False
latest_final,scenario_013,AZ,tanf,2.17.0,0.0,0.0,0.0,False,0.0,False
latest_final,scenario_014,WV,federal_income_tax_before_refundable_credits,2.17.0,6311.31787109375,6311.31787109375,6311.31787109375,False,0.0,False
latest_final,scenario_014,WV,federal_refundable_credits,2.17.0,0.0,0.0,0.0,False,0.0,False
latest_final,scenario_014,WV,free_school_meals_eligible,2.17.0,0.0,0.0,0.0,False,0.0,False
latest_final,scenario_014,WV,local_income_tax,2.17.0,0.0,0.0,0.0,False,0.0,False
latest_final,scenario_014,WV,payroll_tax,2.17.0,6802.96484375,6802.96484375,6802.96484375,False,0.0,False
latest_final,scenario_014,WV,head_chip_eligible,2.17.0,0.0,0.0,0.0,False,0.0,False
latest_final,scenario_014,WV,spouse_chip_eligible,2.17.0,0.0,0.0,0.0,False,0.0,False
latest_final,scenario_014,WV,head_medicaid_eligible,2.17.0,0.0,0.0,0.0,False,0.0,False
latest_final,scenario_014,WV,spouse_medicaid_eligible,2.17.0,0.0,0.0,0.0,False,0.0,False
latest_final,scenario_014,WV,head_medicare_eligible,2.17.0,0.0,0.0,0.0,False,0.0,False
latest_final,scenario_014,WV,spouse_medicare_eligible,2.17.0,0.0,0.0,0.0,False,0.0,False
latest_final,scenario_014,WV,head_wic_eligible,2.17.0,0.0,0.0,0.0,False,0.0,False
latest_final,scenario_014,WV,spouse_wic_eligible,2.17.0,0.0,0.0,0.0,False,0.0,False
latest_final,scenario_014,WV,reduced_price_school_meals_eligible,2.17.0,0.0,0.0,0.0,False,0.0,False
latest_final,scenario_014,WV,self_employment_tax,2.17.0,0.0,0.0,0.0,False,0.0,False
latest_final,scenario_014,WV,snap,2.17.0,0.0,0.0,0.0,False,0.0,False
latest_final,scenario_014,WV,ssi,2.17.0,0.0,0.0,0.0,False,0.0,False
latest_final,scenario_014,WV,state_income_tax_before_refundable_credits,2.17.0,3092.186279296875,3092.186279296875,3092.186279296875,False,0.0,False
latest_final,scenario_014,WV,state_refundable_credits,2.17.0,0.0,0.0,0.0,False,0.0,False
latest_final,scenario_014,WV,tanf,2.17.0,0.0,0.0,0.0,False,0.0,False
latest_final,scenario_015,IN,federal_income_tax_before_refundable_credits,2.17.0,2969.1259765625,2969.1259765625,2969.1259765625,False,0.0,False
latest_final,scenario_015,IN,federal_refundable_credits,2.17.0,0.0,0.0,0.0,False,0.0,False
latest_final,scenario_015,IN,free_school_meals_eligible,2.17.0,0.0,0.0,0.0,False,0.0,False
latest_final,scenario_015,IN,local_income_tax,2.17.0,0.0,0.0,0.0,False,0.0,False
latest_final,scenario_015,IN,payroll_tax,2.17.0,3442.5,3442.5,3442.5,False,0.0,False
latest_final,scenario_015,IN,head_chip_eligible,2.17.0,0.0,0.0,0.0,False,0.0,False
latest_final,scenario_015,IN,head_medicaid_eligible,2.17.0,0.0,0.0,0.0,False,0.0,False
latest_final,scenario_015,IN,head_medicare_eligible,2.17.0,0.0,0.0,0.0,False,0.0,False
latest_final,scenario_015,IN,head_wic_eligible,2.17.0,0.0,0.0,0.0,False,0.0,False
latest_final,scenario_015,IN,reduced_price_school_meals_eligible,2.17.0,0.0,0.0,0.0,False,0.0,False
latest_final,scenario_015,IN,self_employment_tax,2.17.0,0.0,0.0,0.0,False,0.0,False
latest_final,scenario_015,IN,snap,2.17.0,0.0,0.0,0.0,False,0.0,False
latest_final,scenario_015,IN,ssi,2.17.0,0.0,0.0,0.0,False,0.0,False
latest_final,scenario_015,IN,state_income_tax_before_refundable_credits,2.17.0,1236.3267822265625,1236.3267822265625,1236.3267822265625,False,0.0,False
latest_final,scenario_015,IN,state_refundable_credits,2.17.0,0.0,0.0,0.0,False,0.0,False
latest_final,scenario_015,IN,tanf,2.17.0,0.0,0.0,0.0,False,0.0,False
latest_final,scenario_016,FL,federal_income_tax_before_refundable_credits,2.17.0,0.0,0.0,0.0,False,0.0,False
latest_final,scenario_016,FL,federal_refundable_credits,2.17.0,0.0,0.0,0.0,False,0.0,False
latest_final,scenario_016,FL,free_school_meals_eligible,2.17.0,0.0,0.0,0.0,False,0.0,False
latest_final,scenario_016,FL,local_income_tax,2.17.0,0.0,0.0,0.0,False,0.0,False
latest_final,scenario_016,FL,payroll_tax,2.17.0,2649.80224609375,2649.80224609375,2649.80224609375,False,0.0,False
latest_final,scenario_016,FL,head_chip_eligible,2.17.0,0.0,0.0,0.0,False,0.0,False
latest_final,scenario_016,FL,head_medicaid_eligible,2.17.0,0.0,0.0,0.0,False,0.0,False
latest_final,scenario_016,FL,head_medicare_eligible,2.17.0,0.0,0.0,0.0,False,0.0,False
latest_final,scenario_016,FL,head_wic_eligible,2.17.0,0.0,0.0,0.0,False,0.0,False
latest_final,scenario_016,FL,reduced_price_school_meals_eligible,2.17.0,0.0,0.0,0.0,False,0.0,False
latest_final,scenario_016,FL,self_employment_tax,2.17.0,0.0,0.0,0.0,False,0.0,False
latest_final,scenario_016,FL,snap,2.17.0,0.0,0.0,0.0,False,0.0,False
latest_final,scenario_016,FL,ssi,2.17.0,0.0,0.0,0.0,False,0.0,False
latest_final,scenario_016,FL,state_income_tax_before_refundable_credits,2.17.0,0.0,0.0,0.0,False,0.0,False
latest_final,scenario_016,FL,state_refundable_credits,2.17.0,0.0,0.0,0.0,False,0.0,False
latest_final,scenario_016,FL,tanf,2.17.0,0.0,0.0,0.0,False,0.0,False
latest_final,scenario_018,AZ,federal_income_tax_before_refundable_credits,2.17.0,5211.05078125,5211.05078125,5211.05078125,False,0.0,False
latest_final,scenario_018,AZ,federal_refundable_credits,2.17.0,0.0,0.0,0.0,False,0.0,False
latest_final,scenario_018,AZ,free_school_meals_eligible,2.17.0,0.0,0.0,0.0,False,0.0,False
latest_final,scenario_018,AZ,local_income_tax,2.17.0,0.0,0.0,0.0,False,0.0,False
latest_final,scenario_018,AZ,payroll_tax,2.17.0,5202.38232421875,5202.38232421875,5202.38232421875,False,0.0,False
latest_final,scenario_018,AZ,head_chip_eligible,2.17.0,0.0,0.0,0.0,False,0.0,False
latest_final,scenario_018,AZ,head_medicaid_eligible,2.17.0,0.0,0.0,0.0,False,0.0,False
latest_final,scenario_018,AZ,head_medicare_eligible,2.17.0,0.0,0.0,0.0,False,0.0,False
latest_final,scenario_018,AZ,head_wic_eligible,2.17.0,0.0,0.0,0.0,False,0.0,False
latest_final,scenario_018,AZ,reduced_price_school_meals_eligible,2.17.0,0.0,0.0,0.0,False,0.0,False
latest_final,scenario_018,AZ,self_employment_tax,2.17.0,0.0,0.0,0.0,False,0.0,False
latest_final,scenario_018,AZ,snap,2.17.0,0.0,0.0,0.0,False,0.0,False
latest_final,scenario_018,AZ,ssi,2.17.0,0.0,0.0,0.0,False,0.0,False
latest_final,scenario_018,AZ,state_income_tax_before_refundable_credits,2.17.0,1146.05224609375,1146.05224609375,1146.05224609375,False,0.0,False
latest_final,scenario_018,AZ,state_refundable_credits,2.17.0,0.0,0.0,0.0,False,0.0,False
latest_final,scenario_018,AZ,tanf,2.17.0,0.0,0.0,0.0,False,0.0,False
latest_final,scenario_020,TX,federal_income_tax_before_refundable_credits,2.17.0,68056.7109375,68056.7109375,68334.734375,True,278.0234375,True
latest_final,scenario_020,TX,federal_refundable_credits,2.17.0,0.0,0.0,0.0,False,0.0,False
latest_final,scenario_020,TX,free_school_meals_eligible,2.17.0,0.0,0.0,0.0,False,0.0,False
latest_final,scenario_020,TX,local_income_tax,2.17.0,0.0,0.0,0.0,False,0.0,False
latest_final,scenario_020,TX,payroll_tax,2.17.0,16689.0,16689.0,16689.0,False,0.0,False
latest_final,scenario_020,TX,head_chip_eligible,2.17.0,0.0,0.0,0.0,False,0.0,False
latest_final,scenario_020,TX,head_medicaid_eligible,2.17.0,0.0,0.0,0.0,False,0.0,False
latest_final,scenario_020,TX,head_medicare_eligible,2.17.0,0.0,0.0,0.0,False,0.0,False
latest_final,scenario_020,TX,head_wic_eligible,2.17.0,0.0,0.0,0.0,False,0.0,False
latest_final,scenario_020,TX,reduced_price_school_meals_eligible,2.17.0,0.0,0.0,0.0,False,0.0,False
latest_final,scenario_020,TX,self_employment_tax,2.17.0,0.0,0.0,0.0,False,0.0,False
latest_final,scenario_020,TX,snap,2.17.0,0.0,0.0,0.0,False,0.0,False
latest_final,scenario_020,TX,ssi,2.17.0,0.0,0.0,0.0,False,0.0,False
latest_final,scenario_020,TX,state_income_tax_before_refundable_credits,2.17.0,0.0,0.0,0.0,False,0.0,False
latest_final,scenario_020,TX,state_refundable_credits,2.17.0,0.0,0.0,0.0,False,0.0,False
latest_final,scenario_020,TX,tanf,2.17.0,0.0,0.0,0.0,False,0.0,False
latest_final,scenario_021,MO,federal_income_tax_before_refundable_credits,2.17.0,0.0,0.0,0.0,False,0.0,False
latest_final,scenario_021,MO,federal_refundable_credits,2.17.0,0.0,0.0,0.0,False,0.0,False
latest_final,scenario_021,MO,free_school_meals_eligible,2.17.0,0.0,0.0,0.0,False,0.0,False
latest_final,scenario_021,MO,local_income_tax,2.17.0,0.0,0.0,0.0,False,0.0,False
latest_final,scenario_021,MO,payroll_tax,2.17.0,0.0,0.0,0.0,False,0.0,False
latest_final,scenario_021,MO,head_chip_eligible,2.17.0,0.0,0.0,0.0,False,0.0,False
latest_final,scenario_021,MO,head_medicaid_eligible,2.17.0,0.0,0.0,0.0,False,0.0,False
latest_final,scenario_021,MO,head_medicare_eligible,2.17.0,1.0,1.0,1.0,False,0.0,False
latest_final,scenario_021,MO,head_wic_eligible,2.17.0,0.0,0.0,0.0,False,0.0,False
latest_final,scenario_021,MO,reduced_price_school_meals_eligible,2.17.0,0.0,0.0,0.0,False,0.0,False
latest_final,scenario_021,MO,self_employment_tax,2.17.0,0.0,0.0,0.0,False,0.0,False
latest_final,scenario_021,MO,snap,2.17.0,0.0,0.0,0.0,False,0.0,False
latest_final,scenario_021,MO,ssi,2.17.0,0.0,0.0,0.0,False,0.0,False
latest_final,scenario_021,MO,state_income_tax_before_refundable_credits,2.17.0,0.0,0.0,0.0,False,0.0,False
latest_final,scenario_021,MO,state_refundable_credits,2.17.0,0.0,0.0,0.0,False,0.0,False
latest_final,scenario_021,MO,tanf,2.17.0,0.0,0.0,0.0,False,0.0,False
latest_final,scenario_022,CA,federal_income_tax_before_refundable_credits,2.17.0,11113.5703125,11131.3271484375,11113.5703125,True,0.0,False
latest_final,scenario_022,CA,federal_refundable_credits,2.17.0,0.0,0.0,0.0,False,0.0,False
latest_final,scenario_022,CA,free_school_meals_eligible,2.17.0,0.0,0.0,0.0,False,0.0,False
latest_final,scenario_022,CA,local_income_tax,2.17.0,0.0,0.0,0.0,False,0.0,False
latest_final,scenario_022,CA,payroll_tax,2.17.0,4710.83251953125,4710.83251953125,4710.83251953125,False,0.0,False
latest_final,scenario_022,CA,head_chip_eligible,2.17.0,0.0,0.0,0.0,False,0.0,False
latest_final,scenario_022,CA,head_medicaid_eligible,2.17.0,0.0,0.0,0.0,False,0.0,False
latest_final,scenario_022,CA,head_medicare_eligible,2.17.0,1.0,1.0,1.0,False,0.0,False
latest_final,scenario_022,CA,head_wic_eligible,2.17.0,0.0,0.0,0.0,False,0.0,False
latest_final,scenario_022,CA,reduced_price_school_meals_eligible,2.17.0,0.0,0.0,0.0,False,0.0,False
latest_final,scenario_022,CA,self_employment_tax,2.17.0,0.0,0.0,0.0,False,0.0,False
latest_final,scenario_022,CA,snap,2.17.0,0.0,0.0,0.0,False,0.0,False
latest_final,scenario_022,CA,ssi,2.17.0,0.0,0.0,0.0,False,0.0,False
latest_final,scenario_022,CA,state_income_tax_before_refundable_credits,2.17.0,2439.650146484375,2439.650146484375,2505.8701171875,True,66.219970703125,True
latest_final,scenario_022,CA,state_refundable_credits,2.17.0,0.0,0.0,0.0,False,0.0,False
latest_final,scenario_022,CA,tanf,2.17.0,0.0,0.0,0.0,False,0.0,False
latest_final,scenario_023,CA,federal_income_tax_before_refundable_credits,2.17.0,643.43359375,643.43359375,643.43359375,False,0.0,False
latest_final,scenario_023,CA,federal_refundable_credits,2.17.0,0.0,0.0,0.0,False,0.0,False
latest_final,scenario_023,CA,free_school_meals_eligible,2.17.0,0.0,0.0,0.0,False,0.0,False
latest_final,scenario_023,CA,local_income_tax,2.17.0,0.0,0.0,0.0,False,0.0,False
latest_final,scenario_023,CA,payroll_tax,2.17.0,1561.1168212890625,1561.1168212890625,1561.1168212890625,False,0.0,False
latest_final,scenario_023,CA,head_chip_eligible,2.17.0,0.0,0.0,0.0,False,0.0,False
latest_final,scenario_023,CA,head_medicaid_eligible,2.17.0,1.0,1.0,1.0,False,0.0,False
latest_final,scenario_023,CA,head_medicare_eligible,2.17.0,0.0,0.0,0.0,False,0.0,False
latest_final,scenario_023,CA,head_wic_eligible,2.17.0,0.0,0.0,0.0,False,0.0,False
latest_final,scenario_023,CA,reduced_price_school_meals_eligible,2.17.0,0.0,0.0,0.0,False,0.0,False
latest_final,scenario_023,CA,self_employment_tax,2.17.0,0.0,0.0,0.0,False,0.0,False
latest_final,scenario_023,CA,snap,2.17.0,461.3397216796875,461.3397216796875,408.0,True,-53.3397216796875,True
latest_final,scenario_023,CA,ssi,2.17.0,0.0,0.0,0.0,False,0.0,False
latest_final,scenario_023,CA,state_income_tax_before_refundable_credits,2.17.0,12.776718139648438,6.7984771728515625,12.776718139648438,True,0.0,False
latest_final,scenario_023,CA,state_refundable_credits,2.17.0,95.1540069580078,148.3108673095703,95.15400695800781,True,1.4210854715202004e-14,False
latest_final,scenario_023,CA,tanf,2.17.0,0.0,0.0,0.0,False,0.0,False
latest_final,scenario_025,OH,federal_income_tax_before_refundable_credits,2.17.0,7031.03564453125,7031.03564453125,7031.03564453125,False,0.0,False
latest_final,scenario_025,OH,federal_refundable_credits,2.17.0,0.0,0.0,0.0,False,0.0,False
latest_final,scenario_025,OH,free_school_meals_eligible,2.17.0,0.0,0.0,0.0,False,0.0,False
latest_final,scenario_025,OH,local_income_tax,2.17.0,0.0,0.0,0.0,False,0.0,False
latest_final,scenario_025,OH,payroll_tax,2.17.0,4798.48486328125,4798.48486328125,4798.48486328125,False,0.0,False
latest_final,scenario_025,OH,head_chip_eligible,2.17.0,0.0,0.0,0.0,False,0.0,False
latest_final,scenario_025,OH,spouse_chip_eligible,2.17.0,0.0,0.0,0.0,False,0.0,False
latest_final,scenario_025,OH,head_medicaid_eligible,2.17.0,0.0,0.0,0.0,False,0.0,False
latest_final,scenario_025,OH,spouse_medicaid_eligible,2.17.0,0.0,0.0,0.0,False,0.0,False
latest_final,scenario_025,OH,head_medicare_eligible,2.17.0,0.0,0.0,0.0,False,0.0,False
latest_final,scenario_025,OH,spouse_medicare_eligible,2.17.0,0.0,0.0,0.0,False,0.0,False
latest_final,scenario_025,OH,head_wic_eligible,2.17.0,0.0,0.0,0.0,False,0.0,False
latest_final,scenario_025,OH,spouse_wic_eligible,2.17.0,0.0,0.0,0.0,False,0.0,False
latest_final,scenario_025,OH,reduced_price_school_meals_eligible,2.17.0,0.0,0.0,0.0,False,0.0,False
latest_final,scenario_025,OH,self_employment_tax,2.17.0,0.0,0.0,0.0,False,0.0,False
latest_final,scenario_025,OH,snap,2.17.0,0.0,0.0,0.0,False,0.0,False
latest_final,scenario_025,OH,ssi,2.17.0,0.0,0.0,0.0,False,0.0,False
latest_final,scenario_025,OH,state_income_tax_before_refundable_credits,2.17.0,1921.57275390625,1921.57275390625,1921.57275390625,False,0.0,False
latest_final,scenario_025,OH,state_refundable_credits,2.17.0,0.0,0.0,0.0,False,0.0,False
latest_final,scenario_025,OH,tanf,2.17.0,0.0,0.0,0.0,False,0.0,False
latest_final,scenario_026,NC,federal_income_tax_before_refundable_credits,2.17.0,0.0,0.0,0.0,False,0.0,False
latest_final,scenario_026,NC,federal_refundable_credits,2.17.0,2013.4892578125,2013.4892578125,2013.4892578125,False,0.0,False
latest_final,scenario_026,NC,free_school_meals_eligible,2.17.0,0.0,0.0,0.0,False,0.0,False
latest_final,scenario_026,NC,local_income_tax,2.17.0,0.0,0.0,0.0,False,0.0,False
latest_final,scenario_026,NC,payroll_tax,2.17.0,6518.474609375,6518.474609375,6518.474609375,False,0.0,False
latest_final,scenario_026,NC,head_chip_eligible,2.17.0,0.0,0.0,0.0,False,0.0,False
latest_final,scenario_026,NC,spouse_chip_eligible,2.17.0,0.0,0.0,0.0,False,0.0,False
latest_final,scenario_026,NC,child1_chip_eligible,2.17.0,0.0,0.0,0.0,False,0.0,False
latest_final,scenario_026,NC,child2_chip_eligible,2.17.0,0.0,0.0,0.0,False,0.0,False
latest_final,scenario_026,NC,child3_chip_eligible,2.17.0,0.0,0.0,0.0,False,0.0,False
latest_final,scenario_026,NC,child1_early_head_start_eligible,2.17.0,0.0,0.0,0.0,False,0.0,False
latest_final,scenario_026,NC,child2_early_head_start_eligible,2.17.0,0.0,0.0,0.0,False,0.0,False
latest_final,scenario_026,NC,child3_early_head_start_eligible,2.17.0,0.0,0.0,0.0,False,0.0,False
latest_final,scenario_026,NC,child1_head_start_eligible,2.17.0,0.0,0.0,0.0,False,0.0,False
latest_final,scenario_026,NC,child2_head_start_eligible,2.17.0,0.0,0.0,0.0,False,0.0,False
latest_final,scenario_026,NC,child3_head_start_eligible,2.17.0,0.0,0.0,0.0,False,0.0,False
latest_final,scenario_026,NC,head_medicaid_eligible,2.17.0,0.0,0.0,0.0,False,0.0,False
latest_final,scenario_026,NC,spouse_medicaid_eligible,2.17.0,0.0,0.0,0.0,False,0.0,False
latest_final,scenario_026,NC,child1_medicaid_eligible,2.17.0,1.0,1.0,1.0,False,0.0,False
latest_final,scenario_026,NC,child2_medicaid_eligible,2.17.0,1.0,1.0,1.0,False,0.0,False
latest_final,scenario_026,NC,child3_medicaid_eligible,2.17.0,1.0,1.0,1.0,False,0.0,False
latest_final,scenario_026,NC,head_medicare_eligible,2.17.0,0.0,0.0,0.0,False,0.0,False
latest_final,scenario_026,NC,spouse_medicare_eligible,2.17.0,0.0,0.0,0.0,False,0.0,False
latest_final,scenario_026,NC,child1_medicare_eligible,2.17.0,0.0,0.0,0.0,False,0.0,False
latest_final,scenario_026,NC,child2_medicare_eligible,2.17.0,0.0,0.0,0.0,False,0.0,False
latest_final,scenario_026,NC,child3_medicare_eligible,2.17.0,0.0,0.0,0.0,False,0.0,False
latest_final,scenario_026,NC,head_wic_eligible,2.17.0,0.0,0.0,0.0,False,0.0,False
latest_final,scenario_026,NC,spouse_wic_eligible,2.17.0,0.0,0.0,0.0,False,0.0,False
latest_final,scenario_026,NC,child1_wic_eligible,2.17.0,0.0,0.0,0.0,False,0.0,False
latest_final,scenario_026,NC,child2_wic_eligible,2.17.0,0.0,0.0,0.0,False,0.0,False
latest_final,scenario_026,NC,child3_wic_eligible,2.17.0,0.0,0.0,0.0,False,0.0,False
latest_final,scenario_026,NC,reduced_price_school_meals_eligible,2.17.0,0.0,0.0,0.0,False,0.0,False
latest_final,scenario_026,NC,self_employment_tax,2.17.0,0.0,0.0,0.0,False,0.0,False
latest_final,scenario_026,NC,snap,2.17.0,0.0,0.0,0.0,False,0.0,False
latest_final,scenario_026,NC,ssi,2.17.0,0.0,0.0,0.0,False,0.0,False
latest_final,scenario_026,NC,state_income_tax_before_refundable_credits,2.17.0,2086.79052734375,2086.79052734375,2086.79052734375,False,0.0,False
latest_final,scenario_026,NC,state_refundable_credits,2.17.0,0.0,0.0,0.0,False,0.0,False
latest_final,scenario_026,NC,tanf,2.17.0,0.0,0.0,0.0,False,0.0,False
latest_final,scenario_027,CT,federal_income_tax_before_refundable_credits,2.17.0,0.0,0.0,0.0,False,0.0,False
latest_final,scenario_027,CT,federal_refundable_credits,2.17.0,0.0,0.0,0.0,False,0.0,False
latest_final,scenario_027,CT,free_school_meals_eligible,2.17.0,0.0,0.0,0.0,False,0.0,False
latest_final,scenario_027,CT,local_income_tax,2.17.0,0.0,0.0,0.0,False,0.0,False
latest_final,scenario_027,CT,payroll_tax,2.17.0,0.0,0.0,0.0,False,0.0,False
latest_final,scenario_027,CT,head_chip_eligible,2.17.0,0.0,0.0,0.0,False,0.0,False
latest_final,scenario_027,CT,spouse_chip_eligible,2.17.0,0.0,0.0,0.0,False,0.0,False
latest_final,scenario_027,CT,head_medicaid_eligible,2.17.0,0.0,0.0,0.0,False,0.0,False
latest_final,scenario_027,CT,spouse_medicaid_eligible,2.17.0,0.0,0.0,0.0,False,0.0,False
latest_final,scenario_027,CT,head_medicare_eligible,2.17.0,1.0,1.0,1.0,False,0.0,False
latest_final,scenario_027,CT,spouse_medicare_eligible,2.17.0,0.0,0.0,0.0,False,0.0,False
latest_final,scenario_027,CT,head_wic_eligible,2.17.0,0.0,0.0,0.0,False,0.0,False
latest_final,scenario_027,CT,spouse_wic_eligible,2.17.0,0.0,0.0,0.0,False,0.0,False
latest_final,scenario_027,CT,reduced_price_school_meals_eligible,2.17.0,0.0,0.0,0.0,False,0.0,False
latest_final,scenario_027,CT,self_employment_tax,2.17.0,0.0,0.0,0.0,False,0.0,False
latest_final,scenario_027,CT,snap,2.17.0,288.0,287.68316650390625,288.0,False,0.0,False
latest_final,scenario_027,CT,ssi,2.17.0,0.0,0.0,0.0,False,0.0,False
latest_final,scenario_027,CT,state_income_tax_before_refundable_credits,2.17.0,0.0,0.0,0.0,False,0.0,False
latest_final,scenario_027,CT,state_refundable_credits,2.17.0,0.0,0.0,0.0,False,0.0,False
latest_final,scenario_027,CT,tanf,2.17.0,0.0,0.0,0.0,False,0.0,False
latest_final,scenario_028,PA,federal_income_tax_before_refundable_credits,2.17.0,0.0,0.0,0.0,False,0.0,False
latest_final,scenario_028,PA,federal_refundable_credits,2.17.0,3274.927978515625,3274.927978515625,3274.927978515625,False,0.0,False
latest_final,scenario_028,PA,free_school_meals_eligible,2.17.0,0.0,0.0,0.0,False,0.0,False
latest_final,scenario_028,PA,local_income_tax,2.17.0,0.0,0.0,0.0,False,0.0,False
latest_final,scenario_028,PA,payroll_tax,2.17.0,4632.0,4632.0,4632.0,False,0.0,False
latest_final,scenario_028,PA,head_chip_eligible,2.17.0,0.0,0.0,0.0,False,0.0,False
latest_final,scenario_028,PA,child1_chip_eligible,2.17.0,0.0,0.0,0.0,False,0.0,False
latest_final,scenario_028,PA,child2_chip_eligible,2.17.0,0.0,0.0,0.0,False,0.0,False
latest_final,scenario_028,PA,child3_chip_eligible,2.17.0,0.0,0.0,0.0,False,0.0,False
latest_final,scenario_028,PA,child1_early_head_start_eligible,2.17.0,0.0,0.0,0.0,False,0.0,False
latest_final,scenario_028,PA,child2_early_head_start_eligible,2.17.0,0.0,0.0,0.0,False,0.0,False
latest_final,scenario_028,PA,child3_early_head_start_eligible,2.17.0,0.0,0.0,0.0,False,0.0,False
latest_final,scenario_028,PA,child1_head_start_eligible,2.17.0,0.0,0.0,0.0,False,0.0,False
latest_final,scenario_028,PA,child2_head_start_eligible,2.17.0,0.0,0.0,0.0,False,0.0,False
latest_final,scenario_028,PA,child3_head_start_eligible,2.17.0,0.0,0.0,0.0,False,0.0,False
latest_final,scenario_028,PA,head_medicaid_eligible,2.17.0,0.0,0.0,0.0,False,0.0,False
latest_final,scenario_028,PA,child1_medicaid_eligible,2.17.0,0.0,0.0,0.0,False,0.0,False
latest_final,scenario_028,PA,child2_medicaid_eligible,2.17.0,0.0,0.0,0.0,False,0.0,False
latest_final,scenario_028,PA,child3_medicaid_eligible,2.17.0,0.0,0.0,0.0,False,0.0,False
latest_final,scenario_028,PA,head_medicare_eligible,2.17.0,0.0,0.0,0.0,False,0.0,False
latest_final,scenario_028,PA,child1_medicare_eligible,2.17.0,0.0,0.0,0.0,False,0.0,False
latest_final,scenario_028,PA,child2_medicare_eligible,2.17.0,0.0,0.0,0.0,False,0.0,False
latest_final,scenario_028,PA,child3_medicare_eligible,2.17.0,0.0,0.0,0.0,False,0.0,False
latest_final,scenario_028,PA,head_wic_eligible,2.17.0,0.0,0.0,0.0,False,0.0,False
latest_final,scenario_028,PA,child1_wic_eligible,2.17.0,0.0,0.0,0.0,False,0.0,False
latest_final,scenario_028,PA,child2_wic_eligible,2.17.0,0.0,0.0,0.0,False,0.0,False
latest_final,scenario_028,PA,child3_wic_eligible,2.17.0,0.0,0.0,0.0,False,0.0,False
latest_final,scenario_028,PA,reduced_price_school_meals_eligible,2.17.0,0.0,1.0,0.0,True,0.0,False
latest_final,scenario_028,PA,self_employment_tax,2.17.0,0.0,0.0,0.0,False,0.0,False
latest_final,scenario_028,PA,snap,2.17.0,0.0,0.0,0.0,False,0.0,False
latest_final,scenario_028,PA,ssi,2.17.0,0.0,0.0,0.0,False,0.0,False
latest_final,scenario_028,PA,state_income_tax_before_refundable_credits,2.17.0,1842.3070068359375,1842.3070068359375,1842.3070068359375,False,0.0,False
latest_final,scenario_028,PA,state_refundable_credits,2.17.0,62.41279220581055,62.41279220581055,62.41279220581055,False,0.0,False
latest_final,scenario_028,PA,tanf,2.17.0,0.0,0.0,0.0,False,0.0,False
latest_final,scenario_029,OK,federal_income_tax_before_refundable_credits,2.17.0,0.0,0.0,0.0,False,0.0,False
latest_final,scenario_029,OK,federal_refundable_credits,2.17.0,0.0,0.0,0.0,False,0.0,False
latest_final,scenario_029,OK,free_school_meals_eligible,2.17.0,0.0,0.0,0.0,False,0.0,False
latest_final,scenario_029,OK,local_income_tax,2.17.0,0.0,0.0,0.0,False,0.0,False
latest_final,scenario_029,OK,payroll_tax,2.17.0,0.0,0.0,0.0,False,0.0,False
latest_final,scenario_029,OK,head_chip_eligible,2.17.0,0.0,0.0,0.0,False,0.0,False
latest_final,scenario_029,OK,head_medicaid_eligible,2.17.0,1.0,1.0,1.0,False,0.0,False
latest_final,scenario_029,OK,head_medicare_eligible,2.17.0,0.0,0.0,0.0,False,0.0,False
latest_final,scenario_029,OK,head_wic_eligible,2.17.0,0.0,0.0,0.0,False,0.0,False
latest_final,scenario_029,OK,reduced_price_school_meals_eligible,2.17.0,0.0,0.0,0.0,False,0.0,False
latest_final,scenario_029,OK,self_employment_tax,2.17.0,0.0,0.0,0.0,False,0.0,False
latest_final,scenario_029,OK,snap,2.17.0,0.0,0.0,0.0,False,0.0,False
latest_final,scenario_029,OK,ssi,2.17.0,0.0,0.0,0.0,False,0.0,False
latest_final,scenario_029,OK,state_income_tax_before_refundable_credits,2.17.0,0.0,0.0,0.0,False,0.0,False
latest_final,scenario_029,OK,state_refundable_credits,2.17.0,40.0,40.0,40.0,False,0.0,False
latest_final,scenario_029,OK,tanf,2.17.0,0.0,0.0,0.0,False,0.0,False
latest_final,scenario_030,TX,federal_income_tax_before_refundable_credits,2.17.0,0.0,0.0,0.0,False,0.0,False
latest_final,scenario_030,TX,federal_refundable_credits,2.17.0,0.0,0.0,0.0,False,0.0,False
latest_final,scenario_030,TX,free_school_meals_eligible,2.17.0,0.0,0.0,0.0,False,0.0,False
latest_final,scenario_030,TX,local_income_tax,2.17.0,0.0,0.0,0.0,False,0.0,False
latest_final,scenario_030,TX,payroll_tax,2.17.0,994.5,994.5,994.5,False,0.0,False
latest_final,scenario_030,TX,head_chip_eligible,2.17.0,0.0,0.0,0.0,False,0.0,False
latest_final,scenario_030,TX,head_medicaid_eligible,2.17.0,1.0,1.0,1.0,False,0.0,False
latest_final,scenario_030,TX,head_medicare_eligible,2.17.0,0.0,0.0,0.0,False,0.0,False
latest_final,scenario_030,TX,head_wic_eligible,2.17.0,1.0,1.0,1.0,False,0.0,False
latest_final,scenario_030,TX,reduced_price_school_meals_eligible,2.17.0,0.0,0.0,0.0,False,0.0,False
latest_final,scenario_030,TX,self_employment_tax,2.17.0,0.0,0.0,0.0,False,0.0,False
latest_final,scenario_030,TX,snap,2.17.0,288.0,287.68316650390625,288.0,False,0.0,False
latest_final,scenario_030,TX,ssi,2.17.0,0.0,0.0,0.0,False,0.0,False
latest_final,scenario_030,TX,state_income_tax_before_refundable_credits,2.17.0,0.0,0.0,0.0,False,0.0,False
latest_final,scenario_030,TX,state_refundable_credits,2.17.0,0.0,0.0,0.0,False,0.0,False
latest_final,scenario_030,TX,tanf,2.17.0,0.0,0.0,0.0,False,0.0,False
latest_final,scenario_031,CA,federal_income_tax_before_refundable_credits,2.17.0,0.0,0.0,0.0,False,0.0,False
latest_final,scenario_031,CA,federal_refundable_credits,2.17.0,0.0,0.0,0.0,False,0.0,False
latest_final,scenario_031,CA,free_school_meals_eligible,2.17.0,0.0,0.0,0.0,False,0.0,False
latest_final,scenario_031,CA,local_income_tax,2.17.0,0.0,0.0,0.0,False,0.0,False
latest_final,scenario_031,CA,payroll_tax,2.17.0,0.0,0.0,0.0,False,0.0,False
latest_final,scenario_031,CA,head_chip_eligible,2.17.0,0.0,0.0,0.0,False,0.0,False
latest_final,scenario_031,CA,head_medicaid_eligible,2.17.0,1.0,1.0,1.0,False,0.0,False
latest_final,scenario_031,CA,head_medicare_eligible,2.17.0,1.0,1.0,1.0,False,0.0,False
latest_final,scenario_031,CA,head_wic_eligible,2.17.0,0.0,0.0,0.0,False,0.0,False
latest_final,scenario_031,CA,reduced_price_school_meals_eligible,2.17.0,0.0,0.0,0.0,False,0.0,False
latest_final,scenario_031,CA,self_employment_tax,2.17.0,0.0,0.0,0.0,False,0.0,False
latest_final,scenario_031,CA,snap,2.17.0,0.0,0.0,0.0,False,0.0,False
latest_final,scenario_031,CA,ssi,2.17.0,0.0,0.0,0.0,False,0.0,False
latest_final,scenario_031,CA,state_income_tax_before_refundable_credits,2.17.0,0.0,0.0,0.0,False,0.0,False
latest_final,scenario_031,CA,state_refundable_credits,2.17.0,0.0,0.0,0.0,False,0.0,False
latest_final,scenario_031,CA,tanf,2.17.0,0.0,0.0,0.0,False,0.0,False
latest_final,scenario_032,MN,federal_income_tax_before_refundable_credits,2.17.0,0.0,0.0,0.0,False,0.0,False
latest_final,scenario_032,MN,federal_refundable_credits,2.17.0,6127.0,6127.0,6127.0,False,0.0,False
latest_final,scenario_032,MN,free_school_meals_eligible,2.17.0,1.0,1.0,1.0,False,0.0,False
latest_final,scenario_032,MN,local_income_tax,2.17.0,0.0,0.0,0.0,False,0.0,False
latest_final,scenario_032,MN,payroll_tax,2.17.0,2346.10009765625,2346.10009765625,2346.10009765625,False,0.0,False
latest_final,scenario_032,MN,head_chip_eligible,2.17.0,0.0,0.0,0.0,False,0.0,False
latest_final,scenario_032,MN,spouse_chip_eligible,2.17.0,0.0,0.0,0.0,False,0.0,False
latest_final,scenario_032,MN,child1_chip_eligible,2.17.0,0.0,0.0,0.0,False,0.0,False
latest_final,scenario_032,MN,child1_early_head_start_eligible,2.17.0,0.0,0.0,0.0,False,0.0,False
latest_final,scenario_032,MN,child1_head_start_eligible,2.17.0,0.0,0.0,0.0,False,0.0,False
latest_final,scenario_032,MN,head_medicaid_eligible,2.17.0,0.0,0.0,0.0,False,0.0,False
latest_final,scenario_032,MN,spouse_medicaid_eligible,2.17.0,1.0,1.0,1.0,False,0.0,False
latest_final,scenario_032,MN,child1_medicaid_eligible,2.17.0,1.0,1.0,1.0,False,0.0,False
latest_final,scenario_032,MN,head_medicare_eligible,2.17.0,0.0,0.0,0.0,False,0.0,False
latest_final,scenario_032,MN,spouse_medicare_eligible,2.17.0,0.0,0.0,0.0,False,0.0,False
latest_final,scenario_032,MN,child1_medicare_eligible,2.17.0,0.0,0.0,0.0,False,0.0,False
latest_final,scenario_032,MN,head_wic_eligible,2.17.0,0.0,0.0,0.0,False,0.0,False
latest_final,scenario_032,MN,spouse_wic_eligible,2.17.0,0.0,0.0,0.0,False,0.0,False
latest_final,scenario_032,MN,child1_wic_eligible,2.17.0,0.0,0.0,0.0,False,0.0,False
latest_final,scenario_032,MN,reduced_price_school_meals_eligible,2.17.0,0.0,0.0,0.0,False,0.0,False
latest_final,scenario_032,MN,self_employment_tax,2.17.0,0.0,0.0,0.0,False,0.0,False
latest_final,scenario_032,MN,snap,2.17.0,0.0,0.0,0.0,False,0.0,False
latest_final,scenario_032,MN,ssi,2.17.0,0.0,0.0,0.0,False,0.0,False
latest_final,scenario_032,MN,state_income_tax_before_refundable_credits,2.17.0,0.0,0.0,0.0,False,0.0,False
latest_final,scenario_032,MN,state_refundable_credits,2.17.0,2187.60009765625,2187.60009765625,2187.60009765625,False,0.0,False
latest_final,scenario_032,MN,tanf,2.17.0,0.0,0.0,0.0,False,0.0,False
latest_final,scenario_033,SD,federal_income_tax_before_refundable_credits,2.17.0,3818.148193359375,3788.988037109375,3818.148193359375,True,0.0,False
latest_final,scenario_033,SD,federal_refundable_credits,2.17.0,0.0,0.0,0.0,False,0.0,False
latest_final,scenario_033,SD,free_school_meals_eligible,2.17.0,0.0,0.0,0.0,False,0.0,False
latest_final,scenario_033,SD,local_income_tax,2.17.0,0.0,0.0,0.0,False,0.0,False
latest_final,scenario_033,SD,payroll_tax,2.17.0,6043.5,6043.5,6043.5,False,0.0,False
latest_final,scenario_033,SD,head_chip_eligible,2.17.0,0.0,0.0,0.0,False,0.0,False
latest_final,scenario_033,SD,spouse_chip_eligible,2.17.0,0.0,0.0,0.0,False,0.0,False
latest_final,scenario_033,SD,head_medicaid_eligible,2.17.0,0.0,0.0,0.0,False,0.0,False
latest_final,scenario_033,SD,spouse_medicaid_eligible,2.17.0,0.0,0.0,0.0,False,0.0,False
latest_final,scenario_033,SD,head_medicare_eligible,2.17.0,1.0,1.0,1.0,False,0.0,False
latest_final,scenario_033,SD,spouse_medicare_eligible,2.17.0,1.0,1.0,1.0,False,0.0,False
latest_final,scenario_033,SD,head_wic_eligible,2.17.0,0.0,0.0,0.0,False,0.0,False
latest_final,scenario_033,SD,spouse_wic_eligible,2.17.0,0.0,0.0,0.0,False,0.0,False
latest_final,scenario_033,SD,reduced_price_school_meals_eligible,2.17.0,0.0,0.0,0.0,False,0.0,False
latest_final,scenario_033,SD,self_employment_tax,2.17.0,0.0,0.0,0.0,False,0.0,False
latest_final,scenario_033,SD,snap,2.17.0,0.0,0.0,0.0,False,0.0,False
latest_final,scenario_033,SD,ssi,2.17.0,0.0,0.0,0.0,False,0.0,False
latest_final,scenario_033,SD,state_income_tax_before_refundable_credits,2.17.0,0.0,0.0,0.0,False,0.0,False
latest_final,scenario_033,SD,state_refundable_credits,2.17.0,0.0,0.0,0.0,False,0.0,False
latest_final,scenario_033,SD,tanf,2.17.0,0.0,0.0,0.0,False,0.0,False
latest_final,scenario_036,NJ,federal_income_tax_before_refundable_credits,2.17.0,4926.39990234375,4926.39990234375,4926.39990234375,False,0.0,False
latest_final,scenario_036,NJ,federal_refundable_credits,2.17.0,0.0,0.0,0.0,False,0.0,False
latest_final,scenario_036,NJ,free_school_meals_eligible,2.17.0,0.0,0.0,0.0,False,0.0,False
latest_final,scenario_036,NJ,local_income_tax,2.17.0,0.0,0.0,0.0,False,0.0,False
latest_final,scenario_036,NJ,payroll_tax,2.17.0,0.0,0.0,0.0,False,0.0,False
latest_final,scenario_036,NJ,head_chip_eligible,2.17.0,0.0,0.0,0.0,False,0.0,False
latest_final,scenario_036,NJ,head_medicaid_eligible,2.17.0,0.0,0.0,0.0,False,0.0,False
latest_final,scenario_036,NJ,head_medicare_eligible,2.17.0,0.0,0.0,0.0,False,0.0,False
latest_final,scenario_036,NJ,head_wic_eligible,2.17.0,0.0,0.0,0.0,False,0.0,False
latest_final,scenario_036,NJ,reduced_price_school_meals_eligible,2.17.0,0.0,0.0,0.0,False,0.0,False
latest_final,scenario_036,NJ,self_employment_tax,2.17.0,0.0,0.0,0.0,False,0.0,False
latest_final,scenario_036,NJ,snap,2.17.0,0.0,0.0,0.0,False,0.0,False
latest_final,scenario_036,NJ,ssi,2.17.0,0.0,0.0,0.0,False,0.0,False
latest_final,scenario_036,NJ,state_income_tax_before_refundable_credits,2.17.0,1724.155029296875,1724.155029296875,1724.155029296875,False,0.0,False
latest_final,scenario_036,NJ,state_refundable_credits,2.17.0,0.0,0.0,0.0,False,0.0,False
latest_final,scenario_036,NJ,tanf,2.17.0,0.0,0.0,0.0,False,0.0,False
latest_final,scenario_037,NC,federal_income_tax_before_refundable_credits,2.17.0,1649.2513427734375,1649.2513427734375,1649.2513427734375,False,0.0,False
latest_final,scenario_037,NC,federal_refundable_credits,2.17.0,0.0,0.0,0.0,False,0.0,False
latest_final,scenario_037,NC,free_school_meals_eligible,2.17.0,0.0,0.0,0.0,False,0.0,False
latest_final,scenario_037,NC,local_income_tax,2.17.0,0.0,0.0,0.0,False,0.0,False
latest_final,scenario_037,NC,payroll_tax,2.17.0,3208.668701171875,3208.668701171875,3208.668701171875,False,0.0,False
latest_final,scenario_037,NC,head_chip_eligible,2.17.0,0.0,0.0,0.0,False,0.0,False
latest_final,scenario_037,NC,head_medicaid_eligible,2.17.0,0.0,0.0,0.0,False,0.0,False
latest_final,scenario_037,NC,head_medicare_eligible,2.17.0,0.0,0.0,0.0,False,0.0,False
latest_final,scenario_037,NC,head_wic_eligible,2.17.0,0.0,0.0,0.0,False,0.0,False
latest_final,scenario_037,NC,reduced_price_school_meals_eligible,2.17.0,0.0,0.0,0.0,False,0.0,False
latest_final,scenario_037,NC,self_employment_tax,2.17.0,0.0,0.0,0.0,False,0.0,False
latest_final,scenario_037,NC,snap,2.17.0,0.0,0.0,0.0,False,0.0,False
latest_final,scenario_037,NC,ssi,2.17.0,0.0,0.0,0.0,False,0.0,False
latest_final,scenario_037,NC,state_income_tax_before_refundable_credits,2.17.0,1148.69921875,1148.69921875,1148.69921875,False,0.0,False
latest_final,scenario_037,NC,state_refundable_credits,2.17.0,0.0,0.0,0.0,False,0.0,False
latest_final,scenario_037,NC,tanf,2.17.0,0.0,0.0,0.0,False,0.0,False
latest_final,scenario_038,LA,federal_income_tax_before_refundable_credits,2.17.0,0.0,0.0,0.0,False,0.0,False
latest_final,scenario_038,LA,federal_refundable_credits,2.17.0,10225.353515625,10225.353515625,10225.353515625,False,0.0,False
latest_final,scenario_038,LA,free_school_meals_eligible,2.17.0,1.0,1.0,1.0,False,0.0,False
latest_final,scenario_038,LA,local_income_tax,2.17.0,0.0,0.0,0.0,False,0.0,False
latest_final,scenario_038,LA,payroll_tax,2.17.0,571.2637329101562,571.2637329101562,571.2637329101562,False,0.0,False
latest_final,scenario_038,LA,head_chip_eligible,2.17.0,0.0,0.0,0.0,False,0.0,False
latest_final,scenario_038,LA,spouse_chip_eligible,2.17.0,0.0,0.0,0.0,False,0.0,False
latest_final,scenario_038,LA,child1_chip_eligible,2.17.0,0.0,0.0,0.0,False,0.0,False
latest_final,scenario_038,LA,child2_chip_eligible,2.17.0,0.0,0.0,0.0,False,0.0,False
latest_final,scenario_038,LA,child1_early_head_start_eligible,2.17.0,0.0,0.0,0.0,False,0.0,False
latest_final,scenario_038,LA,child2_early_head_start_eligible,2.17.0,0.0,0.0,0.0,False,0.0,False
latest_final,scenario_038,LA,child1_head_start_eligible,2.17.0,0.0,0.0,0.0,False,0.0,False
latest_final,scenario_038,LA,child2_head_start_eligible,2.17.0,0.0,0.0,0.0,False,0.0,False
latest_final,scenario_038,LA,head_medicaid_eligible,2.17.0,1.0,1.0,1.0,False,0.0,False
latest_final,scenario_038,LA,spouse_medicaid_eligible,2.17.0,1.0,1.0,1.0,False,0.0,False
latest_final,scenario_038,LA,child1_medicaid_eligible,2.17.0,1.0,1.0,1.0,False,0.0,False
latest_final,scenario_038,LA,child2_medicaid_eligible,2.17.0,1.0,1.0,1.0,False,0.0,False
latest_final,scenario_038,LA,head_medicare_eligible,2.17.0,0.0,0.0,0.0,False,0.0,False
latest_final,scenario_038,LA,spouse_medicare_eligible,2.17.0,0.0,0.0,0.0,False,0.0,False
latest_final,scenario_038,LA,child1_medicare_eligible,2.17.0,0.0,0.0,0.0,False,0.0,False
latest_final,scenario_038,LA,child2_medicare_eligible,2.17.0,0.0,0.0,0.0,False,0.0,False
latest_final,scenario_038,LA,head_wic_eligible,2.17.0,0.0,0.0,0.0,False,0.0,False
latest_final,scenario_038,LA,spouse_wic_eligible,2.17.0,0.0,0.0,0.0,False,0.0,False
latest_final,scenario_038,LA,child1_wic_eligible,2.17.0,0.0,0.0,0.0,False,0.0,False
latest_final,scenario_038,LA,child2_wic_eligible,2.17.0,0.0,0.0,0.0,False,0.0,False
latest_final,scenario_038,LA,reduced_price_school_meals_eligible,2.17.0,0.0,0.0,0.0,False,0.0,False
latest_final,scenario_038,LA,self_employment_tax,2.17.0,2193.612548828125,2193.612548828125,2193.612548828125,False,0.0,False
latest_final,scenario_038,LA,snap,2.17.0,7212.0,7286.9443359375,7212.0,True,0.0,False
latest_final,scenario_038,LA,ssi,2.17.0,0.0,0.0,0.0,False,0.0,False
latest_final,scenario_038,LA,state_income_tax_before_refundable_credits,2.17.0,0.0,0.0,0.0,False,0.0,False
latest_final,scenario_038,LA,state_refundable_credits,2.17.0,365.8000183105469,365.8000183105469,365.8000183105469,False,0.0,False
latest_final,scenario_038,LA,tanf,2.17.0,0.0,0.0,0.0,False,0.0,False
latest_final,scenario_039,VA,federal_income_tax_before_refundable_credits,2.17.0,1345.510498046875,1345.510498046875,1345.510498046875,False,0.0,False
latest_final,scenario_039,VA,federal_refundable_credits,2.17.0,0.0,0.0,0.0,False,0.0,False
latest_final,scenario_039,VA,free_school_meals_eligible,2.17.0,0.0,0.0,0.0,False,0.0,False
latest_final,scenario_039,VA,local_income_tax,2.17.0,0.0,0.0,0.0,False,0.0,False
latest_final,scenario_039,VA,payroll_tax,2.17.0,0.0,0.0,0.0,False,0.0,False
latest_final,scenario_039,VA,head_chip_eligible,2.17.0,0.0,0.0,0.0,False,0.0,False
latest_final,scenario_039,VA,head_medicaid_eligible,2.17.0,0.0,0.0,0.0,False,0.0,False
latest_final,scenario_039,VA,head_medicare_eligible,2.17.0,0.0,0.0,0.0,False,0.0,False
latest_final,scenario_039,VA,head_wic_eligible,2.17.0,0.0,0.0,0.0,False,0.0,False
latest_final,scenario_039,VA,reduced_price_school_meals_eligible,2.17.0,0.0,0.0,0.0,False,0.0,False
latest_final,scenario_039,VA,self_employment_tax,2.17.0,0.0,0.0,0.0,False,0.0,False
latest_final,scenario_039,VA,snap,2.17.0,0.0,0.0,0.0,False,0.0,False
latest_final,scenario_039,VA,ssi,2.17.0,0.0,0.0,0.0,False,0.0,False
latest_final,scenario_039,VA,state_income_tax_before_refundable_credits,2.17.0,514.4984130859375,514.4984130859375,514.4984130859375,False,0.0,False
latest_final,scenario_039,VA,state_refundable_credits,2.17.0,0.0,0.0,0.0,False,0.0,False
latest_final,scenario_039,VA,tanf,2.17.0,0.0,0.0,0.0,False,0.0,False
latest_final,scenario_040,AZ,federal_income_tax_before_refundable_credits,2.17.0,0.0,0.0,0.0,False,0.0,False
latest_final,scenario_040,AZ,federal_refundable_credits,2.17.0,0.0,0.0,0.0,False,0.0,False
latest_final,scenario_040,AZ,free_school_meals_eligible,2.17.0,0.0,0.0,0.0,False,0.0,False
latest_final,scenario_040,AZ,local_income_tax,2.17.0,0.0,0.0,0.0,False,0.0,False
latest_final,scenario_040,AZ,payroll_tax,2.17.0,2142.0,2142.0,2142.0,False,0.0,False
latest_final,scenario_040,AZ,head_chip_eligible,2.17.0,0.0,0.0,0.0,False,0.0,False
latest_final,scenario_040,AZ,spouse_chip_eligible,2.17.0,0.0,0.0,0.0,False,0.0,False
latest_final,scenario_040,AZ,head_medicaid_eligible,2.17.0,0.0,0.0,0.0,False,0.0,False
latest_final,scenario_040,AZ,spouse_medicaid_eligible,2.17.0,0.0,0.0,0.0,False,0.0,False
latest_final,scenario_040,AZ,head_medicare_eligible,2.17.0,1.0,1.0,1.0,False,0.0,False
latest_final,scenario_040,AZ,spouse_medicare_eligible,2.17.0,1.0,1.0,1.0,False,0.0,False
latest_final,scenario_040,AZ,head_wic_eligible,2.17.0,0.0,0.0,0.0,False,0.0,False
latest_final,scenario_040,AZ,spouse_wic_eligible,2.17.0,0.0,0.0,0.0,False,0.0,False
latest_final,scenario_040,AZ,reduced_price_school_meals_eligible,2.17.0,0.0,0.0,0.0,False,0.0,False
latest_final,scenario_040,AZ,self_employment_tax,2.17.0,0.0,0.0,0.0,False,0.0,False
latest_final,scenario_040,AZ,snap,2.17.0,0.0,0.0,0.0,False,0.0,False
latest_final,scenario_040,AZ,ssi,2.17.0,0.0,0.0,0.0,False,0.0,False
latest_final,scenario_040,AZ,state_income_tax_before_refundable_credits,2.17.0,0.0,0.0,0.0,False,0.0,False
latest_final,scenario_040,AZ,state_refundable_credits,2.17.0,0.0,0.0,0.0,False,0.0,False
latest_final,scenario_040,AZ,tanf,2.17.0,0.0,0.0,0.0,False,0.0,False
latest_final,scenario_042,WI,federal_income_tax_before_refundable_credits,2.17.0,2361.96484375,1979.1583251953125,2361.96484375,True,0.0,False
latest_final,scenario_042,WI,federal_refundable_credits,2.17.0,0.0,0.0,0.0,False,0.0,False
latest_final,scenario_042,WI,free_school_meals_eligible,2.17.0,0.0,0.0,0.0,False,0.0,False
latest_final,scenario_042,WI,local_income_tax,2.17.0,0.0,0.0,0.0,False,0.0,False
latest_final,scenario_042,WI,payroll_tax,2.17.0,0.0,0.0,0.0,False,0.0,False
latest_final,scenario_042,WI,head_chip_eligible,2.17.0,0.0,0.0,0.0,False,0.0,False
latest_final,scenario_042,WI,head_medicaid_eligible,2.17.0,0.0,0.0,0.0,False,0.0,False
latest_final,scenario_042,WI,head_medicare_eligible,2.17.0,1.0,1.0,1.0,False,0.0,False
latest_final,scenario_042,WI,head_wic_eligible,2.17.0,0.0,0.0,0.0,False,0.0,False
latest_final,scenario_042,WI,reduced_price_school_meals_eligible,2.17.0,0.0,0.0,0.0,False,0.0,False
latest_final,scenario_042,WI,self_employment_tax,2.17.0,0.0,0.0,0.0,False,0.0,False
latest_final,scenario_042,WI,snap,2.17.0,0.0,0.0,0.0,False,0.0,False
latest_final,scenario_042,WI,ssi,2.17.0,0.0,0.0,0.0,False,0.0,False
latest_final,scenario_042,WI,state_income_tax_before_refundable_credits,2.17.0,284.74090576171875,284.74090576171875,464.18280029296875,True,179.44189453125,True
latest_final,scenario_042,WI,state_refundable_credits,2.17.0,0.0,0.0,0.0,False,0.0,False
latest_final,scenario_042,WI,tanf,2.17.0,0.0,0.0,0.0,False,0.0,False
latest_final,scenario_043,CO,federal_income_tax_before_refundable_credits,2.17.0,0.0,0.0,0.0,False,0.0,False
latest_final,scenario_043,CO,federal_refundable_credits,2.17.0,0.0,0.0,0.0,False,0.0,False
latest_final,scenario_043,CO,free_school_meals_eligible,2.17.0,0.0,0.0,0.0,False,0.0,False
latest_final,scenario_043,CO,local_income_tax,2.17.0,0.0,0.0,0.0,False,0.0,False
latest_final,scenario_043,CO,payroll_tax,2.17.0,330.7310791015625,330.7310791015625,330.7310791015625,False,0.0,False
latest_final,scenario_043,CO,head_chip_eligible,2.17.0,0.0,0.0,0.0,False,0.0,False
latest_final,scenario_043,CO,head_medicaid_eligible,2.17.0,0.0,0.0,0.0,False,0.0,False
latest_final,scenario_043,CO,head_medicare_eligible,2.17.0,1.0,1.0,1.0,False,0.0,False
latest_final,scenario_043,CO,head_wic_eligible,2.17.0,0.0,0.0,0.0,False,0.0,False
latest_final,scenario_043,CO,reduced_price_school_meals_eligible,2.17.0,0.0,0.0,0.0,False,0.0,False
latest_final,scenario_043,CO,self_employment_tax,2.17.0,0.0,0.0,0.0,False,0.0,False
latest_final,scenario_043,CO,snap,2.17.0,3576.0,3596.039794921875,3576.0,True,0.0,False
latest_final,scenario_043,CO,ssi,2.17.0,0.0,0.0,0.0,False,0.0,False
latest_final,scenario_043,CO,state_income_tax_before_refundable_credits,2.17.0,0.0,0.0,0.0,False,0.0,False
latest_final,scenario_043,CO,state_refundable_credits,2.17.0,19.0,19.0,19.0,False,0.0,False
latest_final,scenario_043,CO,tanf,2.17.0,0.0,0.0,0.0,False,0.0,False
latest_final,scenario_044,KS,federal_income_tax_before_refundable_credits,2.17.0,0.0,0.0,0.0,False,0.0,False
latest_final,scenario_044,KS,federal_refundable_credits,2.17.0,0.0,0.0,0.0,False,0.0,False
latest_final,scenario_044,KS,free_school_meals_eligible,2.17.0,0.0,0.0,0.0,False,0.0,False
latest_final,scenario_044,KS,local_income_tax,2.17.0,0.0,0.0,0.0,False,0.0,False
latest_final,scenario_044,KS,payroll_tax,2.17.0,0.0,0.0,0.0,False,0.0,False
latest_final,scenario_044,KS,head_chip_eligible,2.17.0,0.0,0.0,0.0,False,0.0,False
latest_final,scenario_044,KS,spouse_chip_eligible,2.17.0,0.0,0.0,0.0,False,0.0,False
latest_final,scenario_044,KS,head_medicaid_eligible,2.17.0,0.0,0.0,0.0,False,0.0,False
latest_final,scenario_044,KS,spouse_medicaid_eligible,2.17.0,0.0,0.0,0.0,False,0.0,False
latest_final,scenario_044,KS,head_medicare_eligible,2.17.0,1.0,1.0,1.0,False,0.0,False
latest_final,scenario_044,KS,spouse_medicare_eligible,2.17.0,0.0,0.0,0.0,False,0.0,False
latest_final,scenario_044,KS,head_wic_eligible,2.17.0,0.0,0.0,0.0,False,0.0,False
latest_final,scenario_044,KS,spouse_wic_eligible,2.17.0,0.0,0.0,0.0,False,0.0,False
latest_final,scenario_044,KS,reduced_price_school_meals_eligible,2.17.0,0.0,0.0,0.0,False,0.0,False
latest_final,scenario_044,KS,self_employment_tax,2.17.0,0.0,0.0,0.0,False,0.0,False
latest_final,scenario_044,KS,snap,2.17.0,0.0,0.0,0.0,False,0.0,False
latest_final,scenario_044,KS,ssi,2.17.0,0.0,0.0,0.0,False,0.0,False
latest_final,scenario_044,KS,state_income_tax_before_refundable_credits,2.17.0,0.0,0.0,0.0,False,0.0,False
latest_final,scenario_044,KS,state_refundable_credits,2.17.0,0.0,0.0,0.0,False,0.0,False
latest_final,scenario_044,KS,tanf,2.17.0,0.0,0.0,0.0,False,0.0,False
latest_final,scenario_045,MI,federal_income_tax_before_refundable_credits,2.17.0,2173.07080078125,2173.07080078125,2173.07080078125,False,0.0,False
latest_final,scenario_045,MI,federal_refundable_credits,2.17.0,0.0,0.0,0.0,False,0.0,False
latest_final,scenario_045,MI,free_school_meals_eligible,2.17.0,0.0,0.0,0.0,False,0.0,False
latest_final,scenario_045,MI,local_income_tax,2.17.0,0.0,0.0,0.0,False,0.0,False
latest_final,scenario_045,MI,payroll_tax,2.17.0,2775.08251953125,2775.08251953125,2775.08251953125,False,0.0,False
latest_final,scenario_045,MI,head_chip_eligible,2.17.0,0.0,0.0,0.0,False,0.0,False
latest_final,scenario_045,MI,head_medicaid_eligible,2.17.0,0.0,0.0,0.0,False,0.0,False
latest_final,scenario_045,MI,head_medicare_eligible,2.17.0,0.0,0.0,0.0,False,0.0,False
latest_final,scenario_045,MI,head_wic_eligible,2.17.0,0.0,0.0,0.0,False,0.0,False
latest_final,scenario_045,MI,reduced_price_school_meals_eligible,2.17.0,0.0,0.0,0.0,False,0.0,False
latest_final,scenario_045,MI,self_employment_tax,2.17.0,0.0,0.0,0.0,False,0.0,False
latest_final,scenario_045,MI,snap,2.17.0,0.0,287.68316650390625,0.0,True,0.0,False
latest_final,scenario_045,MI,ssi,2.17.0,0.0,0.0,0.0,False,0.0,False
latest_final,scenario_045,MI,state_income_tax_before_refundable_credits,2.17.0,1290.9625244140625,1288.8375244140625,1290.9625244140625,True,0.0,False
latest_final,scenario_045,MI,state_refundable_credits,2.17.0,760.7887573242188,760.7887573242188,760.7887573242188,False,0.0,False
latest_final,scenario_045,MI,tanf,2.17.0,0.0,0.0,0.0,False,0.0,False
latest_final,scenario_046,OK,federal_income_tax_before_refundable_credits,2.17.0,499.71484375,499.71484375,499.71484375,False,0.0,False
latest_final,scenario_046,OK,federal_refundable_credits,2.17.0,0.0,0.0,0.0,False,0.0,False
latest_final,scenario_046,OK,free_school_meals_eligible,2.17.0,0.0,0.0,0.0,False,0.0,False
latest_final,scenario_046,OK,local_income_tax,2.17.0,0.0,0.0,0.0,False,0.0,False
latest_final,scenario_046,OK,payroll_tax,2.17.0,7038.0,7038.0,7038.0,False,0.0,False
latest_final,scenario_046,OK,head_chip_eligible,2.17.0,0.0,0.0,0.0,False,0.0,False
latest_final,scenario_046,OK,spouse_chip_eligible,2.17.0,0.0,0.0,0.0,False,0.0,False
latest_final,scenario_046,OK,child1_chip_eligible,2.17.0,0.0,0.0,0.0,False,0.0,False
latest_final,scenario_046,OK,child2_chip_eligible,2.17.0,0.0,0.0,0.0,False,0.0,False
latest_final,scenario_046,OK,child1_early_head_start_eligible,2.17.0,0.0,0.0,0.0,False,0.0,False
latest_final,scenario_046,OK,child2_early_head_start_eligible,2.17.0,0.0,0.0,0.0,False,0.0,False
latest_final,scenario_046,OK,child1_head_start_eligible,2.17.0,0.0,0.0,0.0,False,0.0,False
latest_final,scenario_046,OK,child2_head_start_eligible,2.17.0,0.0,0.0,0.0,False,0.0,False
latest_final,scenario_046,OK,head_medicaid_eligible,2.17.0,0.0,0.0,0.0,False,0.0,False
latest_final,scenario_046,OK,spouse_medicaid_eligible,2.17.0,0.0,0.0,0.0,False,0.0,False
latest_final,scenario_046,OK,child1_medicaid_eligible,2.17.0,0.0,0.0,0.0,False,0.0,False
latest_final,scenario_046,OK,child2_medicaid_eligible,2.17.0,0.0,0.0,0.0,False,0.0,False
latest_final,scenario_046,OK,head_medicare_eligible,2.17.0,0.0,0.0,0.0,False,0.0,False
latest_final,scenario_046,OK,spouse_medicare_eligible,2.17.0,0.0,0.0,0.0,False,0.0,False
latest_final,scenario_046,OK,child1_medicare_eligible,2.17.0,0.0,0.0,0.0,False,0.0,False
latest_final,scenario_046,OK,child2_medicare_eligible,2.17.0,0.0,0.0,0.0,False,0.0,False
latest_final,scenario_046,OK,head_wic_eligible,2.17.0,0.0,0.0,0.0,False,0.0,False
latest_final,scenario_046,OK,spouse_wic_eligible,2.17.0,0.0,0.0,0.0,False,0.0,False
latest_final,scenario_046,OK,child1_wic_eligible,2.17.0,0.0,0.0,0.0,False,0.0,False
latest_final,scenario_046,OK,child2_wic_eligible,2.17.0,0.0,0.0,0.0,False,0.0,False
latest_final,scenario_046,OK,reduced_price_school_meals_eligible,2.17.0,0.0,0.0,0.0,False,0.0,False
latest_final,scenario_046,OK,self_employment_tax,2.17.0,0.0,0.0,0.0,False,0.0,False
latest_final,scenario_046,OK,snap,2.17.0,0.0,0.0,0.0,False,0.0,False
latest_final,scenario_046,OK,ssi,2.17.0,0.0,0.0,0.0,False,0.0,False
latest_final,scenario_046,OK,state_income_tax_before_refundable_credits,2.17.0,2739.135009765625,2739.135009765625,2739.135009765625,False,0.0,False
latest_final,scenario_046,OK,state_refundable_credits,2.17.0,0.0,0.0,0.0,False,0.0,False
latest_final,scenario_046,OK,tanf,2.17.0,0.0,0.0,0.0,False,0.0,False
latest_final,scenario_048,OH,federal_income_tax_before_refundable_credits,2.17.0,0.0,0.0,0.0,False,0.0,False
latest_final,scenario_048,OH,federal_refundable_credits,2.17.0,0.0,0.0,0.0,False,0.0,False
latest_final,scenario_048,OH,free_school_meals_eligible,2.17.0,0.0,0.0,0.0,False,0.0,False
latest_final,scenario_048,OH,local_income_tax,2.17.0,0.0,0.0,0.0,False,0.0,False
latest_final,scenario_048,OH,payroll_tax,2.17.0,585.6839599609375,585.6839599609375,585.6839599609375,False,0.0,False
latest_final,scenario_048,OH,head_chip_eligible,2.17.0,0.0,0.0,0.0,False,0.0,False
latest_final,scenario_048,OH,head_medicaid_eligible,2.17.0,0.0,0.0,0.0,False,0.0,False
latest_final,scenario_048,OH,head_medicare_eligible,2.17.0,1.0,1.0,1.0,False,0.0,False
latest_final,scenario_048,OH,head_wic_eligible,2.17.0,0.0,0.0,0.0,False,0.0,False
latest_final,scenario_048,OH,reduced_price_school_meals_eligible,2.17.0,0.0,0.0,0.0,False,0.0,False
latest_final,scenario_048,OH,self_employment_tax,2.17.0,0.0,0.0,0.0,False,0.0,False
latest_final,scenario_048,OH,snap,2.17.0,0.0,0.0,0.0,False,0.0,False
latest_final,scenario_048,OH,ssi,2.17.0,0.0,0.0,0.0,False,0.0,False
latest_final,scenario_048,OH,state_income_tax_before_refundable_credits,2.17.0,0.0,0.0,0.0,False,0.0,False
latest_final,scenario_048,OH,state_refundable_credits,2.17.0,0.0,0.0,0.0,False,0.0,False
latest_final,scenario_048,OH,tanf,2.17.0,0.0,0.0,0.0,False,0.0,False
latest_final,scenario_049,NH,federal_income_tax_before_refundable_credits,2.17.0,30543.908203125,30543.908203125,30543.908203125,False,0.0,False
latest_final,scenario_049,NH,federal_refundable_credits,2.17.0,0.0,0.0,0.0,False,0.0,False
latest_final,scenario_049,NH,free_school_meals_eligible,2.17.0,0.0,0.0,0.0,False,0.0,False
latest_final,scenario_049,NH,local_income_tax,2.17.0,0.0,0.0,0.0,False,0.0,False
latest_final,scenario_049,NH,payroll_tax,2.17.0,15134.5,15134.5,15134.5,False,0.0,False
latest_final,scenario_049,NH,head_chip_eligible,2.17.0,0.0,0.0,0.0,False,0.0,False
latest_final,scenario_049,NH,spouse_chip_eligible,2.17.0,0.0,0.0,0.0,False,0.0,False
latest_final,scenario_049,NH,head_medicaid_eligible,2.17.0,0.0,0.0,0.0,False,0.0,False
latest_final,scenario_049,NH,spouse_medicaid_eligible,2.17.0,0.0,0.0,0.0,False,0.0,False
latest_final,scenario_049,NH,head_medicare_eligible,2.17.0,0.0,0.0,0.0,False,0.0,False
latest_final,scenario_049,NH,spouse_medicare_eligible,2.17.0,0.0,0.0,0.0,False,0.0,False
latest_final,scenario_049,NH,head_wic_eligible,2.17.0,0.0,0.0,0.0,False,0.0,False
latest_final,scenario_049,NH,spouse_wic_eligible,2.17.0,0.0,0.0,0.0,False,0.0,False
latest_final,scenario_049,NH,reduced_price_school_meals_eligible,2.17.0,0.0,0.0,0.0,False,0.0,False
latest_final,scenario_049,NH,self_employment_tax,2.17.0,0.0,0.0,0.0,False,0.0,False
latest_final,scenario_049,NH,snap,2.17.0,0.0,0.0,0.0,False,0.0,False
latest_final,scenario_049,NH,ssi,2.17.0,0.0,0.0,0.0,False,0.0,False
latest_final,scenario_049,NH,state_income_tax_before_refundable_credits,2.17.0,0.0,0.0,0.0,False,0.0,False
latest_final,scenario_049,NH,state_refundable_credits,2.17.0,0.0,0.0,0.0,False,0.0,False
latest_final,scenario_049,NH,tanf,2.17.0,0.0,0.0,0.0,False,0.0,False
latest_final,scenario_051,LA,federal_income_tax_before_refundable_credits,2.17.0,2620.0,2620.0,2620.0,False,0.0,False
latest_final,scenario_051,LA,federal_refundable_credits,2.17.0,0.0,0.0,0.0,False,0.0,False
latest_final,scenario_051,LA,free_school_meals_eligible,2.17.0,0.0,0.0,0.0,False,0.0,False
latest_final,scenario_051,LA,local_income_tax,2.17.0,0.0,0.0,0.0,False,0.0,False
latest_final,scenario_051,LA,payroll_tax,2.17.0,3060.0,3060.0,3060.0,False,0.0,False
latest_final,scenario_051,LA,head_chip_eligible,2.17.0,0.0,0.0,0.0,False,0.0,False
latest_final,scenario_051,LA,head_medicaid_eligible,2.17.0,0.0,0.0,0.0,False,0.0,False
latest_final,scenario_051,LA,head_medicare_eligible,2.17.0,0.0,0.0,0.0,False,0.0,False
latest_final,scenario_051,LA,head_wic_eligible,2.17.0,0.0,0.0,0.0,False,0.0,False
latest_final,scenario_051,LA,reduced_price_school_meals_eligible,2.17.0,0.0,0.0,0.0,False,0.0,False
latest_final,scenario_051,LA,self_employment_tax,2.17.0,0.0,0.0,0.0,False,0.0,False
latest_final,scenario_051,LA,snap,2.17.0,0.0,0.0,0.0,False,0.0,False
latest_final,scenario_051,LA,ssi,2.17.0,0.0,0.0,0.0,False,0.0,False
latest_final,scenario_051,LA,state_income_tax_before_refundable_credits,2.17.0,820.3499755859375,814.9500122070312,820.3499755859375,True,0.0,False
latest_final,scenario_051,LA,state_refundable_credits,2.17.0,0.0,0.0,0.0,False,0.0,False
latest_final,scenario_051,LA,tanf,2.17.0,0.0,0.0,0.0,False,0.0,False
latest_final,scenario_052,TX,federal_income_tax_before_refundable_credits,2.17.0,104211.40625,104211.40625,104211.40625,False,0.0,False
latest_final,scenario_052,TX,federal_refundable_credits,2.17.0,0.0,0.0,0.0,False,0.0,False
latest_final,scenario_052,TX,free_school_meals_eligible,2.17.0,0.0,0.0,0.0,False,0.0,False
latest_final,scenario_052,TX,local_income_tax,2.17.0,0.0,0.0,0.0,False,0.0,False
latest_final,scenario_052,TX,payroll_tax,2.17.0,20939.0,20939.0,20939.0,False,0.0,False
latest_final,scenario_052,TX,head_chip_eligible,2.17.0,0.0,0.0,0.0,False,0.0,False
latest_final,scenario_052,TX,spouse_chip_eligible,2.17.0,0.0,0.0,0.0,False,0.0,False
latest_final,scenario_052,TX,head_medicaid_eligible,2.17.0,0.0,0.0,0.0,False,0.0,False
latest_final,scenario_052,TX,spouse_medicaid_eligible,2.17.0,0.0,0.0,0.0,False,0.0,False
latest_final,scenario_052,TX,head_medicare_eligible,2.17.0,0.0,0.0,0.0,False,0.0,False
latest_final,scenario_052,TX,spouse_medicare_eligible,2.17.0,0.0,0.0,0.0,False,0.0,False
latest_final,scenario_052,TX,head_wic_eligible,2.17.0,0.0,0.0,0.0,False,0.0,False
latest_final,scenario_052,TX,spouse_wic_eligible,2.17.0,0.0,0.0,0.0,False,0.0,False
latest_final,scenario_052,TX,reduced_price_school_meals_eligible,2.17.0,0.0,0.0,0.0,False,0.0,False
latest_final,scenario_052,TX,self_employment_tax,2.17.0,0.0,0.0,0.0,False,0.0,False
latest_final,scenario_052,TX,snap,2.17.0,0.0,0.0,0.0,False,0.0,False
latest_final,scenario_052,TX,ssi,2.17.0,0.0,0.0,0.0,False,0.0,False
latest_final,scenario_052,TX,state_income_tax_before_refundable_credits,2.17.0,0.0,0.0,0.0,False,0.0,False
latest_final,scenario_052,TX,state_refundable_credits,2.17.0,0.0,0.0,0.0,False,0.0,False
latest_final,scenario_052,TX,tanf,2.17.0,0.0,0.0,0.0,False,0.0,False
latest_final,scenario_053,ID,federal_income_tax_before_refundable_credits,2.17.0,5903.109375,5903.109375,5903.109375,False,0.0,False
latest_final,scenario_053,ID,federal_refundable_credits,2.17.0,0.0,0.0,0.0,False,0.0,False
latest_final,scenario_053,ID,free_school_meals_eligible,2.17.0,0.0,0.0,0.0,False,0.0,False
latest_final,scenario_053,ID,local_income_tax,2.17.0,0.0,0.0,0.0,False,0.0,False
latest_final,scenario_053,ID,payroll_tax,2.17.0,5123.10400390625,5123.10400390625,5123.10400390625,False,0.0,False
latest_final,scenario_053,ID,head_chip_eligible,2.17.0,0.0,0.0,0.0,False,0.0,False
latest_final,scenario_053,ID,head_medicaid_eligible,2.17.0,0.0,0.0,0.0,False,0.0,False
latest_final,scenario_053,ID,head_medicare_eligible,2.17.0,0.0,0.0,0.0,False,0.0,False
latest_final,scenario_053,ID,head_wic_eligible,2.17.0,0.0,0.0,0.0,False,0.0,False
latest_final,scenario_053,ID,reduced_price_school_meals_eligible,2.17.0,0.0,0.0,0.0,False,0.0,False
latest_final,scenario_053,ID,self_employment_tax,2.17.0,0.0,0.0,0.0,False,0.0,False
latest_final,scenario_053,ID,snap,2.17.0,0.0,0.0,0.0,False,0.0,False
latest_final,scenario_053,ID,ssi,2.17.0,0.0,0.0,0.0,False,0.0,False
latest_final,scenario_053,ID,state_income_tax_before_refundable_credits,2.17.0,2435.2783203125,2435.2783203125,2441.05712890625,True,5.77880859375,True
latest_final,scenario_053,ID,state_refundable_credits,2.17.0,155.0,155.0,155.0,False,0.0,False
latest_final,scenario_053,ID,tanf,2.17.0,0.0,0.0,0.0,False,0.0,False
latest_final,scenario_054,NC,federal_income_tax_before_refundable_credits,2.17.0,0.0,0.0,0.0,False,0.0,False
latest_final,scenario_054,NC,federal_refundable_credits,2.17.0,8365.55859375,8365.55859375,8365.55859375,False,0.0,False
latest_final,scenario_054,NC,free_school_meals_eligible,2.17.0,1.0,1.0,1.0,False,0.0,False
latest_final,scenario_054,NC,local_income_tax,2.17.0,0.0,0.0,0.0,False,0.0,False
latest_final,scenario_054,NC,payroll_tax,2.17.0,0.0,0.0,0.0,False,0.0,False
latest_final,scenario_054,NC,head_chip_eligible,2.17.0,0.0,0.0,0.0,False,0.0,False
latest_final,scenario_054,NC,child1_chip_eligible,2.17.0,0.0,0.0,0.0,False,0.0,False
latest_final,scenario_054,NC,child2_chip_eligible,2.17.0,0.0,0.0,0.0,False,0.0,False
latest_final,scenario_054,NC,child1_early_head_start_eligible,2.17.0,0.0,0.0,0.0,False,0.0,False
latest_final,scenario_054,NC,child2_early_head_start_eligible,2.17.0,1.0,1.0,1.0,False,0.0,False
latest_final,scenario_054,NC,child1_head_start_eligible,2.17.0,0.0,0.0,0.0,False,0.0,False
latest_final,scenario_054,NC,child2_head_start_eligible,2.17.0,0.0,0.0,0.0,False,0.0,False
latest_final,scenario_054,NC,head_medicaid_eligible,2.17.0,1.0,1.0,1.0,False,0.0,False
latest_final,scenario_054,NC,child1_medicaid_eligible,2.17.0,1.0,1.0,1.0,False,0.0,False
latest_final,scenario_054,NC,child2_medicaid_eligible,2.17.0,1.0,1.0,1.0,False,0.0,False
latest_final,scenario_054,NC,head_medicare_eligible,2.17.0,0.0,0.0,0.0,False,0.0,False
latest_final,scenario_054,NC,child1_medicare_eligible,2.17.0,0.0,0.0,0.0,False,0.0,False
latest_final,scenario_054,NC,child2_medicare_eligible,2.17.0,0.0,0.0,0.0,False,0.0,False
latest_final,scenario_054,NC,head_wic_eligible,2.17.0,0.0,0.0,0.0,False,0.0,False
latest_final,scenario_054,NC,child1_wic_eligible,2.17.0,0.0,0.0,0.0,False,0.0,False
latest_final,scenario_054,NC,child2_wic_eligible,2.17.0,1.0,1.0,1.0,False,0.0,False
latest_final,scenario_054,NC,reduced_price_school_meals_eligible,2.17.0,0.0,0.0,0.0,False,0.0,False
latest_final,scenario_054,NC,self_employment_tax,2.17.0,2416.15283203125,2416.15283203125,2416.15283203125,False,0.0,False
latest_final,scenario_054,NC,snap,2.17.0,6060.0,6125.68896484375,6060.0,True,0.0,False
latest_final,scenario_054,NC,ssi,2.17.0,0.0,0.0,0.0,False,0.0,False
latest_final,scenario_054,NC,state_income_tax_before_refundable_credits,2.17.0,0.0,0.0,0.0,False,0.0,False
latest_final,scenario_054,NC,state_refundable_credits,2.17.0,0.0,0.0,0.0,False,0.0,False
latest_final,scenario_054,NC,tanf,2.17.0,0.0,0.0,0.0,False,0.0,False
latest_final,scenario_055,FL,federal_income_tax_before_refundable_credits,2.17.0,25238.578125,25238.578125,25238.578125,False,0.0,False
latest_final,scenario_055,FL,federal_refundable_credits,2.17.0,0.0,0.0,0.0,False,0.0,False
latest_final,scenario_055,FL,free_school_meals_eligible,2.17.0,0.0,0.0,0.0,False,0.0,False
latest_final,scenario_055,FL,local_income_tax,2.17.0,0.0,0.0,0.0,False,0.0,False
latest_final,scenario_055,FL,payroll_tax,2.17.0,6398.08837890625,6398.08837890625,6398.08837890625,False,0.0,False
latest_final,scenario_055,FL,head_chip_eligible,2.17.0,0.0,0.0,0.0,False,0.0,False
latest_final,scenario_055,FL,head_medicaid_eligible,2.17.0,0.0,0.0,0.0,False,0.0,False
latest_final,scenario_055,FL,head_medicare_eligible,2.17.0,1.0,1.0,1.0,False,0.0,False
latest_final,scenario_055,FL,head_wic_eligible,2.17.0,0.0,0.0,0.0,False,0.0,False
latest_final,scenario_055,FL,reduced_price_school_meals_eligible,2.17.0,0.0,0.0,0.0,False,0.0,False
latest_final,scenario_055,FL,self_employment_tax,2.17.0,0.0,0.0,0.0,False,0.0,False
latest_final,scenario_055,FL,snap,2.17.0,0.0,0.0,0.0,False,0.0,False
latest_final,scenario_055,FL,ssi,2.17.0,0.0,0.0,0.0,False,0.0,False
latest_final,scenario_055,FL,state_income_tax_before_refundable_credits,2.17.0,0.0,0.0,0.0,False,0.0,False
latest_final,scenario_055,FL,state_refundable_credits,2.17.0,0.0,0.0,0.0,False,0.0,False
latest_final,scenario_055,FL,tanf,2.17.0,0.0,0.0,0.0,False,0.0,False
latest_final,scenario_056,NJ,federal_income_tax_before_refundable_credits,2.17.0,0.0,0.0,0.0,False,0.0,False
latest_final,scenario_056,NJ,federal_refundable_credits,2.17.0,0.0,0.0,0.0,False,0.0,False
latest_final,scenario_056,NJ,free_school_meals_eligible,2.17.0,0.0,0.0,0.0,False,0.0,False
latest_final,scenario_056,NJ,local_income_tax,2.17.0,0.0,0.0,0.0,False,0.0,False
latest_final,scenario_056,NJ,payroll_tax,2.17.0,0.0,0.0,0.0,False,0.0,False
latest_final,scenario_056,NJ,head_chip_eligible,2.17.0,0.0,0.0,0.0,False,0.0,False
latest_final,scenario_056,NJ,head_medicaid_eligible,2.17.0,1.0,1.0,1.0,False,0.0,False
latest_final,scenario_056,NJ,head_medicare_eligible,2.17.0,0.0,0.0,0.0,False,0.0,False
latest_final,scenario_056,NJ,head_wic_eligible,2.17.0,0.0,0.0,0.0,False,0.0,False
latest_final,scenario_056,NJ,reduced_price_school_meals_eligible,2.17.0,0.0,0.0,0.0,False,0.0,False
latest_final,scenario_056,NJ,self_employment_tax,2.17.0,613.2224731445312,613.2224731445312,613.2224731445312,False,0.0,False
latest_final,scenario_056,NJ,snap,2.17.0,1140.0,1140.0,95.0,True,-1045.0,True
latest_final,scenario_056,NJ,ssi,2.17.0,0.0,0.0,0.0,False,0.0,False
latest_final,scenario_056,NJ,state_income_tax_before_refundable_credits,2.17.0,0.0,0.0,0.0,False,0.0,False
latest_final,scenario_056,NJ,state_refundable_credits,2.17.0,265.6000061035156,265.6000061035156,265.6000061035156,False,0.0,False
latest_final,scenario_056,NJ,tanf,2.17.0,0.0,0.0,0.0,False,0.0,False
latest_final,scenario_057,LA,federal_income_tax_before_refundable_credits,2.17.0,0.0,0.0,0.0,False,0.0,False
latest_final,scenario_057,LA,federal_refundable_credits,2.17.0,664.0,664.0,664.0,False,0.0,False
latest_final,scenario_057,LA,free_school_meals_eligible,2.17.0,0.0,0.0,0.0,False,0.0,False
latest_final,scenario_057,LA,local_income_tax,2.17.0,0.0,0.0,0.0,False,0.0,False
latest_final,scenario_057,LA,payroll_tax,2.17.0,0.0,0.0,0.0,False,0.0,False
latest_final,scenario_057,LA,head_chip_eligible,2.17.0,0.0,0.0,0.0,False,0.0,False
latest_final,scenario_057,LA,spouse_chip_eligible,2.17.0,0.0,0.0,0.0,False,0.0,False
latest_final,scenario_057,LA,head_medicaid_eligible,2.17.0,1.0,1.0,1.0,False,0.0,False
latest_final,scenario_057,LA,spouse_medicaid_eligible,2.17.0,1.0,1.0,1.0,False,0.0,False
latest_final,scenario_057,LA,head_medicare_eligible,2.17.0,0.0,0.0,0.0,False,0.0,False
latest_final,scenario_057,LA,spouse_medicare_eligible,2.17.0,0.0,0.0,0.0,False,0.0,False
latest_final,scenario_057,LA,head_wic_eligible,2.17.0,0.0,0.0,0.0,False,0.0,False
latest_final,scenario_057,LA,spouse_wic_eligible,2.17.0,0.0,0.0,0.0,False,0.0,False
latest_final,scenario_057,LA,reduced_price_school_meals_eligible,2.17.0,0.0,0.0,0.0,False,0.0,False
latest_final,scenario_057,LA,self_employment_tax,2.17.0,1469.4732666015625,1469.4732666015625,1469.4732666015625,False,0.0,False
latest_final,scenario_057,LA,snap,2.17.0,2669.217041015625,2669.217041015625,2628.0,True,-41.217041015625,True
latest_final,scenario_057,LA,ssi,2.17.0,7231.00146484375,7231.00146484375,7231.00146484375,False,0.0,False
latest_final,scenario_057,LA,state_income_tax_before_refundable_credits,2.17.0,0.0,0.0,0.0,False,0.0,False
latest_final,scenario_057,LA,state_refundable_credits,2.17.0,33.20000076293945,33.20000076293945,33.20000076293945,False,0.0,False
latest_final,scenario_057,LA,tanf,2.17.0,0.0,0.0,0.0,False,0.0,False
latest_final,scenario_059,FL,federal_income_tax_before_refundable_credits,2.17.0,0.0,0.0,0.0,False,0.0,False
latest_final,scenario_059,FL,federal_refundable_credits,2.17.0,0.0,0.0,0.0,False,0.0,False
latest_final,scenario_059,FL,free_school_meals_eligible,2.17.0,0.0,0.0,0.0,False,0.0,False
latest_final,scenario_059,FL,local_income_tax,2.17.0,0.0,0.0,0.0,False,0.0,False
latest_final,scenario_059,FL,payroll_tax,2.17.0,0.0,0.0,0.0,False,0.0,False
latest_final,scenario_059,FL,head_chip_eligible,2.17.0,0.0,0.0,0.0,False,0.0,False
latest_final,scenario_059,FL,spouse_chip_eligible,2.17.0,0.0,0.0,0.0,False,0.0,False
latest_final,scenario_059,FL,head_medicaid_eligible,2.17.0,0.0,0.0,0.0,False,0.0,False
latest_final,scenario_059,FL,spouse_medicaid_eligible,2.17.0,0.0,0.0,0.0,False,0.0,False
latest_final,scenario_059,FL,head_medicare_eligible,2.17.0,1.0,1.0,1.0,False,0.0,False
latest_final,scenario_059,FL,spouse_medicare_eligible,2.17.0,1.0,1.0,1.0,False,0.0,False
latest_final,scenario_059,FL,head_wic_eligible,2.17.0,0.0,0.0,0.0,False,0.0,False
latest_final,scenario_059,FL,spouse_wic_eligible,2.17.0,0.0,0.0,0.0,False,0.0,False
latest_final,scenario_059,FL,reduced_price_school_meals_eligible,2.17.0,0.0,0.0,0.0,False,0.0,False
latest_final,scenario_059,FL,self_employment_tax,2.17.0,0.0,0.0,0.0,False,0.0,False
latest_final,scenario_059,FL,snap,2.17.0,0.0,0.0,0.0,False,0.0,False
latest_final,scenario_059,FL,ssi,2.17.0,0.0,0.0,0.0,False,0.0,False
latest_final,scenario_059,FL,state_income_tax_before_refundable_credits,2.17.0,0.0,0.0,0.0,False,0.0,False
latest_final,scenario_059,FL,state_refundable_credits,2.17.0,0.0,0.0,0.0,False,0.0,False
latest_final,scenario_059,FL,tanf,2.17.0,0.0,0.0,0.0,False,0.0,False
latest_final,scenario_060,TX,federal_income_tax_before_refundable_credits,2.17.0,0.0,0.0,0.0,False,0.0,False
latest_final,scenario_060,TX,federal_refundable_credits,2.17.0,0.0,0.0,0.0,False,0.0,False
latest_final,scenario_060,TX,free_school_meals_eligible,2.17.0,0.0,0.0,0.0,False,0.0,False
latest_final,scenario_060,TX,local_income_tax,2.17.0,0.0,0.0,0.0,False,0.0,False
latest_final,scenario_060,TX,payroll_tax,2.17.0,229.5,229.5,229.5,False,0.0,False
latest_final,scenario_060,TX,head_chip_eligible,2.17.0,0.0,0.0,0.0,False,0.0,False
latest_final,scenario_060,TX,head_medicaid_eligible,2.17.0,0.0,0.0,0.0,False,0.0,False
latest_final,scenario_060,TX,head_medicare_eligible,2.17.0,1.0,1.0,1.0,False,0.0,False
latest_final,scenario_060,TX,head_wic_eligible,2.17.0,0.0,0.0,0.0,False,0.0,False
latest_final,scenario_060,TX,reduced_price_school_meals_eligible,2.17.0,0.0,0.0,0.0,False,0.0,False
latest_final,scenario_060,TX,self_employment_tax,2.17.0,0.0,0.0,0.0,False,0.0,False
latest_final,scenario_060,TX,snap,2.17.0,0.0,0.0,0.0,False,0.0,False
latest_final,scenario_060,TX,ssi,2.17.0,0.0,0.0,0.0,False,0.0,False
latest_final,scenario_060,TX,state_income_tax_before_refundable_credits,2.17.0,0.0,0.0,0.0,False,0.0,False
latest_final,scenario_060,TX,state_refundable_credits,2.17.0,0.0,0.0,0.0,False,0.0,False
latest_final,scenario_060,TX,tanf,2.17.0,0.0,0.0,0.0,False,0.0,False
latest_final,scenario_062,FL,federal_income_tax_before_refundable_credits,2.17.0,0.0,0.0,0.0,False,0.0,False
latest_final,scenario_062,FL,federal_refundable_credits,2.17.0,0.0,0.0,0.0,False,0.0,False
latest_final,scenario_062,FL,free_school_meals_eligible,2.17.0,0.0,0.0,0.0,False,0.0,False
latest_final,scenario_062,FL,local_income_tax,2.17.0,0.0,0.0,0.0,False,0.0,False
latest_final,scenario_062,FL,payroll_tax,2.17.0,0.0,0.0,0.0,False,0.0,False
latest_final,scenario_062,FL,head_chip_eligible,2.17.0,0.0,0.0,0.0,False,0.0,False
latest_final,scenario_062,FL,head_medicaid_eligible,2.17.0,0.0,0.0,0.0,False,0.0,False
latest_final,scenario_062,FL,head_medicare_eligible,2.17.0,1.0,1.0,1.0,False,0.0,False
latest_final,scenario_062,FL,head_wic_eligible,2.17.0,0.0,0.0,0.0,False,0.0,False
latest_final,scenario_062,FL,reduced_price_school_meals_eligible,2.17.0,0.0,0.0,0.0,False,0.0,False
latest_final,scenario_062,FL,self_employment_tax,2.17.0,0.0,0.0,0.0,False,0.0,False
latest_final,scenario_062,FL,snap,2.17.0,0.0,0.0,0.0,False,0.0,False
latest_final,scenario_062,FL,ssi,2.17.0,0.0,0.0,0.0,False,0.0,False
latest_final,scenario_062,FL,state_income_tax_before_refundable_credits,2.17.0,0.0,0.0,0.0,False,0.0,False
latest_final,scenario_062,FL,state_refundable_credits,2.17.0,0.0,0.0,0.0,False,0.0,False
latest_final,scenario_062,FL,tanf,2.17.0,0.0,0.0,0.0,False,0.0,False
latest_final,scenario_064,WI,federal_income_tax_before_refundable_credits,2.17.0,4439.28955078125,4439.28955078125,4439.28955078125,False,0.0,False
latest_final,scenario_064,WI,federal_refundable_credits,2.17.0,0.0,0.0,0.0,False,0.0,False
latest_final,scenario_064,WI,free_school_meals_eligible,2.17.0,0.0,0.0,0.0,False,0.0,False
latest_final,scenario_064,WI,local_income_tax,2.17.0,0.0,0.0,0.0,False,0.0,False
latest_final,scenario_064,WI,payroll_tax,2.17.0,7443.0673828125,7443.0673828125,7443.0673828125,False,0.0,False
latest_final,scenario_064,WI,head_chip_eligible,2.17.0,0.0,0.0,0.0,False,0.0,False
latest_final,scenario_064,WI,spouse_chip_eligible,2.17.0,0.0,0.0,0.0,False,0.0,False
latest_final,scenario_064,WI,dependent1_chip_eligible,2.17.0,0.0,0.0,0.0,False,0.0,False
latest_final,scenario_064,WI,dependent2_chip_eligible,2.17.0,0.0,0.0,0.0,False,0.0,False
latest_final,scenario_064,WI,child1_chip_eligible,2.17.0,0.0,0.0,0.0,False,0.0,False
latest_final,scenario_064,WI,child1_early_head_start_eligible,2.17.0,0.0,0.0,0.0,False,0.0,False
latest_final,scenario_064,WI,child1_head_start_eligible,2.17.0,0.0,0.0,0.0,False,0.0,False
latest_final,scenario_064,WI,head_medicaid_eligible,2.17.0,0.0,0.0,0.0,False,0.0,False
latest_final,scenario_064,WI,spouse_medicaid_eligible,2.17.0,0.0,0.0,0.0,False,0.0,False
latest_final,scenario_064,WI,dependent1_medicaid_eligible,2.17.0,1.0,1.0,1.0,False,0.0,False
latest_final,scenario_064,WI,dependent2_medicaid_eligible,2.17.0,0.0,0.0,0.0,False,0.0,False
latest_final,scenario_064,WI,child1_medicaid_eligible,2.17.0,0.0,0.0,0.0,False,0.0,False
latest_final,scenario_064,WI,head_medicare_eligible,2.17.0,0.0,0.0,0.0,False,0.0,False
latest_final,scenario_064,WI,spouse_medicare_eligible,2.17.0,0.0,0.0,0.0,False,0.0,False
latest_final,scenario_064,WI,dependent1_medicare_eligible,2.17.0,0.0,0.0,0.0,False,0.0,False
latest_final,scenario_064,WI,dependent2_medicare_eligible,2.17.0,0.0,0.0,0.0,False,0.0,False
latest_final,scenario_064,WI,child1_medicare_eligible,2.17.0,0.0,0.0,0.0,False,0.0,False
latest_final,scenario_064,WI,head_wic_eligible,2.17.0,0.0,0.0,0.0,False,0.0,False
latest_final,scenario_064,WI,spouse_wic_eligible,2.17.0,0.0,0.0,0.0,False,0.0,False
latest_final,scenario_064,WI,dependent1_wic_eligible,2.17.0,0.0,0.0,0.0,False,0.0,False
latest_final,scenario_064,WI,dependent2_wic_eligible,2.17.0,0.0,0.0,0.0,False,0.0,False
latest_final,scenario_064,WI,child1_wic_eligible,2.17.0,0.0,0.0,0.0,False,0.0,False
latest_final,scenario_064,WI,reduced_price_school_meals_eligible,2.17.0,0.0,0.0,0.0,False,0.0,False
latest_final,scenario_064,WI,self_employment_tax,2.17.0,0.0,0.0,0.0,False,0.0,False
latest_final,scenario_064,WI,snap,2.17.0,0.0,0.0,0.0,False,0.0,False
latest_final,scenario_064,WI,ssi,2.17.0,0.0,0.0,0.0,False,0.0,False
latest_final,scenario_064,WI,state_income_tax_before_refundable_credits,2.17.0,4605.9970703125,4605.9970703125,4598.47607421875,True,-7.52099609375,True
latest_final,scenario_064,WI,state_refundable_credits,2.17.0,0.0,0.0,0.0,False,0.0,False
latest_final,scenario_064,WI,tanf,2.17.0,0.0,0.0,0.0,False,0.0,False
latest_final,scenario_066,VA,federal_income_tax_before_refundable_credits,2.17.0,0.0,0.0,0.0,False,0.0,False
latest_final,scenario_066,VA,federal_refundable_credits,2.17.0,39.779998779296875,39.779998779296875,39.779998779296875,False,0.0,False
latest_final,scenario_066,VA,free_school_meals_eligible,2.17.0,0.0,0.0,0.0,False,0.0,False
latest_final,scenario_066,VA,local_income_tax,2.17.0,0.0,0.0,0.0,False,0.0,False
latest_final,scenario_066,VA,payroll_tax,2.17.0,39.779998779296875,39.779998779296875,39.779998779296875,False,0.0,False
latest_final,scenario_066,VA,head_chip_eligible,2.17.0,0.0,0.0,0.0,False,0.0,False
latest_final,scenario_066,VA,head_medicaid_eligible,2.17.0,1.0,1.0,1.0,False,0.0,False
latest_final,scenario_066,VA,head_medicare_eligible,2.17.0,0.0,0.0,0.0,False,0.0,False
latest_final,scenario_066,VA,head_wic_eligible,2.17.0,0.0,0.0,0.0,False,0.0,False
latest_final,scenario_066,VA,reduced_price_school_meals_eligible,2.17.0,0.0,0.0,0.0,False,0.0,False
latest_final,scenario_066,VA,self_employment_tax,2.17.0,0.0,0.0,0.0,False,0.0,False
latest_final,scenario_066,VA,snap,2.17.0,3576.0,3596.039794921875,3576.0,True,0.0,False
latest_final,scenario_066,VA,ssi,2.17.0,0.0,0.0,0.0,False,0.0,False
latest_final,scenario_066,VA,state_income_tax_before_refundable_credits,2.17.0,0.0,0.0,0.0,False,0.0,False
latest_final,scenario_066,VA,state_refundable_credits,2.17.0,7.955999851226807,7.955999851226807,7.955999851226807,False,0.0,False
latest_final,scenario_066,VA,tanf,2.17.0,0.0,0.0,0.0,False,0.0,False
latest_final,scenario_067,IN,federal_income_tax_before_refundable_credits,2.17.0,5616.240234375,5616.240234375,5616.240234375,False,0.0,False
latest_final,scenario_067,IN,federal_refundable_credits,2.17.0,0.0,0.0,0.0,False,0.0,False
latest_final,scenario_067,IN,free_school_meals_eligible,2.17.0,0.0,0.0,0.0,False,0.0,False
latest_final,scenario_067,IN,local_income_tax,2.17.0,0.0,0.0,0.0,False,0.0,False
latest_final,scenario_067,IN,payroll_tax,2.17.0,6300.5400390625,6300.5400390625,6300.5400390625,False,0.0,False
latest_final,scenario_067,IN,head_chip_eligible,2.17.0,0.0,0.0,0.0,False,0.0,False
latest_final,scenario_067,IN,spouse_chip_eligible,2.17.0,0.0,0.0,0.0,False,0.0,False
latest_final,scenario_067,IN,dependent1_chip_eligible,2.17.0,0.0,0.0,0.0,False,0.0,False
latest_final,scenario_067,IN,head_medicaid_eligible,2.17.0,0.0,0.0,0.0,False,0.0,False
latest_final,scenario_067,IN,spouse_medicaid_eligible,2.17.0,0.0,0.0,0.0,False,0.0,False
latest_final,scenario_067,IN,dependent1_medicaid_eligible,2.17.0,1.0,1.0,1.0,False,0.0,False
latest_final,scenario_067,IN,head_medicare_eligible,2.17.0,0.0,0.0,0.0,False,0.0,False
latest_final,scenario_067,IN,spouse_medicare_eligible,2.17.0,0.0,0.0,0.0,False,0.0,False
latest_final,scenario_067,IN,dependent1_medicare_eligible,2.17.0,0.0,0.0,0.0,False,0.0,False
latest_final,scenario_067,IN,head_wic_eligible,2.17.0,0.0,0.0,0.0,False,0.0,False
latest_final,scenario_067,IN,spouse_wic_eligible,2.17.0,0.0,0.0,0.0,False,0.0,False
latest_final,scenario_067,IN,dependent1_wic_eligible,2.17.0,0.0,0.0,0.0,False,0.0,False
latest_final,scenario_067,IN,reduced_price_school_meals_eligible,2.17.0,0.0,0.0,0.0,False,0.0,False
latest_final,scenario_067,IN,self_employment_tax,2.17.0,0.0,0.0,0.0,False,0.0,False
latest_final,scenario_067,IN,snap,2.17.0,0.0,0.0,0.0,False,0.0,False
latest_final,scenario_067,IN,ssi,2.17.0,0.0,0.0,0.0,False,0.0,False
latest_final,scenario_067,IN,state_income_tax_before_refundable_credits,2.17.0,2486.908935546875,2486.908935546875,2486.908935546875,False,0.0,False
latest_final,scenario_067,IN,state_refundable_credits,2.17.0,0.0,0.0,0.0,False,0.0,False
latest_final,scenario_067,IN,tanf,2.17.0,0.0,0.0,0.0,False,0.0,False
latest_final,scenario_068,MD,federal_income_tax_before_refundable_credits,2.17.0,1910.0238037109375,1910.0238037109375,1910.0238037109375,False,0.0,False
latest_final,scenario_068,MD,federal_refundable_credits,2.17.0,0.0,0.0,0.0,False,0.0,False
latest_final,scenario_068,MD,free_school_meals_eligible,2.17.0,0.0,0.0,0.0,False,0.0,False
latest_final,scenario_068,MD,local_income_tax,2.17.0,0.0,0.0,0.0,False,0.0,False
latest_final,scenario_068,MD,payroll_tax,2.17.0,2607.39013671875,2607.39013671875,2607.39013671875,False,0.0,False
latest_final,scenario_068,MD,head_chip_eligible,2.17.0,0.0,0.0,0.0,False,0.0,False
latest_final,scenario_068,MD,head_medicaid_eligible,2.17.0,0.0,0.0,0.0,False,0.0,False
latest_final,scenario_068,MD,head_medicare_eligible,2.17.0,0.0,0.0,0.0,False,0.0,False
latest_final,scenario_068,MD,head_wic_eligible,2.17.0,0.0,0.0,0.0,False,0.0,False
latest_final,scenario_068,MD,reduced_price_school_meals_eligible,2.17.0,0.0,0.0,0.0,False,0.0,False
latest_final,scenario_068,MD,self_employment_tax,2.17.0,0.0,0.0,0.0,False,0.0,False
latest_final,scenario_068,MD,snap,2.17.0,0.0,0.0,0.0,False,0.0,False
latest_final,scenario_068,MD,ssi,2.17.0,0.0,0.0,0.0,False,0.0,False
latest_final,scenario_068,MD,state_income_tax_before_refundable_credits,2.17.0,1255.3427734375,1252.9677734375,1255.3427734375,True,0.0,False
latest_final,scenario_068,MD,state_refundable_credits,2.17.0,0.0,0.0,0.0,False,0.0,False
latest_final,scenario_068,MD,tanf,2.17.0,0.0,0.0,0.0,False,0.0,False
latest_final,scenario_070,IL,federal_income_tax_before_refundable_credits,2.17.0,1979.9605712890625,1979.9605712890625,1979.9605712890625,False,0.0,False
latest_final,scenario_070,IL,federal_refundable_credits,2.17.0,0.0,0.0,0.0,False,0.0,False
latest_final,scenario_070,IL,free_school_meals_eligible,2.17.0,0.0,0.0,0.0,False,0.0,False
latest_final,scenario_070,IL,local_income_tax,2.17.0,0.0,0.0,0.0,False,0.0,False
latest_final,scenario_070,IL,payroll_tax,2.17.0,2907.0,2907.0,2907.0,False,0.0,False
latest_final,scenario_070,IL,head_chip_eligible,2.17.0,0.0,0.0,0.0,False,0.0,False
latest_final,scenario_070,IL,head_medicaid_eligible,2.17.0,0.0,0.0,0.0,False,0.0,False
latest_final,scenario_070,IL,head_medicare_eligible,2.17.0,0.0,0.0,0.0,False,0.0,False
latest_final,scenario_070,IL,head_wic_eligible,2.17.0,0.0,0.0,0.0,False,0.0,False
latest_final,scenario_070,IL,reduced_price_school_meals_eligible,2.17.0,0.0,0.0,0.0,False,0.0,False
latest_final,scenario_070,IL,self_employment_tax,2.17.0,0.0,0.0,0.0,False,0.0,False
latest_final,scenario_070,IL,snap,2.17.0,0.0,0.0,0.0,False,0.0,False
latest_final,scenario_070,IL,ssi,2.17.0,0.0,0.0,0.0,False,0.0,False
latest_final,scenario_070,IL,state_income_tax_before_refundable_credits,2.17.0,1650.561279296875,1650.561279296875,1650.561279296875,False,0.0,False
latest_final,scenario_070,IL,state_refundable_credits,2.17.0,0.0,0.0,0.0,False,0.0,False
latest_final,scenario_070,IL,tanf,2.17.0,0.0,0.0,0.0,False,0.0,False
latest_final,scenario_071,NY,federal_income_tax_before_refundable_credits,2.17.0,0.0,0.0,0.0,False,0.0,False
latest_final,scenario_071,NY,federal_refundable_credits,2.17.0,0.0,0.0,0.0,False,0.0,False
latest_final,scenario_071,NY,free_school_meals_eligible,2.17.0,0.0,0.0,0.0,False,0.0,False
latest_final,scenario_071,NY,local_income_tax,2.17.0,0.0,0.0,0.0,False,0.0,False
latest_final,scenario_071,NY,payroll_tax,2.17.0,0.0,0.0,0.0,False,0.0,False
latest_final,scenario_071,NY,head_chip_eligible,2.17.0,0.0,0.0,0.0,False,0.0,False
latest_final,scenario_071,NY,head_medicaid_eligible,2.17.0,0.0,0.0,0.0,False,0.0,False
latest_final,scenario_071,NY,head_medicare_eligible,2.17.0,1.0,1.0,1.0,False,0.0,False
latest_final,scenario_071,NY,head_wic_eligible,2.17.0,0.0,0.0,0.0,False,0.0,False
latest_final,scenario_071,NY,reduced_price_school_meals_eligible,2.17.0,0.0,0.0,0.0,False,0.0,False
latest_final,scenario_071,NY,self_employment_tax,2.17.0,0.0,0.0,0.0,False,0.0,False
latest_final,scenario_071,NY,snap,2.17.0,0.0,0.0,0.0,False,0.0,False
latest_final,scenario_071,NY,ssi,2.17.0,0.0,0.0,0.0,False,0.0,False
latest_final,scenario_071,NY,state_income_tax_before_refundable_credits,2.17.0,0.0,0.0,0.0,False,0.0,False
latest_final,scenario_071,NY,state_refundable_credits,2.17.0,0.0,0.0,0.0,False,0.0,False
latest_final,scenario_071,NY,tanf,2.17.0,0.0,0.0,0.0,False,0.0,False
latest_final,scenario_072,MI,federal_income_tax_before_refundable_credits,2.17.0,0.0,0.0,0.0,False,0.0,False
latest_final,scenario_072,MI,federal_refundable_credits,2.17.0,0.0,0.0,0.0,False,0.0,False
latest_final,scenario_072,MI,free_school_meals_eligible,2.17.0,0.0,0.0,0.0,False,0.0,False
latest_final,scenario_072,MI,local_income_tax,2.17.0,0.0,0.0,0.0,False,0.0,False
latest_final,scenario_072,MI,payroll_tax,2.17.0,1530.0,1530.0,1530.0,False,0.0,False
latest_final,scenario_072,MI,head_chip_eligible,2.17.0,0.0,0.0,0.0,False,0.0,False
latest_final,scenario_072,MI,spouse_chip_eligible,2.17.0,0.0,0.0,0.0,False,0.0,False
latest_final,scenario_072,MI,head_medicaid_eligible,2.17.0,0.0,0.0,0.0,False,0.0,False
latest_final,scenario_072,MI,spouse_medicaid_eligible,2.17.0,0.0,0.0,0.0,False,0.0,False
latest_final,scenario_072,MI,head_medicare_eligible,2.17.0,1.0,1.0,1.0,False,0.0,False
latest_final,scenario_072,MI,spouse_medicare_eligible,2.17.0,1.0,1.0,1.0,False,0.0,False
latest_final,scenario_072,MI,head_wic_eligible,2.17.0,0.0,0.0,0.0,False,0.0,False
latest_final,scenario_072,MI,spouse_wic_eligible,2.17.0,0.0,0.0,0.0,False,0.0,False
latest_final,scenario_072,MI,reduced_price_school_meals_eligible,2.17.0,0.0,0.0,0.0,False,0.0,False
latest_final,scenario_072,MI,self_employment_tax,2.17.0,0.0,0.0,0.0,False,0.0,False
latest_final,scenario_072,MI,snap,2.17.0,0.0,0.0,0.0,False,0.0,False
latest_final,scenario_072,MI,ssi,2.17.0,0.0,0.0,0.0,False,0.0,False
latest_final,scenario_072,MI,state_income_tax_before_refundable_credits,2.17.0,0.0,0.0,0.0,False,0.0,False
latest_final,scenario_072,MI,state_refundable_credits,2.17.0,0.0,0.0,0.0,False,0.0,False
latest_final,scenario_072,MI,tanf,2.17.0,0.0,0.0,0.0,False,0.0,False
latest_final,scenario_073,MI,federal_income_tax_before_refundable_credits,2.17.0,0.0,0.0,0.0,False,0.0,False
latest_final,scenario_073,MI,federal_refundable_credits,2.17.0,0.0,0.0,0.0,False,0.0,False
latest_final,scenario_073,MI,free_school_meals_eligible,2.17.0,0.0,0.0,0.0,False,0.0,False
latest_final,scenario_073,MI,local_income_tax,2.17.0,0.0,0.0,0.0,False,0.0,False
latest_final,scenario_073,MI,payroll_tax,2.17.0,0.0,0.0,0.0,False,0.0,False
latest_final,scenario_073,MI,head_chip_eligible,2.17.0,0.0,0.0,0.0,False,0.0,False
latest_final,scenario_073,MI,head_medicaid_eligible,2.17.0,0.0,0.0,0.0,False,0.0,False
latest_final,scenario_073,MI,head_medicare_eligible,2.17.0,0.0,0.0,0.0,False,0.0,False
latest_final,scenario_073,MI,head_wic_eligible,2.17.0,0.0,0.0,0.0,False,0.0,False
latest_final,scenario_073,MI,reduced_price_school_meals_eligible,2.17.0,0.0,0.0,0.0,False,0.0,False
latest_final,scenario_073,MI,self_employment_tax,2.17.0,0.0,0.0,0.0,False,0.0,False
latest_final,scenario_073,MI,snap,2.17.0,288.0,287.68316650390625,288.0,False,0.0,False
latest_final,scenario_073,MI,ssi,2.17.0,0.0,0.0,0.0,False,0.0,False
latest_final,scenario_073,MI,state_income_tax_before_refundable_credits,2.17.0,0.0,0.0,0.0,False,0.0,False
latest_final,scenario_073,MI,state_refundable_credits,2.17.0,0.0,0.0,0.0,False,0.0,False
latest_final,scenario_073,MI,tanf,2.17.0,0.0,0.0,0.0,False,0.0,False
latest_final,scenario_074,LA,federal_income_tax_before_refundable_credits,2.17.0,0.0,0.0,0.0,False,0.0,False
latest_final,scenario_074,LA,federal_refundable_credits,2.17.0,0.0,0.0,0.0,False,0.0,False
latest_final,scenario_074,LA,free_school_meals_eligible,2.17.0,0.0,0.0,0.0,False,0.0,False
latest_final,scenario_074,LA,local_income_tax,2.17.0,0.0,0.0,0.0,False,0.0,False
latest_final,scenario_074,LA,payroll_tax,2.17.0,0.0,0.0,0.0,False,0.0,False
latest_final,scenario_074,LA,head_chip_eligible,2.17.0,0.0,0.0,0.0,False,0.0,False
latest_final,scenario_074,LA,head_medicaid_eligible,2.17.0,0.0,0.0,0.0,False,0.0,False
latest_final,scenario_074,LA,head_medicare_eligible,2.17.0,0.0,0.0,0.0,False,0.0,False
latest_final,scenario_074,LA,head_wic_eligible,2.17.0,0.0,0.0,0.0,False,0.0,False
latest_final,scenario_074,LA,reduced_price_school_meals_eligible,2.17.0,0.0,0.0,0.0,False,0.0,False
latest_final,scenario_074,LA,self_employment_tax,2.17.0,0.0,0.0,0.0,False,0.0,False
latest_final,scenario_074,LA,snap,2.17.0,0.0,0.0,0.0,False,0.0,False
latest_final,scenario_074,LA,ssi,2.17.0,0.0,0.0,0.0,False,0.0,False
latest_final,scenario_074,LA,state_income_tax_before_refundable_credits,2.17.0,0.0,0.0,0.0,False,0.0,False
latest_final,scenario_074,LA,state_refundable_credits,2.17.0,0.0,0.0,0.0,False,0.0,False
latest_final,scenario_074,LA,tanf,2.17.0,0.0,0.0,0.0,False,0.0,False
latest_final,scenario_075,FL,federal_income_tax_before_refundable_credits,2.17.0,14777.1455078125,14777.1455078125,14777.1455078125,False,0.0,False
latest_final,scenario_075,FL,federal_refundable_credits,2.17.0,0.0,0.0,0.0,False,0.0,False
latest_final,scenario_075,FL,free_school_meals_eligible,2.17.0,0.0,0.0,0.0,False,0.0,False
latest_final,scenario_075,FL,local_income_tax,2.17.0,0.0,0.0,0.0,False,0.0,False
latest_final,scenario_075,FL,payroll_tax,2.17.0,968.2120971679688,968.2120971679688,968.2120971679688,False,0.0,False
latest_final,scenario_075,FL,head_chip_eligible,2.17.0,0.0,0.0,0.0,False,0.0,False
latest_final,scenario_075,FL,head_medicaid_eligible,2.17.0,0.0,0.0,0.0,False,0.0,False
latest_final,scenario_075,FL,head_medicare_eligible,2.17.0,0.0,0.0,0.0,False,0.0,False
latest_final,scenario_075,FL,head_wic_eligible,2.17.0,0.0,0.0,0.0,False,0.0,False
latest_final,scenario_075,FL,reduced_price_school_meals_eligible,2.17.0,0.0,0.0,0.0,False,0.0,False
latest_final,scenario_075,FL,self_employment_tax,2.17.0,0.0,0.0,0.0,False,0.0,False
latest_final,scenario_075,FL,snap,2.17.0,0.0,0.0,0.0,False,0.0,False
latest_final,scenario_075,FL,ssi,2.17.0,0.0,0.0,0.0,False,0.0,False
latest_final,scenario_075,FL,state_income_tax_before_refundable_credits,2.17.0,0.0,0.0,0.0,False,0.0,False
latest_final,scenario_075,FL,state_refundable_credits,2.17.0,0.0,0.0,0.0,False,0.0,False
latest_final,scenario_075,FL,tanf,2.17.0,0.0,0.0,0.0,False,0.0,False
latest_final,scenario_076,ID,federal_income_tax_before_refundable_credits,2.17.0,19611.80078125,19611.80078125,19611.80078125,False,0.0,False
latest_final,scenario_076,ID,federal_refundable_credits,2.17.0,0.0,0.0,0.0,False,0.0,False
latest_final,scenario_076,ID,free_school_meals_eligible,2.17.0,0.0,0.0,0.0,False,0.0,False
latest_final,scenario_076,ID,local_income_tax,2.17.0,0.0,0.0,0.0,False,0.0,False
latest_final,scenario_076,ID,payroll_tax,2.17.0,12240.0,12240.0,12240.0,False,0.0,False
latest_final,scenario_076,ID,head_chip_eligible,2.17.0,0.0,0.0,0.0,False,0.0,False
latest_final,scenario_076,ID,child1_chip_eligible,2.17.0,0.0,0.0,0.0,False,0.0,False
latest_final,scenario_076,ID,child2_chip_eligible,2.17.0,0.0,0.0,0.0,False,0.0,False
latest_final,scenario_076,ID,child1_early_head_start_eligible,2.17.0,0.0,0.0,0.0,False,0.0,False
latest_final,scenario_076,ID,child2_early_head_start_eligible,2.17.0,0.0,0.0,0.0,False,0.0,False
latest_final,scenario_076,ID,child1_head_start_eligible,2.17.0,0.0,0.0,0.0,False,0.0,False
latest_final,scenario_076,ID,child2_head_start_eligible,2.17.0,0.0,0.0,0.0,False,0.0,False
latest_final,scenario_076,ID,head_medicaid_eligible,2.17.0,0.0,0.0,0.0,False,0.0,False
latest_final,scenario_076,ID,child1_medicaid_eligible,2.17.0,0.0,0.0,0.0,False,0.0,False
latest_final,scenario_076,ID,child2_medicaid_eligible,2.17.0,0.0,0.0,0.0,False,0.0,False
latest_final,scenario_076,ID,head_medicare_eligible,2.17.0,0.0,0.0,0.0,False,0.0,False
latest_final,scenario_076,ID,child1_medicare_eligible,2.17.0,0.0,0.0,0.0,False,0.0,False
latest_final,scenario_076,ID,child2_medicare_eligible,2.17.0,0.0,0.0,0.0,False,0.0,False
latest_final,scenario_076,ID,head_wic_eligible,2.17.0,0.0,0.0,0.0,False,0.0,False
latest_final,scenario_076,ID,child1_wic_eligible,2.17.0,0.0,0.0,0.0,False,0.0,False
latest_final,scenario_076,ID,child2_wic_eligible,2.17.0,0.0,0.0,0.0,False,0.0,False
latest_final,scenario_076,ID,reduced_price_school_meals_eligible,2.17.0,0.0,0.0,0.0,False,0.0,False
latest_final,scenario_076,ID,self_employment_tax,2.17.0,0.0,0.0,0.0,False,0.0,False
latest_final,scenario_076,ID,snap,2.17.0,0.0,0.0,0.0,False,0.0,False
latest_final,scenario_076,ID,ssi,2.17.0,0.0,0.0,0.0,False,0.0,False
latest_final,scenario_076,ID,state_income_tax_before_refundable_credits,2.17.0,6818.34423828125,6806.78662109375,6818.34423828125,True,0.0,False
latest_final,scenario_076,ID,state_refundable_credits,2.17.0,465.0,465.0,465.0,False,0.0,False
latest_final,scenario_076,ID,tanf,2.17.0,0.0,0.0,0.0,False,0.0,False
latest_final,scenario_077,LA,federal_income_tax_before_refundable_credits,2.17.0,690.6175537109375,690.6175537109375,690.6175537109375,False,0.0,False
latest_final,scenario_077,LA,federal_refundable_credits,2.17.0,0.0,0.0,0.0,False,0.0,False
latest_final,scenario_077,LA,free_school_meals_eligible,2.17.0,0.0,0.0,0.0,False,0.0,False
latest_final,scenario_077,LA,local_income_tax,2.17.0,0.0,0.0,0.0,False,0.0,False
latest_final,scenario_077,LA,payroll_tax,2.17.0,1989.472412109375,1989.472412109375,1989.472412109375,False,0.0,False
latest_final,scenario_077,LA,head_chip_eligible,2.17.0,0.0,0.0,0.0,False,0.0,False
latest_final,scenario_077,LA,head_medicaid_eligible,2.17.0,0.0,0.0,0.0,False,0.0,False
latest_final,scenario_077,LA,head_medicare_eligible,2.17.0,0.0,0.0,0.0,False,0.0,False
latest_final,scenario_077,LA,head_wic_eligible,2.17.0,0.0,0.0,0.0,False,0.0,False
latest_final,scenario_077,LA,reduced_price_school_meals_eligible,2.17.0,0.0,0.0,0.0,False,0.0,False
latest_final,scenario_077,LA,self_employment_tax,2.17.0,0.0,0.0,0.0,False,0.0,False
latest_final,scenario_077,LA,snap,2.17.0,0.0,0.0,0.0,False,0.0,False
latest_final,scenario_077,LA,ssi,2.17.0,0.0,0.0,0.0,False,0.0,False
latest_final,scenario_077,LA,state_income_tax_before_refundable_credits,2.17.0,305.13525390625,305.13525390625,305.13525390625,False,0.0,False
latest_final,scenario_077,LA,state_refundable_credits,2.17.0,0.0,0.0,0.0,False,0.0,False
latest_final,scenario_077,LA,tanf,2.17.0,0.0,0.0,0.0,False,0.0,False
latest_final,scenario_078,MD,federal_income_tax_before_refundable_credits,2.17.0,24164.45703125,24772.693359375,24164.45703125,True,0.0,False
latest_final,scenario_078,MD,federal_refundable_credits,2.17.0,0.0,0.0,0.0,False,0.0,False
latest_final,scenario_078,MD,free_school_meals_eligible,2.17.0,0.0,0.0,0.0,False,0.0,False
latest_final,scenario_078,MD,local_income_tax,2.17.0,0.0,0.0,0.0,False,0.0,False
latest_final,scenario_078,MD,payroll_tax,2.17.0,14317.322265625,14317.322265625,14317.322265625,False,0.0,False
latest_final,scenario_078,MD,head_chip_eligible,2.17.0,0.0,0.0,0.0,False,0.0,False
latest_final,scenario_078,MD,head_medicaid_eligible,2.17.0,0.0,0.0,0.0,False,0.0,False
latest_final,scenario_078,MD,head_medicare_eligible,2.17.0,0.0,0.0,0.0,False,0.0,False
latest_final,scenario_078,MD,head_wic_eligible,2.17.0,0.0,0.0,0.0,False,0.0,False
latest_final,scenario_078,MD,reduced_price_school_meals_eligible,2.17.0,0.0,0.0,0.0,False,0.0,False
latest_final,scenario_078,MD,self_employment_tax,2.17.0,0.0,0.0,0.0,False,0.0,False
latest_final,scenario_078,MD,snap,2.17.0,0.0,0.0,0.0,False,0.0,False
latest_final,scenario_078,MD,ssi,2.17.0,0.0,0.0,0.0,False,0.0,False
latest_final,scenario_078,MD,state_income_tax_before_refundable_credits,2.17.0,6936.87646484375,6936.33740234375,6936.87646484375,False,0.0,False
latest_final,scenario_078,MD,state_refundable_credits,2.17.0,0.0,0.0,0.0,False,0.0,False
latest_final,scenario_078,MD,tanf,2.17.0,0.0,0.0,0.0,False,0.0,False
latest_final,scenario_079,AZ,federal_income_tax_before_refundable_credits,2.17.0,0.0,0.0,0.0,False,0.0,False
latest_final,scenario_079,AZ,federal_refundable_credits,2.17.0,0.0,0.0,0.0,False,0.0,False
latest_final,scenario_079,AZ,free_school_meals_eligible,2.17.0,0.0,0.0,0.0,False,0.0,False
latest_final,scenario_079,AZ,local_income_tax,2.17.0,0.0,0.0,0.0,False,0.0,False
latest_final,scenario_079,AZ,payroll_tax,2.17.0,0.0,0.0,0.0,False,0.0,False
latest_final,scenario_079,AZ,head_chip_eligible,2.17.0,0.0,0.0,0.0,False,0.0,False
latest_final,scenario_079,AZ,spouse_chip_eligible,2.17.0,0.0,0.0,0.0,False,0.0,False
latest_final,scenario_079,AZ,head_medicaid_eligible,2.17.0,1.0,1.0,1.0,False,0.0,False
latest_final,scenario_079,AZ,spouse_medicaid_eligible,2.17.0,1.0,1.0,1.0,False,0.0,False
latest_final,scenario_079,AZ,head_medicare_eligible,2.17.0,0.0,0.0,0.0,False,0.0,False
latest_final,scenario_079,AZ,spouse_medicare_eligible,2.17.0,0.0,0.0,0.0,False,0.0,False
latest_final,scenario_079,AZ,head_wic_eligible,2.17.0,0.0,0.0,0.0,False,0.0,False
latest_final,scenario_079,AZ,spouse_wic_eligible,2.17.0,0.0,0.0,0.0,False,0.0,False
latest_final,scenario_079,AZ,reduced_price_school_meals_eligible,2.17.0,0.0,0.0,0.0,False,0.0,False
latest_final,scenario_079,AZ,self_employment_tax,2.17.0,0.0,0.0,0.0,False,0.0,False
latest_final,scenario_079,AZ,snap,2.17.0,2376.0,2428.017333984375,2376.0,True,0.0,False
latest_final,scenario_079,AZ,ssi,2.17.0,10572.0,10572.0,10572.0,False,0.0,False
latest_final,scenario_079,AZ,state_income_tax_before_refundable_credits,2.17.0,0.0,0.0,0.0,False,0.0,False
latest_final,scenario_079,AZ,state_refundable_credits,2.17.0,50.0,50.0,50.0,False,0.0,False
latest_final,scenario_079,AZ,tanf,2.17.0,0.0,0.0,0.0,False,0.0,False
latest_final,scenario_080,PA,federal_income_tax_before_refundable_credits,2.17.0,0.0,0.0,0.0,False,0.0,False
latest_final,scenario_080,PA,federal_refundable_credits,2.17.0,0.0,0.0,0.0,False,0.0,False
latest_final,scenario_080,PA,free_school_meals_eligible,2.17.0,0.0,0.0,0.0,False,0.0,False
latest_final,scenario_080,PA,local_income_tax,2.17.0,0.0,0.0,0.0,False,0.0,False
latest_final,scenario_080,PA,payroll_tax,2.17.0,0.0,0.0,0.0,False,0.0,False
latest_final,scenario_080,PA,head_chip_eligible,2.17.0,0.0,0.0,0.0,False,0.0,False
latest_final,scenario_080,PA,head_medicaid_eligible,2.17.0,1.0,1.0,1.0,False,0.0,False
latest_final,scenario_080,PA,head_medicare_eligible,2.17.0,0.0,0.0,0.0,False,0.0,False
latest_final,scenario_080,PA,head_wic_eligible,2.17.0,0.0,0.0,0.0,False,0.0,False
latest_final,scenario_080,PA,reduced_price_school_meals_eligible,2.17.0,0.0,0.0,0.0,False,0.0,False
latest_final,scenario_080,PA,self_employment_tax,2.17.0,0.0,0.0,0.0,False,0.0,False
latest_final,scenario_080,PA,snap,2.17.0,3596.039794921875,3596.039794921875,3576.0,True,-20.039794921875,True
latest_final,scenario_080,PA,ssi,2.17.0,0.0,0.0,0.0,False,0.0,False
latest_final,scenario_080,PA,state_income_tax_before_refundable_credits,2.17.0,0.0,0.0,0.0,False,0.0,False
latest_final,scenario_080,PA,state_refundable_credits,2.17.0,0.0,0.0,0.0,False,0.0,False
latest_final,scenario_080,PA,tanf,2.17.0,0.0,0.0,0.0,False,0.0,False
latest_final,scenario_081,MA,federal_income_tax_before_refundable_credits,2.17.0,26932.2734375,26932.2734375,26932.2734375,False,0.0,False
latest_final,scenario_081,MA,federal_refundable_credits,2.17.0,0.0,0.0,0.0,False,0.0,False
latest_final,scenario_081,MA,free_school_meals_eligible,2.17.0,0.0,0.0,0.0,False,0.0,False
latest_final,scenario_081,MA,local_income_tax,2.17.0,0.0,0.0,0.0,False,0.0,False
latest_final,scenario_081,MA,payroll_tax,2.17.0,14192.662109375,14192.662109375,14192.662109375,False,0.0,False
latest_final,scenario_081,MA,head_chip_eligible,2.17.0,0.0,0.0,0.0,False,0.0,False
latest_final,scenario_081,MA,head_medicaid_eligible,2.17.0,0.0,0.0,0.0,False,0.0,False
latest_final,scenario_081,MA,head_medicare_eligible,2.17.0,0.0,0.0,0.0,False,0.0,False
latest_final,scenario_081,MA,head_wic_eligible,2.17.0,0.0,0.0,0.0,False,0.0,False
latest_final,scenario_081,MA,reduced_price_school_meals_eligible,2.17.0,0.0,0.0,0.0,False,0.0,False
latest_final,scenario_081,MA,self_employment_tax,2.17.0,0.0,0.0,0.0,False,0.0,False
latest_final,scenario_081,MA,snap,2.17.0,0.0,0.0,0.0,False,0.0,False
latest_final,scenario_081,MA,ssi,2.17.0,0.0,0.0,0.0,False,0.0,False
latest_final,scenario_081,MA,state_income_tax_before_refundable_credits,2.17.0,8238.40625,8238.40625,8238.40625,False,0.0,False
latest_final,scenario_081,MA,state_refundable_credits,2.17.0,0.0,0.0,0.0,False,0.0,False
latest_final,scenario_081,MA,tanf,2.17.0,0.0,0.0,0.0,False,0.0,False
latest_final,scenario_082,NY,federal_income_tax_before_refundable_credits,2.17.0,9563.052734375,9563.052734375,9577.90234375,True,14.849609375,True
latest_final,scenario_082,NY,federal_refundable_credits,2.17.0,0.0,0.0,0.0,False,0.0,False
latest_final,scenario_082,NY,free_school_meals_eligible,2.17.0,0.0,0.0,0.0,False,0.0,False
latest_final,scenario_082,NY,local_income_tax,2.17.0,0.0,0.0,0.0,False,0.0,False
latest_final,scenario_082,NY,payroll_tax,2.17.0,8108.02734375,8108.02734375,8108.02734375,False,0.0,False
latest_final,scenario_082,NY,head_chip_eligible,2.17.0,0.0,0.0,0.0,False,0.0,False
latest_final,scenario_082,NY,child1_chip_eligible,2.17.0,0.0,0.0,0.0,False,0.0,False
latest_final,scenario_082,NY,child1_early_head_start_eligible,2.17.0,0.0,0.0,0.0,False,0.0,False
latest_final,scenario_082,NY,child1_head_start_eligible,2.17.0,0.0,0.0,0.0,False,0.0,False
latest_final,scenario_082,NY,head_medicaid_eligible,2.17.0,0.0,0.0,0.0,False,0.0,False
latest_final,scenario_082,NY,child1_medicaid_eligible,2.17.0,0.0,0.0,0.0,False,0.0,False
latest_final,scenario_082,NY,head_medicare_eligible,2.17.0,0.0,0.0,0.0,False,0.0,False
latest_final,scenario_082,NY,child1_medicare_eligible,2.17.0,0.0,0.0,0.0,False,0.0,False
latest_final,scenario_082,NY,head_wic_eligible,2.17.0,0.0,0.0,0.0,False,0.0,False
latest_final,scenario_082,NY,child1_wic_eligible,2.17.0,0.0,0.0,0.0,False,0.0,False
latest_final,scenario_082,NY,reduced_price_school_meals_eligible,2.17.0,0.0,0.0,0.0,False,0.0,False
latest_final,scenario_082,NY,self_employment_tax,2.17.0,0.0,0.0,0.0,False,0.0,False
latest_final,scenario_082,NY,snap,2.17.0,0.0,0.0,0.0,False,0.0,False
latest_final,scenario_082,NY,ssi,2.17.0,0.0,0.0,0.0,False,0.0,False
latest_final,scenario_082,NY,state_income_tax_before_refundable_credits,2.17.0,5598.55224609375,5598.55224609375,5598.55224609375,False,0.0,False
latest_final,scenario_082,NY,state_refundable_credits,2.17.0,667.0,650.5,667.0,True,0.0,False
latest_final,scenario_082,NY,tanf,2.17.0,0.0,0.0,0.0,False,0.0,False
latest_final,scenario_083,TX,federal_income_tax_before_refundable_credits,2.17.0,0.0,0.0,0.0,False,0.0,False
latest_final,scenario_083,TX,federal_refundable_credits,2.17.0,0.0,0.0,0.0,False,0.0,False
latest_final,scenario_083,TX,free_school_meals_eligible,2.17.0,0.0,0.0,0.0,False,0.0,False
latest_final,scenario_083,TX,local_income_tax,2.17.0,0.0,0.0,0.0,False,0.0,False
latest_final,scenario_083,TX,payroll_tax,2.17.0,539.3250122070312,539.3250122070312,539.3250122070312,False,0.0,False
latest_final,scenario_083,TX,head_chip_eligible,2.17.0,0.0,0.0,0.0,False,0.0,False
latest_final,scenario_083,TX,head_medicaid_eligible,2.17.0,0.0,0.0,0.0,False,0.0,False
latest_final,scenario_083,TX,head_medicare_eligible,2.17.0,0.0,0.0,0.0,False,0.0,False
latest_final,scenario_083,TX,head_wic_eligible,2.17.0,0.0,0.0,0.0,False,0.0,False
latest_final,scenario_083,TX,reduced_price_school_meals_eligible,2.17.0,0.0,0.0,0.0,False,0.0,False
latest_final,scenario_083,TX,self_employment_tax,2.17.0,0.0,0.0,0.0,False,0.0,False
latest_final,scenario_083,TX,snap,2.17.0,0.0,0.0,0.0,False,0.0,False
latest_final,scenario_083,TX,ssi,2.17.0,0.0,0.0,0.0,False,0.0,False
latest_final,scenario_083,TX,state_income_tax_before_refundable_credits,2.17.0,0.0,0.0,0.0,False,0.0,False
latest_final,scenario_083,TX,state_refundable_credits,2.17.0,0.0,0.0,0.0,False,0.0,False
latest_final,scenario_083,TX,tanf,2.17.0,0.0,0.0,0.0,False,0.0,False
latest_final,scenario_084,NC,federal_income_tax_before_refundable_credits,2.17.0,0.0,0.0,0.0,False,0.0,False
latest_final,scenario_084,NC,federal_refundable_credits,2.17.0,0.0,0.0,0.0,False,0.0,False
latest_final,scenario_084,NC,free_school_meals_eligible,2.17.0,0.0,0.0,0.0,False,0.0,False
latest_final,scenario_084,NC,local_income_tax,2.17.0,0.0,0.0,0.0,False,0.0,False
latest_final,scenario_084,NC,payroll_tax,2.17.0,0.0,0.0,0.0,False,0.0,False
latest_final,scenario_084,NC,head_chip_eligible,2.17.0,0.0,0.0,0.0,False,0.0,False
latest_final,scenario_084,NC,head_medicaid_eligible,2.17.0,0.0,0.0,0.0,False,0.0,False
latest_final,scenario_084,NC,head_medicare_eligible,2.17.0,0.0,0.0,0.0,False,0.0,False
latest_final,scenario_084,NC,head_wic_eligible,2.17.0,0.0,0.0,0.0,False,0.0,False
latest_final,scenario_084,NC,reduced_price_school_meals_eligible,2.17.0,0.0,0.0,0.0,False,0.0,False
latest_final,scenario_084,NC,self_employment_tax,2.17.0,0.0,0.0,0.0,False,0.0,False
latest_final,scenario_084,NC,snap,2.17.0,0.0,0.0,0.0,False,0.0,False
latest_final,scenario_084,NC,ssi,2.17.0,0.0,0.0,0.0,False,0.0,False
latest_final,scenario_084,NC,state_income_tax_before_refundable_credits,2.17.0,0.0,0.0,0.0,False,0.0,False
latest_final,scenario_084,NC,state_refundable_credits,2.17.0,0.0,0.0,0.0,False,0.0,False
latest_final,scenario_084,NC,tanf,2.17.0,0.0,0.0,0.0,False,0.0,False
latest_final,scenario_085,PA,federal_income_tax_before_refundable_credits,2.17.0,2322.760009765625,2322.760009765625,2322.760009765625,False,0.0,False
latest_final,scenario_085,PA,federal_refundable_credits,2.17.0,0.0,0.0,0.0,False,0.0,False
latest_final,scenario_085,PA,free_school_meals_eligible,2.17.0,0.0,0.0,0.0,False,0.0,False
latest_final,scenario_085,PA,local_income_tax,2.17.0,0.0,0.0,0.0,False,0.0,False
latest_final,scenario_085,PA,payroll_tax,2.17.0,0.0,0.0,0.0,False,0.0,False
latest_final,scenario_085,PA,head_chip_eligible,2.17.0,0.0,0.0,0.0,False,0.0,False
latest_final,scenario_085,PA,head_medicaid_eligible,2.17.0,0.0,0.0,0.0,False,0.0,False
latest_final,scenario_085,PA,head_medicare_eligible,2.17.0,1.0,1.0,1.0,False,0.0,False
latest_final,scenario_085,PA,head_wic_eligible,2.17.0,0.0,0.0,0.0,False,0.0,False
latest_final,scenario_085,PA,reduced_price_school_meals_eligible,2.17.0,0.0,0.0,0.0,False,0.0,False
latest_final,scenario_085,PA,self_employment_tax,2.17.0,0.0,0.0,0.0,False,0.0,False
latest_final,scenario_085,PA,snap,2.17.0,0.0,0.0,0.0,False,0.0,False
latest_final,scenario_085,PA,ssi,2.17.0,0.0,0.0,0.0,False,0.0,False
latest_final,scenario_085,PA,state_income_tax_before_refundable_credits,2.17.0,0.0,0.0,0.0,False,0.0,False
latest_final,scenario_085,PA,state_refundable_credits,2.17.0,0.0,0.0,0.0,False,0.0,False
latest_final,scenario_085,PA,tanf,2.17.0,0.0,0.0,0.0,False,0.0,False
latest_final,scenario_086,GA,federal_income_tax_before_refundable_credits,2.17.0,3255.5478515625,3255.5478515625,3255.5478515625,False,0.0,False
latest_final,scenario_086,GA,federal_refundable_credits,2.17.0,0.0,0.0,0.0,False,0.0,False
latest_final,scenario_086,GA,free_school_meals_eligible,2.17.0,0.0,0.0,0.0,False,0.0,False
latest_final,scenario_086,GA,local_income_tax,2.17.0,0.0,0.0,0.0,False,0.0,False
latest_final,scenario_086,GA,payroll_tax,2.17.0,4743.0,4743.0,4743.0,False,0.0,False
latest_final,scenario_086,GA,head_chip_eligible,2.17.0,0.0,0.0,0.0,False,0.0,False
latest_final,scenario_086,GA,child1_chip_eligible,2.17.0,0.0,0.0,0.0,False,0.0,False
latest_final,scenario_086,GA,child1_early_head_start_eligible,2.17.0,0.0,0.0,0.0,False,0.0,False
latest_final,scenario_086,GA,child1_head_start_eligible,2.17.0,0.0,0.0,0.0,False,0.0,False
latest_final,scenario_086,GA,head_medicaid_eligible,2.17.0,0.0,0.0,0.0,False,0.0,False
latest_final,scenario_086,GA,child1_medicaid_eligible,2.17.0,0.0,0.0,0.0,False,0.0,False
latest_final,scenario_086,GA,head_medicare_eligible,2.17.0,0.0,0.0,0.0,False,0.0,False
latest_final,scenario_086,GA,child1_medicare_eligible,2.17.0,0.0,0.0,0.0,False,0.0,False
latest_final,scenario_086,GA,head_wic_eligible,2.17.0,0.0,0.0,0.0,False,0.0,False
latest_final,scenario_086,GA,child1_wic_eligible,2.17.0,0.0,0.0,0.0,False,0.0,False
latest_final,scenario_086,GA,reduced_price_school_meals_eligible,2.17.0,0.0,0.0,0.0,False,0.0,False
latest_final,scenario_086,GA,self_employment_tax,2.17.0,0.0,0.0,0.0,False,0.0,False
latest_final,scenario_086,GA,snap,2.17.0,0.0,0.0,0.0,False,0.0,False
latest_final,scenario_086,GA,ssi,2.17.0,0.0,0.0,0.0,False,0.0,False
latest_final,scenario_086,GA,state_income_tax_before_refundable_credits,2.17.0,2078.958740234375,2078.958740234375,2078.958740234375,False,0.0,False
latest_final,scenario_086,GA,state_refundable_credits,2.17.0,0.0,0.0,0.0,False,0.0,False
latest_final,scenario_086,GA,tanf,2.17.0,0.0,0.0,0.0,False,0.0,False
latest_final,scenario_088,TX,federal_income_tax_before_refundable_credits,2.17.0,0.0,0.0,0.0,False,0.0,False
latest_final,scenario_088,TX,federal_refundable_credits,2.17.0,0.0,0.0,0.0,False,0.0,False
latest_final,scenario_088,TX,free_school_meals_eligible,2.17.0,0.0,0.0,0.0,False,0.0,False
latest_final,scenario_088,TX,local_income_tax,2.17.0,0.0,0.0,0.0,False,0.0,False
latest_final,scenario_088,TX,payroll_tax,2.17.0,1421.1448974609375,1421.1448974609375,1421.1448974609375,False,0.0,False
latest_final,scenario_088,TX,head_chip_eligible,2.17.0,0.0,0.0,0.0,False,0.0,False
latest_final,scenario_088,TX,head_medicaid_eligible,2.17.0,0.0,0.0,0.0,False,0.0,False
latest_final,scenario_088,TX,head_medicare_eligible,2.17.0,0.0,0.0,0.0,False,0.0,False
latest_final,scenario_088,TX,head_wic_eligible,2.17.0,0.0,0.0,0.0,False,0.0,False
latest_final,scenario_088,TX,reduced_price_school_meals_eligible,2.17.0,0.0,0.0,0.0,False,0.0,False
latest_final,scenario_088,TX,self_employment_tax,2.17.0,0.0,0.0,0.0,False,0.0,False
latest_final,scenario_088,TX,snap,2.17.0,0.0,0.0,0.0,False,0.0,False
latest_final,scenario_088,TX,ssi,2.17.0,0.0,0.0,0.0,False,0.0,False
latest_final,scenario_088,TX,state_income_tax_before_refundable_credits,2.17.0,0.0,0.0,0.0,False,0.0,False
latest_final,scenario_088,TX,state_refundable_credits,2.17.0,0.0,0.0,0.0,False,0.0,False
latest_final,scenario_088,TX,tanf,2.17.0,0.0,0.0,0.0,False,0.0,False
latest_final,scenario_089,NC,federal_income_tax_before_refundable_credits,2.17.0,6819.7119140625,6819.7119140625,6819.7119140625,False,0.0,False
latest_final,scenario_089,NC,federal_refundable_credits,2.17.0,0.0,0.0,0.0,False,0.0,False
latest_final,scenario_089,NC,free_school_meals_eligible,2.17.0,0.0,0.0,0.0,False,0.0,False
latest_final,scenario_089,NC,local_income_tax,2.17.0,0.0,0.0,0.0,False,0.0,False
latest_final,scenario_089,NC,payroll_tax,2.17.0,5039.91015625,5039.91015625,5039.91015625,False,0.0,False
latest_final,scenario_089,NC,head_chip_eligible,2.17.0,0.0,0.0,0.0,False,0.0,False
latest_final,scenario_089,NC,spouse_chip_eligible,2.17.0,0.0,0.0,0.0,False,0.0,False
latest_final,scenario_089,NC,head_medicaid_eligible,2.17.0,0.0,0.0,0.0,False,0.0,False
latest_final,scenario_089,NC,spouse_medicaid_eligible,2.17.0,0.0,0.0,0.0,False,0.0,False
latest_final,scenario_089,NC,head_medicare_eligible,2.17.0,0.0,0.0,0.0,False,0.0,False
latest_final,scenario_089,NC,spouse_medicare_eligible,2.17.0,0.0,0.0,0.0,False,0.0,False
latest_final,scenario_089,NC,head_wic_eligible,2.17.0,0.0,0.0,0.0,False,0.0,False
latest_final,scenario_089,NC,spouse_wic_eligible,2.17.0,0.0,0.0,0.0,False,0.0,False
latest_final,scenario_089,NC,reduced_price_school_meals_eligible,2.17.0,0.0,0.0,0.0,False,0.0,False
latest_final,scenario_089,NC,self_employment_tax,2.17.0,4286.24072265625,4286.24072265625,4286.24072265625,False,0.0,False
latest_final,scenario_089,NC,snap,2.17.0,0.0,0.0,0.0,False,0.0,False
latest_final,scenario_089,NC,ssi,2.17.0,0.0,0.0,0.0,False,0.0,False
latest_final,scenario_089,NC,state_income_tax_before_refundable_credits,2.17.0,3219.935302734375,3219.935302734375,3219.935302734375,False,0.0,False
latest_final,scenario_089,NC,state_refundable_credits,2.17.0,0.0,0.0,0.0,False,0.0,False
latest_final,scenario_089,NC,tanf,2.17.0,0.0,0.0,0.0,False,0.0,False
latest_final,scenario_090,KS,federal_income_tax_before_refundable_credits,2.17.0,0.0,0.0,0.0,False,0.0,False
latest_final,scenario_090,KS,federal_refundable_credits,2.17.0,0.0,0.0,0.0,False,0.0,False
latest_final,scenario_090,KS,free_school_meals_eligible,2.17.0,0.0,0.0,0.0,False,0.0,False
latest_final,scenario_090,KS,local_income_tax,2.17.0,0.0,0.0,0.0,False,0.0,False
latest_final,scenario_090,KS,payroll_tax,2.17.0,535.5,535.5,535.5,False,0.0,False
latest_final,scenario_090,KS,head_chip_eligible,2.17.0,0.0,0.0,0.0,False,0.0,False
latest_final,scenario_090,KS,head_medicaid_eligible,2.17.0,0.0,0.0,0.0,False,0.0,False
latest_final,scenario_090,KS,head_medicare_eligible,2.17.0,0.0,0.0,0.0,False,0.0,False
latest_final,scenario_090,KS,head_wic_eligible,2.17.0,0.0,0.0,0.0,False,0.0,False
latest_final,scenario_090,KS,reduced_price_school_meals_eligible,2.17.0,0.0,0.0,0.0,False,0.0,False
latest_final,scenario_090,KS,self_employment_tax,2.17.0,0.0,0.0,0.0,False,0.0,False
latest_final,scenario_090,KS,snap,2.17.0,0.0,0.0,0.0,False,0.0,False
latest_final,scenario_090,KS,ssi,2.17.0,0.0,0.0,0.0,False,0.0,False
latest_final,scenario_090,KS,state_income_tax_before_refundable_credits,2.17.0,0.0,0.0,0.0,False,0.0,False
latest_final,scenario_090,KS,state_refundable_credits,2.17.0,0.0,0.0,0.0,False,0.0,False
latest_final,scenario_090,KS,tanf,2.17.0,0.0,0.0,0.0,False,0.0,False
latest_final,scenario_091,WI,federal_income_tax_before_refundable_credits,2.17.0,1349.998779296875,1349.998779296875,1349.998779296875,False,0.0,False
latest_final,scenario_091,WI,federal_refundable_credits,2.17.0,0.0,0.0,0.0,False,0.0,False
latest_final,scenario_091,WI,free_school_meals_eligible,2.17.0,0.0,0.0,0.0,False,0.0,False
latest_final,scenario_091,WI,local_income_tax,2.17.0,0.0,0.0,0.0,False,0.0,False
latest_final,scenario_091,WI,payroll_tax,2.17.0,2065.5,2065.5,2065.5,False,0.0,False
latest_final,scenario_091,WI,head_chip_eligible,2.17.0,0.0,0.0,0.0,False,0.0,False
latest_final,scenario_091,WI,head_medicaid_eligible,2.17.0,0.0,0.0,0.0,False,0.0,False
latest_final,scenario_091,WI,head_medicare_eligible,2.17.0,0.0,0.0,0.0,False,0.0,False
latest_final,scenario_091,WI,head_wic_eligible,2.17.0,0.0,0.0,0.0,False,0.0,False
latest_final,scenario_091,WI,reduced_price_school_meals_eligible,2.17.0,0.0,0.0,0.0,False,0.0,False
latest_final,scenario_091,WI,self_employment_tax,2.17.0,0.0,0.0,0.0,False,0.0,False
latest_final,scenario_091,WI,snap,2.17.0,0.0,0.0,0.0,False,0.0,False
latest_final,scenario_091,WI,ssi,2.17.0,0.0,0.0,0.0,False,0.0,False
latest_final,scenario_091,WI,state_income_tax_before_refundable_credits,2.17.0,843.6614990234375,843.6614990234375,895.8131103515625,True,52.151611328125,True
latest_final,scenario_091,WI,state_refundable_credits,2.17.0,0.0,0.0,0.0,False,0.0,False
latest_final,scenario_091,WI,tanf,2.17.0,0.0,0.0,0.0,False,0.0,False
latest_final,scenario_092,AL,federal_income_tax_before_refundable_credits,2.17.0,0.0,0.0,0.0,False,0.0,False
latest_final,scenario_092,AL,federal_refundable_credits,2.17.0,0.0,0.0,0.0,False,0.0,False
latest_final,scenario_092,AL,free_school_meals_eligible,2.17.0,0.0,0.0,0.0,False,0.0,False
latest_final,scenario_092,AL,local_income_tax,2.17.0,0.0,0.0,0.0,False,0.0,False
latest_final,scenario_092,AL,payroll_tax,2.17.0,0.0,0.0,0.0,False,0.0,False
latest_final,scenario_092,AL,head_chip_eligible,2.17.0,0.0,0.0,0.0,False,0.0,False
latest_final,scenario_092,AL,head_medicaid_eligible,2.17.0,0.0,0.0,0.0,False,0.0,False
latest_final,scenario_092,AL,head_medicare_eligible,2.17.0,1.0,1.0,1.0,False,0.0,False
latest_final,scenario_092,AL,head_wic_eligible,2.17.0,0.0,0.0,0.0,False,0.0,False
latest_final,scenario_092,AL,reduced_price_school_meals_eligible,2.17.0,0.0,0.0,0.0,False,0.0,False
latest_final,scenario_092,AL,self_employment_tax,2.17.0,0.0,0.0,0.0,False,0.0,False
latest_final,scenario_092,AL,snap,2.17.0,0.0,0.0,0.0,False,0.0,False
latest_final,scenario_092,AL,ssi,2.17.0,0.0,0.0,0.0,False,0.0,False
latest_final,scenario_092,AL,state_income_tax_before_refundable_credits,2.17.0,0.0,0.0,0.0,False,0.0,False
latest_final,scenario_092,AL,state_refundable_credits,2.17.0,0.0,0.0,0.0,False,0.0,False
latest_final,scenario_092,AL,tanf,2.17.0,0.0,0.0,0.0,False,0.0,False
latest_final,scenario_093,MO,federal_income_tax_before_refundable_credits,2.17.0,8628.990234375,8628.990234375,8628.990234375,False,0.0,False
latest_final,scenario_093,MO,federal_refundable_credits,2.17.0,0.0,0.0,0.0,False,0.0,False
latest_final,scenario_093,MO,free_school_meals_eligible,2.17.0,0.0,0.0,0.0,False,0.0,False
latest_final,scenario_093,MO,local_income_tax,2.17.0,0.0,0.0,0.0,False,0.0,False
latest_final,scenario_093,MO,payroll_tax,2.17.0,12469.5,12469.5,12469.5,False,0.0,False
latest_final,scenario_093,MO,head_chip_eligible,2.17.0,0.0,0.0,0.0,False,0.0,False
latest_final,scenario_093,MO,spouse_chip_eligible,2.17.0,0.0,0.0,0.0,False,0.0,False
latest_final,scenario_093,MO,dependent1_chip_eligible,2.17.0,0.0,0.0,0.0,False,0.0,False
latest_final,scenario_093,MO,head_medicaid_eligible,2.17.0,0.0,0.0,0.0,False,0.0,False
latest_final,scenario_093,MO,spouse_medicaid_eligible,2.17.0,0.0,0.0,0.0,False,0.0,False
latest_final,scenario_093,MO,dependent1_medicaid_eligible,2.17.0,0.0,0.0,0.0,False,0.0,False
latest_final,scenario_093,MO,head_medicare_eligible,2.17.0,0.0,0.0,0.0,False,0.0,False
latest_final,scenario_093,MO,spouse_medicare_eligible,2.17.0,0.0,0.0,0.0,False,0.0,False
latest_final,scenario_093,MO,dependent1_medicare_eligible,2.17.0,0.0,0.0,0.0,False,0.0,False
latest_final,scenario_093,MO,head_wic_eligible,2.17.0,0.0,0.0,0.0,False,0.0,False
latest_final,scenario_093,MO,spouse_wic_eligible,2.17.0,0.0,0.0,0.0,False,0.0,False
latest_final,scenario_093,MO,dependent1_wic_eligible,2.17.0,0.0,0.0,0.0,False,0.0,False
latest_final,scenario_093,MO,reduced_price_school_meals_eligible,2.17.0,0.0,0.0,0.0,False,0.0,False
latest_final,scenario_093,MO,self_employment_tax,2.17.0,0.0,0.0,0.0,False,0.0,False
latest_final,scenario_093,MO,snap,2.17.0,0.0,0.0,0.0,False,0.0,False
latest_final,scenario_093,MO,ssi,2.17.0,0.0,0.0,0.0,False,0.0,False
latest_final,scenario_093,MO,state_income_tax_before_refundable_credits,2.17.0,3388.24560546875,3389.65087890625,3388.24560546875,True,0.0,False
latest_final,scenario_093,MO,state_refundable_credits,2.17.0,0.0,0.0,0.0,False,0.0,False
latest_final,scenario_093,MO,tanf,2.17.0,0.0,0.0,0.0,False,0.0,False
latest_final,scenario_095,NJ,federal_income_tax_before_refundable_credits,2.17.0,0.0,0.0,0.0,False,0.0,False
latest_final,scenario_095,NJ,federal_refundable_credits,2.17.0,0.0,0.0,0.0,False,0.0,False
latest_final,scenario_095,NJ,free_school_meals_eligible,2.17.0,0.0,0.0,0.0,False,0.0,False
latest_final,scenario_095,NJ,local_income_tax,2.17.0,0.0,0.0,0.0,False,0.0,False
latest_final,scenario_095,NJ,payroll_tax,2.17.0,0.0,0.0,0.0,False,0.0,False
latest_final,scenario_095,NJ,head_chip_eligible,2.17.0,0.0,0.0,0.0,False,0.0,False
latest_final,scenario_095,NJ,head_medicaid_eligible,2.17.0,0.0,0.0,0.0,False,0.0,False
latest_final,scenario_095,NJ,head_medicare_eligible,2.17.0,1.0,1.0,1.0,False,0.0,False
latest_final,scenario_095,NJ,head_wic_eligible,2.17.0,0.0,0.0,0.0,False,0.0,False
latest_final,scenario_095,NJ,reduced_price_school_meals_eligible,2.17.0,0.0,0.0,0.0,False,0.0,False
latest_final,scenario_095,NJ,self_employment_tax,2.17.0,593.2291259765625,593.2291259765625,593.2291259765625,False,0.0,False
latest_final,scenario_095,NJ,snap,2.17.0,0.0,0.0,0.0,False,0.0,False
latest_final,scenario_095,NJ,ssi,2.17.0,0.0,0.0,0.0,False,0.0,False
latest_final,scenario_095,NJ,state_income_tax_before_refundable_credits,2.17.0,0.0,0.0,0.0,False,0.0,False
latest_final,scenario_095,NJ,state_refundable_credits,2.17.0,0.0,0.0,0.0,False,0.0,False
latest_final,scenario_095,NJ,tanf,2.17.0,0.0,0.0,0.0,False,0.0,False
latest_final,scenario_098,IL,federal_income_tax_before_refundable_credits,2.17.0,0.0,0.0,0.0,False,0.0,False
latest_final,scenario_098,IL,federal_refundable_credits,2.17.0,0.0,0.0,0.0,False,0.0,False
latest_final,scenario_098,IL,free_school_meals_eligible,2.17.0,0.0,0.0,0.0,False,0.0,False
latest_final,scenario_098,IL,local_income_tax,2.17.0,0.0,0.0,0.0,False,0.0,False
latest_final,scenario_098,IL,payroll_tax,2.17.0,0.0,0.0,0.0,False,0.0,False
latest_final,scenario_098,IL,head_chip_eligible,2.17.0,0.0,0.0,0.0,False,0.0,False
latest_final,scenario_098,IL,head_medicaid_eligible,2.17.0,0.0,0.0,0.0,False,0.0,False
latest_final,scenario_098,IL,head_medicare_eligible,2.17.0,1.0,1.0,1.0,False,0.0,False
latest_final,scenario_098,IL,head_wic_eligible,2.17.0,0.0,0.0,0.0,False,0.0,False
latest_final,scenario_098,IL,reduced_price_school_meals_eligible,2.17.0,0.0,0.0,0.0,False,0.0,False
latest_final,scenario_098,IL,self_employment_tax,2.17.0,0.0,0.0,0.0,False,0.0,False
latest_final,scenario_098,IL,snap,2.17.0,0.0,0.0,0.0,False,0.0,False
latest_final,scenario_098,IL,ssi,2.17.0,0.0,0.0,0.0,False,0.0,False
latest_final,scenario_098,IL,state_income_tax_before_refundable_credits,2.17.0,0.0,0.0,0.0,False,0.0,False
latest_final,scenario_098,IL,state_refundable_credits,2.17.0,0.0,0.0,0.0,False,0.0,False
latest_final,scenario_098,IL,tanf,2.17.0,0.0,0.0,0.0,False,0.0,False
latest_final,scenario_099,CA,federal_income_tax_before_refundable_credits,2.17.0,10679.75,10679.75,10679.75,False,0.0,False
latest_final,scenario_099,CA,federal_refundable_credits,2.17.0,0.0,0.0,0.0,False,0.0,False
latest_final,scenario_099,CA,free_school_meals_eligible,2.17.0,1.0,1.0,1.0,False,0.0,False
latest_final,scenario_099,CA,local_income_tax,2.17.0,0.0,0.0,0.0,False,0.0,False
latest_final,scenario_099,CA,payroll_tax,2.17.0,14767.5,14767.5,14767.5,False,0.0,False
latest_final,scenario_099,CA,head_chip_eligible,2.17.0,0.0,0.0,0.0,False,0.0,False
latest_final,scenario_099,CA,spouse_chip_eligible,2.17.0,0.0,0.0,0.0,False,0.0,False
latest_final,scenario_099,CA,child1_chip_eligible,2.17.0,0.0,0.0,0.0,False,0.0,False
latest_final,scenario_099,CA,child2_chip_eligible,2.17.0,0.0,0.0,0.0,False,0.0,False
latest_final,scenario_099,CA,child1_early_head_start_eligible,2.17.0,0.0,0.0,0.0,False,0.0,False
latest_final,scenario_099,CA,child2_early_head_start_eligible,2.17.0,0.0,0.0,0.0,False,0.0,False
latest_final,scenario_099,CA,child1_head_start_eligible,2.17.0,0.0,0.0,0.0,False,0.0,False
latest_final,scenario_099,CA,child2_head_start_eligible,2.17.0,0.0,0.0,0.0,False,0.0,False
latest_final,scenario_099,CA,head_medicaid_eligible,2.17.0,0.0,0.0,0.0,False,0.0,False
latest_final,scenario_099,CA,spouse_medicaid_eligible,2.17.0,0.0,0.0,0.0,False,0.0,False
latest_final,scenario_099,CA,child1_medicaid_eligible,2.17.0,0.0,0.0,0.0,False,0.0,False
latest_final,scenario_099,CA,child2_medicaid_eligible,2.17.0,0.0,0.0,0.0,False,0.0,False
latest_final,scenario_099,CA,head_medicare_eligible,2.17.0,0.0,0.0,0.0,False,0.0,False
latest_final,scenario_099,CA,spouse_medicare_eligible,2.17.0,0.0,0.0,0.0,False,0.0,False
latest_final,scenario_099,CA,child1_medicare_eligible,2.17.0,0.0,0.0,0.0,False,0.0,False
latest_final,scenario_099,CA,child2_medicare_eligible,2.17.0,0.0,0.0,0.0,False,0.0,False
latest_final,scenario_099,CA,head_wic_eligible,2.17.0,0.0,0.0,0.0,False,0.0,False
latest_final,scenario_099,CA,spouse_wic_eligible,2.17.0,0.0,0.0,0.0,False,0.0,False
latest_final,scenario_099,CA,child1_wic_eligible,2.17.0,0.0,0.0,0.0,False,0.0,False
latest_final,scenario_099,CA,child2_wic_eligible,2.17.0,0.0,0.0,0.0,False,0.0,False
latest_final,scenario_099,CA,reduced_price_school_meals_eligible,2.17.0,0.0,0.0,0.0,False,0.0,False
latest_final,scenario_099,CA,self_employment_tax,2.17.0,0.0,0.0,0.0,False,0.0,False
latest_final,scenario_099,CA,snap,2.17.0,0.0,0.0,0.0,False,0.0,False
latest_final,scenario_099,CA,ssi,2.17.0,0.0,0.0,0.0,False,0.0,False
latest_final,scenario_099,CA,state_income_tax_before_refundable_credits,2.17.0,4493.7431640625,4493.7431640625,4640.77734375,True,147.0341796875,True
latest_final,scenario_099,CA,state_refundable_credits,2.17.0,0.0,0.0,0.0,False,0.0,False
latest_final,scenario_099,CA,tanf,2.17.0,0.0,0.0,0.0,False,0.0,False
latest_final,scenario_100,MT,federal_income_tax_before_refundable_credits,2.17.0,0.0,0.0,0.0,False,0.0,False
latest_final,scenario_100,MT,federal_refundable_credits,2.17.0,2878.0966796875,2878.0966796875,2878.0966796875,False,0.0,False
latest_final,scenario_100,MT,free_school_meals_eligible,2.17.0,1.0,1.0,1.0,False,0.0,False
latest_final,scenario_100,MT,local_income_tax,2.17.0,0.0,0.0,0.0,False,0.0,False
latest_final,scenario_100,MT,payroll_tax,2.17.0,452.47613525390625,452.47613525390625,452.47613525390625,False,0.0,False
latest_final,scenario_100,MT,head_chip_eligible,2.17.0,0.0,0.0,0.0,False,0.0,False
latest_final,scenario_100,MT,child1_chip_eligible,2.17.0,0.0,0.0,0.0,False,0.0,False
latest_final,scenario_100,MT,child2_chip_eligible,2.17.0,0.0,0.0,0.0,False,0.0,False
latest_final,scenario_100,MT,child1_early_head_start_eligible,2.17.0,0.0,0.0,0.0,False,0.0,False
latest_final,scenario_100,MT,child2_early_head_start_eligible,2.17.0,0.0,0.0,0.0,False,0.0,False
latest_final,scenario_100,MT,child1_head_start_eligible,2.17.0,0.0,0.0,0.0,False,0.0,False
latest_final,scenario_100,MT,child2_head_start_eligible,2.17.0,1.0,1.0,1.0,False,0.0,False
latest_final,scenario_100,MT,head_medicaid_eligible,2.17.0,1.0,1.0,1.0,False,0.0,False
latest_final,scenario_100,MT,child1_medicaid_eligible,2.17.0,1.0,1.0,1.0,False,0.0,False
latest_final,scenario_100,MT,child2_medicaid_eligible,2.17.0,1.0,1.0,1.0,False,0.0,False
latest_final,scenario_100,MT,head_medicare_eligible,2.17.0,0.0,0.0,0.0,False,0.0,False
latest_final,scenario_100,MT,child1_medicare_eligible,2.17.0,0.0,0.0,0.0,False,0.0,False
latest_final,scenario_100,MT,child2_medicare_eligible,2.17.0,0.0,0.0,0.0,False,0.0,False
latest_final,scenario_100,MT,head_wic_eligible,2.17.0,0.0,0.0,0.0,False,0.0,False
latest_final,scenario_100,MT,child1_wic_eligible,2.17.0,0.0,0.0,0.0,False,0.0,False
latest_final,scenario_100,MT,child2_wic_eligible,2.17.0,0.0,0.0,0.0,False,0.0,False
latest_final,scenario_100,MT,reduced_price_school_meals_eligible,2.17.0,0.0,0.0,0.0,False,0.0,False
latest_final,scenario_100,MT,self_employment_tax,2.17.0,0.0,0.0,0.0,False,0.0,False
latest_final,scenario_100,MT,snap,2.17.0,8625.8896484375,8625.8896484375,8556.0,True,-69.8896484375,True
latest_final,scenario_100,MT,ssi,2.17.0,0.0,0.0,0.0,False,0.0,False
latest_final,scenario_100,MT,state_income_tax_before_refundable_credits,2.17.0,0.0,0.0,0.0,False,0.0,False
latest_final,scenario_100,MT,state_refundable_credits,2.17.0,473.1777038574219,473.1777038574219,473.1777038574219,False,0.0,False
latest_final,scenario_100,MT,tanf,2.17.0,6064.958984375,6064.958984375,6064.958984375,False,0.0,False
latest_final,scenario_101,TX,federal_income_tax_before_refundable_credits,2.17.0,13418.599609375,13418.599609375,13418.599609375,False,0.0,False
latest_final,scenario_101,TX,federal_refundable_credits,2.17.0,0.0,0.0,0.0,False,0.0,False
latest_final,scenario_101,TX,free_school_meals_eligible,2.17.0,0.0,0.0,0.0,False,0.0,False
latest_final,scenario_101,TX,local_income_tax,2.17.0,0.0,0.0,0.0,False,0.0,False
latest_final,scenario_101,TX,payroll_tax,2.17.0,7879.5,7879.5,7879.5,False,0.0,False
latest_final,scenario_101,TX,head_chip_eligible,2.17.0,0.0,0.0,0.0,False,0.0,False
latest_final,scenario_101,TX,head_medicaid_eligible,2.17.0,0.0,0.0,0.0,False,0.0,False
latest_final,scenario_101,TX,head_medicare_eligible,2.17.0,0.0,0.0,0.0,False,0.0,False
latest_final,scenario_101,TX,head_wic_eligible,2.17.0,0.0,0.0,0.0,False,0.0,False
latest_final,scenario_101,TX,reduced_price_school_meals_eligible,2.17.0,0.0,0.0,0.0,False,0.0,False
latest_final,scenario_101,TX,self_employment_tax,2.17.0,0.0,0.0,0.0,False,0.0,False
latest_final,scenario_101,TX,snap,2.17.0,0.0,0.0,0.0,False,0.0,False
latest_final,scenario_101,TX,ssi,2.17.0,0.0,0.0,0.0,False,0.0,False
latest_final,scenario_101,TX,state_income_tax_before_refundable_credits,2.17.0,0.0,0.0,0.0,False,0.0,False
latest_final,scenario_101,TX,state_refundable_credits,2.17.0,0.0,0.0,0.0,False,0.0,False
latest_final,scenario_101,TX,tanf,2.17.0,0.0,0.0,0.0,False,0.0,False
latest_final,scenario_102,NC,federal_income_tax_before_refundable_credits,2.17.0,6104.09619140625,6104.09619140625,6104.09619140625,False,0.0,False
latest_final,scenario_102,NC,federal_refundable_credits,2.17.0,0.0,0.0,0.0,False,0.0,False
latest_final,scenario_102,NC,free_school_meals_eligible,2.17.0,0.0,0.0,0.0,False,0.0,False
latest_final,scenario_102,NC,local_income_tax,2.17.0,0.0,0.0,0.0,False,0.0,False
latest_final,scenario_102,NC,payroll_tax,2.17.0,6670.7998046875,6670.7998046875,6670.7998046875,False,0.0,False
latest_final,scenario_102,NC,head_chip_eligible,2.17.0,0.0,0.0,0.0,False,0.0,False
latest_final,scenario_102,NC,spouse_chip_eligible,2.17.0,0.0,0.0,0.0,False,0.0,False
latest_final,scenario_102,NC,head_medicaid_eligible,2.17.0,0.0,0.0,0.0,False,0.0,False
latest_final,scenario_102,NC,spouse_medicaid_eligible,2.17.0,0.0,0.0,0.0,False,0.0,False
latest_final,scenario_102,NC,head_medicare_eligible,2.17.0,0.0,0.0,0.0,False,0.0,False
latest_final,scenario_102,NC,spouse_medicare_eligible,2.17.0,0.0,0.0,0.0,False,0.0,False
latest_final,scenario_102,NC,head_wic_eligible,2.17.0,0.0,0.0,0.0,False,0.0,False
latest_final,scenario_102,NC,spouse_wic_eligible,2.17.0,0.0,0.0,0.0,False,0.0,False
latest_final,scenario_102,NC,reduced_price_school_meals_eligible,2.17.0,0.0,0.0,0.0,False,0.0,False
latest_final,scenario_102,NC,self_employment_tax,2.17.0,0.0,0.0,0.0,False,0.0,False
latest_final,scenario_102,NC,snap,2.17.0,0.0,0.0,0.0,False,0.0,False
latest_final,scenario_102,NC,ssi,2.17.0,0.0,0.0,0.0,False,0.0,False
latest_final,scenario_102,NC,state_income_tax_before_refundable_credits,2.17.0,2461.869873046875,2461.869873046875,2461.869873046875,False,0.0,False
latest_final,scenario_102,NC,state_refundable_credits,2.17.0,0.0,0.0,0.0,False,0.0,False
latest_final,scenario_102,NC,tanf,2.17.0,0.0,0.0,0.0,False,0.0,False
latest_final,scenario_104,NY,federal_income_tax_before_refundable_credits,2.17.0,0.0,0.0,0.0,False,0.0,False
latest_final,scenario_104,NY,federal_refundable_credits,2.17.0,0.0,0.0,0.0,False,0.0,False
latest_final,scenario_104,NY,free_school_meals_eligible,2.17.0,0.0,0.0,0.0,False,0.0,False
latest_final,scenario_104,NY,local_income_tax,2.17.0,0.0,0.0,0.0,False,0.0,False
latest_final,scenario_104,NY,payroll_tax,2.17.0,0.0,0.0,0.0,False,0.0,False
latest_final,scenario_104,NY,head_chip_eligible,2.17.0,0.0,0.0,0.0,False,0.0,False
latest_final,scenario_104,NY,head_medicaid_eligible,2.17.0,0.0,0.0,0.0,False,0.0,False
latest_final,scenario_104,NY,head_medicare_eligible,2.17.0,1.0,1.0,1.0,False,0.0,False
latest_final,scenario_104,NY,head_wic_eligible,2.17.0,0.0,0.0,0.0,False,0.0,False
latest_final,scenario_104,NY,reduced_price_school_meals_eligible,2.17.0,0.0,0.0,0.0,False,0.0,False
latest_final,scenario_104,NY,self_employment_tax,2.17.0,0.0,0.0,0.0,False,0.0,False
latest_final,scenario_104,NY,snap,2.17.0,0.0,0.0,0.0,False,0.0,False
latest_final,scenario_104,NY,ssi,2.17.0,0.0,0.0,0.0,False,0.0,False
latest_final,scenario_104,NY,state_income_tax_before_refundable_credits,2.17.0,0.0,0.0,0.0,False,0.0,False
latest_final,scenario_104,NY,state_refundable_credits,2.17.0,0.0,375.0,0.0,True,0.0,False
latest_final,scenario_104,NY,tanf,2.17.0,0.0,0.0,0.0,False,0.0,False
latest_final,scenario_107,OH,federal_income_tax_before_refundable_credits,2.17.0,0.0,0.0,0.0,False,0.0,False
latest_final,scenario_107,OH,federal_refundable_credits,2.17.0,0.0,0.0,0.0,False,0.0,False
latest_final,scenario_107,OH,free_school_meals_eligible,2.17.0,0.0,0.0,0.0,False,0.0,False
latest_final,scenario_107,OH,local_income_tax,2.17.0,0.0,0.0,0.0,False,0.0,False
latest_final,scenario_107,OH,payroll_tax,2.17.0,486.9607238769531,486.9607238769531,486.9607238769531,False,0.0,False
latest_final,scenario_107,OH,head_chip_eligible,2.17.0,0.0,0.0,0.0,False,0.0,False
latest_final,scenario_107,OH,head_medicaid_eligible,2.17.0,0.0,0.0,0.0,False,0.0,False
latest_final,scenario_107,OH,head_medicare_eligible,2.17.0,1.0,1.0,1.0,False,0.0,False
latest_final,scenario_107,OH,head_wic_eligible,2.17.0,0.0,0.0,0.0,False,0.0,False
latest_final,scenario_107,OH,reduced_price_school_meals_eligible,2.17.0,0.0,0.0,0.0,False,0.0,False
latest_final,scenario_107,OH,self_employment_tax,2.17.0,0.0,0.0,0.0,False,0.0,False
latest_final,scenario_107,OH,snap,2.17.0,0.0,0.0,0.0,False,0.0,False
latest_final,scenario_107,OH,ssi,2.17.0,0.0,0.0,0.0,False,0.0,False
latest_final,scenario_107,OH,state_income_tax_before_refundable_credits,2.17.0,0.0,0.0,0.0,False,0.0,False
latest_final,scenario_107,OH,state_refundable_credits,2.17.0,0.0,0.0,0.0,False,0.0,False
latest_final,scenario_107,OH,tanf,2.17.0,0.0,0.0,0.0,False,0.0,False
latest_final,scenario_108,WI,federal_income_tax_before_refundable_credits,2.17.0,0.0,0.0,0.0,False,0.0,False
latest_final,scenario_108,WI,federal_refundable_credits,2.17.0,0.0,0.0,0.0,False,0.0,False
latest_final,scenario_108,WI,free_school_meals_eligible,2.17.0,0.0,0.0,0.0,False,0.0,False
latest_final,scenario_108,WI,local_income_tax,2.17.0,0.0,0.0,0.0,False,0.0,False
latest_final,scenario_108,WI,payroll_tax,2.17.0,585.6839599609375,585.6839599609375,585.6839599609375,False,0.0,False
latest_final,scenario_108,WI,head_chip_eligible,2.17.0,0.0,0.0,0.0,False,0.0,False
latest_final,scenario_108,WI,head_medicaid_eligible,2.17.0,0.0,0.0,0.0,False,0.0,False
latest_final,scenario_108,WI,head_medicare_eligible,2.17.0,1.0,1.0,1.0,False,0.0,False
latest_final,scenario_108,WI,head_wic_eligible,2.17.0,0.0,0.0,0.0,False,0.0,False
latest_final,scenario_108,WI,reduced_price_school_meals_eligible,2.17.0,0.0,0.0,0.0,False,0.0,False
latest_final,scenario_108,WI,self_employment_tax,2.17.0,0.0,0.0,0.0,False,0.0,False
latest_final,scenario_108,WI,snap,2.17.0,288.0,287.68316650390625,288.0,False,0.0,False
latest_final,scenario_108,WI,ssi,2.17.0,0.0,0.0,0.0,False,0.0,False
latest_final,scenario_108,WI,state_income_tax_before_refundable_credits,2.17.0,0.0,0.0,0.0,False,0.0,False
latest_final,scenario_108,WI,state_refundable_credits,2.17.0,271.3916015625,271.3916015625,271.3916015625,False,0.0,False
latest_final,scenario_108,WI,tanf,2.17.0,0.0,0.0,0.0,False,0.0,False
latest_final,scenario_109,FL,federal_income_tax_before_refundable_credits,2.17.0,0.0,0.0,0.0,False,0.0,False
latest_final,scenario_109,FL,federal_refundable_credits,2.17.0,12038.0859375,12038.0859375,12038.0859375,False,0.0,False
latest_final,scenario_109,FL,free_school_meals_eligible,2.17.0,1.0,1.0,1.0,False,0.0,False
latest_final,scenario_109,FL,local_income_tax,2.17.0,0.0,0.0,0.0,False,0.0,False
latest_final,scenario_109,FL,payroll_tax,2.17.0,0.0,0.0,0.0,False,0.0,False
latest_final,scenario_109,FL,head_chip_eligible,2.17.0,0.0,0.0,0.0,False,0.0,False
latest_final,scenario_109,FL,spouse_chip_eligible,2.17.0,0.0,0.0,0.0,False,0.0,False
latest_final,scenario_109,FL,child1_chip_eligible,2.17.0,0.0,0.0,0.0,False,0.0,False
latest_final,scenario_109,FL,child2_chip_eligible,2.17.0,0.0,0.0,0.0,False,0.0,False
latest_final,scenario_109,FL,child3_chip_eligible,2.17.0,0.0,0.0,0.0,False,0.0,False
latest_final,scenario_109,FL,child1_early_head_start_eligible,2.17.0,0.0,0.0,0.0,False,0.0,False
latest_final,scenario_109,FL,child2_early_head_start_eligible,2.17.0,0.0,0.0,0.0,False,0.0,False
latest_final,scenario_109,FL,child3_early_head_start_eligible,2.17.0,1.0,1.0,1.0,False,0.0,False
latest_final,scenario_109,FL,child1_head_start_eligible,2.17.0,0.0,0.0,0.0,False,0.0,False
latest_final,scenario_109,FL,child2_head_start_eligible,2.17.0,0.0,0.0,0.0,False,0.0,False
latest_final,scenario_109,FL,child3_head_start_eligible,2.17.0,0.0,0.0,0.0,False,0.0,False
latest_final,scenario_109,FL,head_medicaid_eligible,2.17.0,0.0,0.0,0.0,False,0.0,False
latest_final,scenario_109,FL,spouse_medicaid_eligible,2.17.0,0.0,0.0,0.0,False,0.0,False
latest_final,scenario_109,FL,child1_medicaid_eligible,2.17.0,1.0,1.0,1.0,False,0.0,False
latest_final,scenario_109,FL,child2_medicaid_eligible,2.17.0,1.0,1.0,1.0,False,0.0,False
latest_final,scenario_109,FL,child3_medicaid_eligible,2.17.0,1.0,1.0,1.0,False,0.0,False
latest_final,scenario_109,FL,head_medicare_eligible,2.17.0,0.0,0.0,0.0,False,0.0,False
latest_final,scenario_109,FL,spouse_medicare_eligible,2.17.0,0.0,0.0,0.0,False,0.0,False
latest_final,scenario_109,FL,child1_medicare_eligible,2.17.0,0.0,0.0,0.0,False,0.0,False
latest_final,scenario_109,FL,child2_medicare_eligible,2.17.0,0.0,0.0,0.0,False,0.0,False
latest_final,scenario_109,FL,child3_medicare_eligible,2.17.0,0.0,0.0,0.0,False,0.0,False
latest_final,scenario_109,FL,head_wic_eligible,2.17.0,0.0,0.0,0.0,False,0.0,False
latest_final,scenario_109,FL,spouse_wic_eligible,2.17.0,0.0,0.0,0.0,False,0.0,False
latest_final,scenario_109,FL,child1_wic_eligible,2.17.0,0.0,0.0,0.0,False,0.0,False
latest_final,scenario_109,FL,child2_wic_eligible,2.17.0,0.0,0.0,0.0,False,0.0,False
latest_final,scenario_109,FL,child3_wic_eligible,2.17.0,1.0,1.0,1.0,False,0.0,False
latest_final,scenario_109,FL,reduced_price_school_meals_eligible,2.17.0,0.0,0.0,0.0,False,0.0,False
latest_final,scenario_109,FL,self_employment_tax,2.17.0,4238.86474609375,4238.86474609375,4238.86474609375,False,0.0,False
latest_final,scenario_109,FL,snap,2.17.0,7932.0,8020.55419921875,7932.0,True,0.0,False
latest_final,scenario_109,FL,ssi,2.17.0,0.0,0.0,0.0,False,0.0,False
latest_final,scenario_109,FL,state_income_tax_before_refundable_credits,2.17.0,0.0,0.0,0.0,False,0.0,False
latest_final,scenario_109,FL,state_refundable_credits,2.17.0,0.0,0.0,0.0,False,0.0,False
latest_final,scenario_109,FL,tanf,2.17.0,0.0,0.0,0.0,False,0.0,False
latest_final,scenario_110,OH,federal_income_tax_before_refundable_credits,2.17.0,23897.443359375,23897.443359375,23897.443359375,False,0.0,False
latest_final,scenario_110,OH,federal_refundable_credits,2.17.0,0.0,0.0,0.0,False,0.0,False
latest_final,scenario_110,OH,free_school_meals_eligible,2.17.0,0.0,0.0,0.0,False,0.0,False
latest_final,scenario_110,OH,local_income_tax,2.17.0,0.0,0.0,0.0,False,0.0,False
latest_final,scenario_110,OH,payroll_tax,2.17.0,7650.0,7650.0,7650.0,False,0.0,False
latest_final,scenario_110,OH,head_chip_eligible,2.17.0,0.0,0.0,0.0,False,0.0,False
latest_final,scenario_110,OH,head_medicaid_eligible,2.17.0,0.0,0.0,0.0,False,0.0,False
latest_final,scenario_110,OH,head_medicare_eligible,2.17.0,0.0,0.0,0.0,False,0.0,False
latest_final,scenario_110,OH,head_wic_eligible,2.17.0,0.0,0.0,0.0,False,0.0,False
latest_final,scenario_110,OH,reduced_price_school_meals_eligible,2.17.0,0.0,0.0,0.0,False,0.0,False
latest_final,scenario_110,OH,self_employment_tax,2.17.0,0.0,0.0,0.0,False,0.0,False
latest_final,scenario_110,OH,snap,2.17.0,0.0,0.0,0.0,False,0.0,False
latest_final,scenario_110,OH,ssi,2.17.0,0.0,0.0,0.0,False,0.0,False
latest_final,scenario_110,OH,state_income_tax_before_refundable_credits,2.17.0,4057.47216796875,4057.47216796875,4057.47216796875,False,0.0,False
latest_final,scenario_110,OH,state_refundable_credits,2.17.0,0.0,0.0,0.0,False,0.0,False
latest_final,scenario_110,OH,tanf,2.17.0,0.0,0.0,0.0,False,0.0,False
latest_final,scenario_111,WA,federal_income_tax_before_refundable_credits,2.17.0,0.0,0.0,0.0,False,0.0,False
latest_final,scenario_111,WA,federal_refundable_credits,2.17.0,0.0,0.0,0.0,False,0.0,False
latest_final,scenario_111,WA,free_school_meals_eligible,2.17.0,0.0,0.0,0.0,False,0.0,False
latest_final,scenario_111,WA,local_income_tax,2.17.0,0.0,0.0,0.0,False,0.0,False
latest_final,scenario_111,WA,payroll_tax,2.17.0,0.0,0.0,0.0,False,0.0,False
latest_final,scenario_111,WA,head_chip_eligible,2.17.0,0.0,0.0,0.0,False,0.0,False
latest_final,scenario_111,WA,spouse_chip_eligible,2.17.0,0.0,0.0,0.0,False,0.0,False
latest_final,scenario_111,WA,head_medicaid_eligible,2.17.0,0.0,0.0,0.0,False,0.0,False
latest_final,scenario_111,WA,spouse_medicaid_eligible,2.17.0,0.0,0.0,0.0,False,0.0,False
latest_final,scenario_111,WA,head_medicare_eligible,2.17.0,1.0,1.0,1.0,False,0.0,False
latest_final,scenario_111,WA,spouse_medicare_eligible,2.17.0,0.0,0.0,0.0,False,0.0,False
latest_final,scenario_111,WA,head_wic_eligible,2.17.0,0.0,0.0,0.0,False,0.0,False
latest_final,scenario_111,WA,spouse_wic_eligible,2.17.0,0.0,0.0,0.0,False,0.0,False
latest_final,scenario_111,WA,reduced_price_school_meals_eligible,2.17.0,0.0,0.0,0.0,False,0.0,False
latest_final,scenario_111,WA,self_employment_tax,2.17.0,0.0,0.0,0.0,False,0.0,False
latest_final,scenario_111,WA,snap,2.17.0,0.0,0.0,0.0,False,0.0,False
latest_final,scenario_111,WA,ssi,2.17.0,0.0,0.0,0.0,False,0.0,False
latest_final,scenario_111,WA,state_income_tax_before_refundable_credits,2.17.0,0.0,0.0,0.0,False,0.0,False
latest_final,scenario_111,WA,state_refundable_credits,2.17.0,0.0,0.0,0.0,False,0.0,False
latest_final,scenario_111,WA,tanf,2.17.0,0.0,0.0,0.0,False,0.0,False
latest_final,scenario_112,TX,federal_income_tax_before_refundable_credits,2.17.0,0.0,0.0,0.0,False,0.0,False
latest_final,scenario_112,TX,federal_refundable_credits,2.17.0,453.0960083007813,453.0960083007813,453.09600830078125,False,-5.684341886080802e-14,False
latest_final,scenario_112,TX,free_school_meals_eligible,2.17.0,0.0,0.0,0.0,False,0.0,False
latest_final,scenario_112,TX,local_income_tax,2.17.0,0.0,0.0,0.0,False,0.0,False
latest_final,scenario_112,TX,payroll_tax,2.17.0,453.0960083007813,453.0960083007813,453.09600830078125,False,-5.684341886080802e-14,False
latest_final,scenario_112,TX,head_chip_eligible,2.17.0,0.0,0.0,0.0,False,0.0,False
latest_final,scenario_112,TX,head_medicaid_eligible,2.17.0,0.0,0.0,0.0,False,0.0,False
latest_final,scenario_112,TX,head_medicare_eligible,2.17.0,0.0,0.0,0.0,False,0.0,False
latest_final,scenario_112,TX,head_wic_eligible,2.17.0,0.0,0.0,0.0,False,0.0,False
latest_final,scenario_112,TX,reduced_price_school_meals_eligible,2.17.0,0.0,0.0,0.0,False,0.0,False
latest_final,scenario_112,TX,self_employment_tax,2.17.0,0.0,0.0,0.0,False,0.0,False
latest_final,scenario_112,TX,snap,2.17.0,287.68316650390625,287.68316650390625,0.0,True,-287.68316650390625,True
latest_final,scenario_112,TX,ssi,2.17.0,0.0,0.0,0.0,False,0.0,False
latest_final,scenario_112,TX,state_income_tax_before_refundable_credits,2.17.0,0.0,0.0,0.0,False,0.0,False
latest_final,scenario_112,TX,state_refundable_credits,2.17.0,0.0,0.0,0.0,False,0.0,False
latest_final,scenario_112,TX,tanf,2.17.0,0.0,0.0,0.0,False,0.0,False
latest_final,scenario_114,VA,federal_income_tax_before_refundable_credits,2.17.0,10729.6123046875,10729.6123046875,10729.6123046875,False,0.0,False
latest_final,scenario_114,VA,federal_refundable_credits,2.17.0,0.0,0.0,0.0,False,0.0,False
latest_final,scenario_114,VA,free_school_meals_eligible,2.17.0,0.0,0.0,0.0,False,0.0,False
latest_final,scenario_114,VA,local_income_tax,2.17.0,0.0,0.0,0.0,False,0.0,False
latest_final,scenario_114,VA,payroll_tax,2.17.0,1736.550048828125,1736.550048828125,1736.550048828125,False,0.0,False
latest_final,scenario_114,VA,head_chip_eligible,2.17.0,0.0,0.0,0.0,False,0.0,False
latest_final,scenario_114,VA,head_medicaid_eligible,2.17.0,0.0,0.0,0.0,False,0.0,False
latest_final,scenario_114,VA,head_medicare_eligible,2.17.0,1.0,1.0,1.0,False,0.0,False
latest_final,scenario_114,VA,head_wic_eligible,2.17.0,0.0,0.0,0.0,False,0.0,False
latest_final,scenario_114,VA,reduced_price_school_meals_eligible,2.17.0,0.0,0.0,0.0,False,0.0,False
latest_final,scenario_114,VA,self_employment_tax,2.17.0,0.0,0.0,0.0,False,0.0,False
latest_final,scenario_114,VA,snap,2.17.0,0.0,0.0,0.0,False,0.0,False
latest_final,scenario_114,VA,ssi,2.17.0,0.0,0.0,0.0,False,0.0,False
latest_final,scenario_114,VA,state_income_tax_before_refundable_credits,2.17.0,3514.14501953125,3514.14501953125,3514.14501953125,False,0.0,False
latest_final,scenario_114,VA,state_refundable_credits,2.17.0,0.0,0.0,0.0,False,0.0,False
latest_final,scenario_114,VA,tanf,2.17.0,0.0,0.0,0.0,False,0.0,False
latest_final,scenario_115,AL,federal_income_tax_before_refundable_credits,2.17.0,0.0,0.0,0.0,False,0.0,False
latest_final,scenario_115,AL,federal_refundable_credits,2.17.0,0.0,0.0,0.0,False,0.0,False
latest_final,scenario_115,AL,free_school_meals_eligible,2.17.0,0.0,0.0,0.0,False,0.0,False
latest_final,scenario_115,AL,local_income_tax,2.17.0,0.0,0.0,0.0,False,0.0,False
latest_final,scenario_115,AL,payroll_tax,2.17.0,0.0,0.0,0.0,False,0.0,False
latest_final,scenario_115,AL,head_chip_eligible,2.17.0,0.0,0.0,0.0,False,0.0,False
latest_final,scenario_115,AL,head_medicaid_eligible,2.17.0,0.0,0.0,0.0,False,0.0,False
latest_final,scenario_115,AL,head_medicare_eligible,2.17.0,1.0,1.0,1.0,False,0.0,False
latest_final,scenario_115,AL,head_wic_eligible,2.17.0,0.0,0.0,0.0,False,0.0,False
latest_final,scenario_115,AL,reduced_price_school_meals_eligible,2.17.0,0.0,0.0,0.0,False,0.0,False
latest_final,scenario_115,AL,self_employment_tax,2.17.0,0.0,0.0,0.0,False,0.0,False
latest_final,scenario_115,AL,snap,2.17.0,0.0,0.0,0.0,False,0.0,False
latest_final,scenario_115,AL,ssi,2.17.0,0.0,0.0,0.0,False,0.0,False
latest_final,scenario_115,AL,state_income_tax_before_refundable_credits,2.17.0,4.679999828338623,4.679999828338623,4.679999828338623,False,0.0,False
latest_final,scenario_115,AL,state_refundable_credits,2.17.0,0.0,0.0,0.0,False,0.0,False
latest_final,scenario_115,AL,tanf,2.17.0,0.0,0.0,0.0,False,0.0,False
latest_final,scenario_116,FL,federal_income_tax_before_refundable_credits,2.17.0,0.0,0.0,0.0,False,0.0,False
latest_final,scenario_116,FL,federal_refundable_credits,2.17.0,0.0,0.0,0.0,False,0.0,False
latest_final,scenario_116,FL,free_school_meals_eligible,2.17.0,0.0,0.0,0.0,False,0.0,False
latest_final,scenario_116,FL,local_income_tax,2.17.0,0.0,0.0,0.0,False,0.0,False
latest_final,scenario_116,FL,payroll_tax,2.17.0,0.0,0.0,0.0,False,0.0,False
latest_final,scenario_116,FL,head_chip_eligible,2.17.0,0.0,0.0,0.0,False,0.0,False
latest_final,scenario_116,FL,spouse_chip_eligible,2.17.0,0.0,0.0,0.0,False,0.0,False
latest_final,scenario_116,FL,head_medicaid_eligible,2.17.0,0.0,0.0,0.0,False,0.0,False
latest_final,scenario_116,FL,spouse_medicaid_eligible,2.17.0,0.0,0.0,0.0,False,0.0,False
latest_final,scenario_116,FL,head_medicare_eligible,2.17.0,0.0,0.0,0.0,False,0.0,False
latest_final,scenario_116,FL,spouse_medicare_eligible,2.17.0,0.0,0.0,0.0,False,0.0,False
latest_final,scenario_116,FL,head_wic_eligible,2.17.0,0.0,0.0,0.0,False,0.0,False
latest_final,scenario_116,FL,spouse_wic_eligible,2.17.0,0.0,0.0,0.0,False,0.0,False
latest_final,scenario_116,FL,reduced_price_school_meals_eligible,2.17.0,0.0,0.0,0.0,False,0.0,False
latest_final,scenario_116,FL,self_employment_tax,2.17.0,0.0,0.0,0.0,False,0.0,False
latest_final,scenario_116,FL,snap,2.17.0,0.0,0.0,0.0,False,0.0,False
latest_final,scenario_116,FL,ssi,2.17.0,0.0,0.0,0.0,False,0.0,False
latest_final,scenario_116,FL,state_income_tax_before_refundable_credits,2.17.0,0.0,0.0,0.0,False,0.0,False
latest_final,scenario_116,FL,state_refundable_credits,2.17.0,0.0,0.0,0.0,False,0.0,False
latest_final,scenario_116,FL,tanf,2.17.0,0.0,0.0,0.0,False,0.0,False
latest_final,scenario_117,AR,federal_income_tax_before_refundable_credits,2.17.0,24961.33984375,24391.796875,24961.33984375,True,0.0,False
latest_final,scenario_117,AR,federal_refundable_credits,2.17.0,0.0,0.0,0.0,False,0.0,False
latest_final,scenario_117,AR,free_school_meals_eligible,2.17.0,0.0,0.0,0.0,False,0.0,False
latest_final,scenario_117,AR,local_income_tax,2.17.0,0.0,0.0,0.0,False,0.0,False
latest_final,scenario_117,AR,payroll_tax,2.17.0,15044.787109375,15044.787109375,15044.787109375,False,0.0,False
latest_final,scenario_117,AR,head_chip_eligible,2.17.0,0.0,0.0,0.0,False,0.0,False
latest_final,scenario_117,AR,spouse_chip_eligible,2.17.0,0.0,0.0,0.0,False,0.0,False
latest_final,scenario_117,AR,child1_chip_eligible,2.17.0,0.0,0.0,0.0,False,0.0,False
latest_final,scenario_117,AR,child2_chip_eligible,2.17.0,0.0,0.0,0.0,False,0.0,False
latest_final,scenario_117,AR,child3_chip_eligible,2.17.0,0.0,0.0,0.0,False,0.0,False
latest_final,scenario_117,AR,child1_early_head_start_eligible,2.17.0,0.0,0.0,0.0,False,0.0,False
latest_final,scenario_117,AR,child2_early_head_start_eligible,2.17.0,0.0,0.0,0.0,False,0.0,False
latest_final,scenario_117,AR,child3_early_head_start_eligible,2.17.0,0.0,0.0,0.0,False,0.0,False
latest_final,scenario_117,AR,child1_head_start_eligible,2.17.0,0.0,0.0,0.0,False,0.0,False
latest_final,scenario_117,AR,child2_head_start_eligible,2.17.0,0.0,0.0,0.0,False,0.0,False
latest_final,scenario_117,AR,child3_head_start_eligible,2.17.0,0.0,0.0,0.0,False,0.0,False
latest_final,scenario_117,AR,head_medicaid_eligible,2.17.0,0.0,0.0,0.0,False,0.0,False
latest_final,scenario_117,AR,spouse_medicaid_eligible,2.17.0,0.0,0.0,0.0,False,0.0,False
latest_final,scenario_117,AR,child1_medicaid_eligible,2.17.0,0.0,0.0,0.0,False,0.0,False
latest_final,scenario_117,AR,child2_medicaid_eligible,2.17.0,0.0,0.0,0.0,False,0.0,False
latest_final,scenario_117,AR,child3_medicaid_eligible,2.17.0,0.0,0.0,0.0,False,0.0,False
latest_final,scenario_117,AR,head_medicare_eligible,2.17.0,0.0,0.0,0.0,False,0.0,False
latest_final,scenario_117,AR,spouse_medicare_eligible,2.17.0,0.0,0.0,0.0,False,0.0,False
latest_final,scenario_117,AR,child1_medicare_eligible,2.17.0,0.0,0.0,0.0,False,0.0,False
latest_final,scenario_117,AR,child2_medicare_eligible,2.17.0,0.0,0.0,0.0,False,0.0,False
latest_final,scenario_117,AR,child3_medicare_eligible,2.17.0,0.0,0.0,0.0,False,0.0,False
latest_final,scenario_117,AR,head_wic_eligible,2.17.0,0.0,0.0,0.0,False,0.0,False
latest_final,scenario_117,AR,spouse_wic_eligible,2.17.0,0.0,0.0,0.0,False,0.0,False
latest_final,scenario_117,AR,child1_wic_eligible,2.17.0,0.0,0.0,0.0,False,0.0,False
latest_final,scenario_117,AR,child2_wic_eligible,2.17.0,0.0,0.0,0.0,False,0.0,False
latest_final,scenario_117,AR,child3_wic_eligible,2.17.0,0.0,0.0,0.0,False,0.0,False
latest_final,scenario_117,AR,reduced_price_school_meals_eligible,2.17.0,0.0,0.0,0.0,False,0.0,False
latest_final,scenario_117,AR,self_employment_tax,2.17.0,0.0,0.0,0.0,False,0.0,False
latest_final,scenario_117,AR,snap,2.17.0,0.0,0.0,0.0,False,0.0,False
latest_final,scenario_117,AR,ssi,2.17.0,0.0,0.0,0.0,False,0.0,False
latest_final,scenario_117,AR,state_income_tax_before_refundable_credits,2.17.0,7984.53369140625,7984.05419921875,7984.53369140625,False,0.0,False
latest_final,scenario_117,AR,state_refundable_credits,2.17.0,0.0,0.0,0.0,False,0.0,False
latest_final,scenario_117,AR,tanf,2.17.0,0.0,0.0,0.0,False,0.0,False
latest_final,scenario_118,NY,federal_income_tax_before_refundable_credits,2.17.0,0.0,0.0,0.0,False,0.0,False
latest_final,scenario_118,NY,federal_refundable_credits,2.17.0,0.0,0.0,0.0,False,0.0,False
latest_final,scenario_118,NY,free_school_meals_eligible,2.17.0,0.0,0.0,0.0,False,0.0,False
latest_final,scenario_118,NY,local_income_tax,2.17.0,0.0,0.0,0.0,False,0.0,False
latest_final,scenario_118,NY,payroll_tax,2.17.0,0.0,0.0,0.0,False,0.0,False
latest_final,scenario_118,NY,head_chip_eligible,2.17.0,0.0,0.0,0.0,False,0.0,False
latest_final,scenario_118,NY,head_medicaid_eligible,2.17.0,1.0,1.0,1.0,False,0.0,False
latest_final,scenario_118,NY,head_medicare_eligible,2.17.0,1.0,1.0,1.0,False,0.0,False
latest_final,scenario_118,NY,head_wic_eligible,2.17.0,0.0,0.0,0.0,False,0.0,False
latest_final,scenario_118,NY,reduced_price_school_meals_eligible,2.17.0,0.0,0.0,0.0,False,0.0,False
latest_final,scenario_118,NY,self_employment_tax,2.17.0,0.0,0.0,0.0,False,0.0,False
latest_final,scenario_118,NY,snap,2.17.0,2903.9404296875,2903.9404296875,2868.0,True,-35.9404296875,True
latest_final,scenario_118,NY,ssi,2.17.0,9368.0,9368.0,9368.0,False,0.0,False
latest_final,scenario_118,NY,state_income_tax_before_refundable_credits,2.17.0,0.0,0.0,0.0,False,0.0,False
latest_final,scenario_118,NY,state_refundable_credits,2.17.0,375.0,375.0,375.0,False,0.0,False
latest_final,scenario_118,NY,tanf,2.17.0,0.0,0.0,0.0,False,0.0,False
latest_final,scenario_119,VA,federal_income_tax_before_refundable_credits,2.17.0,0.0,0.0,0.0,False,0.0,False
latest_final,scenario_119,VA,federal_refundable_credits,2.17.0,2854.0087890625,2854.0087890625,2854.0087890625,False,0.0,False
latest_final,scenario_119,VA,free_school_meals_eligible,2.17.0,0.0,0.0,0.0,False,0.0,False
latest_final,scenario_119,VA,local_income_tax,2.17.0,0.0,0.0,0.0,False,0.0,False
latest_final,scenario_119,VA,payroll_tax,2.17.0,4207.5,4207.5,4207.5,False,0.0,False
latest_final,scenario_119,VA,head_chip_eligible,2.17.0,0.0,0.0,0.0,False,0.0,False
latest_final,scenario_119,VA,child1_chip_eligible,2.17.0,0.0,0.0,0.0,False,0.0,False
latest_final,scenario_119,VA,child2_chip_eligible,2.17.0,0.0,0.0,0.0,False,0.0,False
latest_final,scenario_119,VA,child1_early_head_start_eligible,2.17.0,0.0,0.0,0.0,False,0.0,False
latest_final,scenario_119,VA,child2_early_head_start_eligible,2.17.0,0.0,0.0,0.0,False,0.0,False
latest_final,scenario_119,VA,child1_head_start_eligible,2.17.0,0.0,0.0,0.0,False,0.0,False
latest_final,scenario_119,VA,child2_head_start_eligible,2.17.0,0.0,0.0,0.0,False,0.0,False
latest_final,scenario_119,VA,head_medicaid_eligible,2.17.0,0.0,0.0,0.0,False,0.0,False
latest_final,scenario_119,VA,child1_medicaid_eligible,2.17.0,0.0,0.0,0.0,False,0.0,False
latest_final,scenario_119,VA,child2_medicaid_eligible,2.17.0,0.0,0.0,0.0,False,0.0,False
latest_final,scenario_119,VA,head_medicare_eligible,2.17.0,0.0,0.0,0.0,False,0.0,False
latest_final,scenario_119,VA,child1_medicare_eligible,2.17.0,0.0,0.0,0.0,False,0.0,False
latest_final,scenario_119,VA,child2_medicare_eligible,2.17.0,0.0,0.0,0.0,False,0.0,False
latest_final,scenario_119,VA,head_wic_eligible,2.17.0,0.0,0.0,0.0,False,0.0,False
latest_final,scenario_119,VA,child1_wic_eligible,2.17.0,0.0,0.0,0.0,False,0.0,False
latest_final,scenario_119,VA,child2_wic_eligible,2.17.0,0.0,0.0,0.0,False,0.0,False
latest_final,scenario_119,VA,reduced_price_school_meals_eligible,2.17.0,0.0,0.0,0.0,False,0.0,False
latest_final,scenario_119,VA,self_employment_tax,2.17.0,0.0,0.0,0.0,False,0.0,False
latest_final,scenario_119,VA,snap,2.17.0,0.0,0.0,0.0,False,0.0,False
latest_final,scenario_119,VA,ssi,2.17.0,0.0,0.0,0.0,False,0.0,False
latest_final,scenario_119,VA,state_income_tax_before_refundable_credits,2.17.0,1859.0943603515625,1859.0943603515625,1859.0943603515625,False,0.0,False
latest_final,scenario_119,VA,state_refundable_credits,2.17.0,0.0,0.0,0.0,False,0.0,False
latest_final,scenario_119,VA,tanf,2.17.0,0.0,0.0,0.0,False,0.0,False
latest_final,scenario_120,CT,federal_income_tax_before_refundable_credits,2.17.0,40021.81640625,40021.81640625,40416.66796875,True,394.8515625,True
latest_final,scenario_120,CT,federal_refundable_credits,2.17.0,0.0,0.0,0.0,False,0.0,False
latest_final,scenario_120,CT,free_school_meals_eligible,2.17.0,0.0,0.0,0.0,False,0.0,False
latest_final,scenario_120,CT,local_income_tax,2.17.0,0.0,0.0,0.0,False,0.0,False
latest_final,scenario_120,CT,payroll_tax,2.17.0,13496.1552734375,13496.1552734375,13496.1552734375,False,0.0,False
latest_final,scenario_120,CT,head_chip_eligible,2.17.0,0.0,0.0,0.0,False,0.0,False
latest_final,scenario_120,CT,head_medicaid_eligible,2.17.0,0.0,0.0,0.0,False,0.0,False
latest_final,scenario_120,CT,head_medicare_eligible,2.17.0,1.0,1.0,1.0,False,0.0,False
latest_final,scenario_120,CT,head_wic_eligible,2.17.0,0.0,0.0,0.0,False,0.0,False
latest_final,scenario_120,CT,reduced_price_school_meals_eligible,2.17.0,0.0,0.0,0.0,False,0.0,False
latest_final,scenario_120,CT,self_employment_tax,2.17.0,0.0,0.0,0.0,False,0.0,False
latest_final,scenario_120,CT,snap,2.17.0,0.0,0.0,0.0,False,0.0,False
latest_final,scenario_120,CT,ssi,2.17.0,0.0,0.0,0.0,False,0.0,False
latest_final,scenario_120,CT,state_income_tax_before_refundable_credits,2.17.0,11917.18359375,11917.18359375,11917.18359375,False,0.0,False
latest_final,scenario_120,CT,state_refundable_credits,2.17.0,0.0,0.0,0.0,False,0.0,False
latest_final,scenario_120,CT,tanf,2.17.0,0.0,0.0,0.0,False,0.0,False
latest_final,scenario_121,SC,federal_income_tax_before_refundable_credits,2.17.0,0.0,0.0,0.0,False,0.0,False
latest_final,scenario_121,SC,federal_refundable_credits,2.17.0,0.0,0.0,0.0,False,0.0,False
latest_final,scenario_121,SC,free_school_meals_eligible,2.17.0,0.0,0.0,0.0,False,0.0,False
latest_final,scenario_121,SC,local_income_tax,2.17.0,0.0,0.0,0.0,False,0.0,False
latest_final,scenario_121,SC,payroll_tax,2.17.0,1963.3724365234375,1963.3724365234375,1963.3724365234375,False,0.0,False
latest_final,scenario_121,SC,head_chip_eligible,2.17.0,0.0,0.0,0.0,False,0.0,False
latest_final,scenario_121,SC,head_medicaid_eligible,2.17.0,0.0,0.0,0.0,False,0.0,False
latest_final,scenario_121,SC,head_medicare_eligible,2.17.0,0.0,0.0,0.0,False,0.0,False
latest_final,scenario_121,SC,head_wic_eligible,2.17.0,0.0,0.0,0.0,False,0.0,False
latest_final,scenario_121,SC,reduced_price_school_meals_eligible,2.17.0,0.0,0.0,0.0,False,0.0,False
latest_final,scenario_121,SC,self_employment_tax,2.17.0,0.0,0.0,0.0,False,0.0,False
latest_final,scenario_121,SC,snap,2.17.0,0.0,0.0,0.0,False,0.0,False
latest_final,scenario_121,SC,ssi,2.17.0,0.0,0.0,0.0,False,0.0,False
latest_final,scenario_121,SC,state_income_tax_before_refundable_credits,2.17.0,0.0,0.0,0.0,False,0.0,False
latest_final,scenario_121,SC,state_refundable_credits,2.17.0,0.0,0.0,0.0,False,0.0,False
latest_final,scenario_121,SC,tanf,2.17.0,0.0,0.0,0.0,False,0.0,False
latest_final,scenario_122,MN,federal_income_tax_before_refundable_credits,2.17.0,4746.66162109375,4746.66162109375,4746.66162109375,False,0.0,False
latest_final,scenario_122,MN,federal_refundable_credits,2.17.0,0.0,0.0,0.0,False,0.0,False
latest_final,scenario_122,MN,free_school_meals_eligible,2.17.0,0.0,0.0,0.0,False,0.0,False
latest_final,scenario_122,MN,local_income_tax,2.17.0,0.0,0.0,0.0,False,0.0,False
latest_final,scenario_122,MN,payroll_tax,2.17.0,0.0,0.0,0.0,False,0.0,False
latest_final,scenario_122,MN,head_chip_eligible,2.17.0,0.0,0.0,0.0,False,0.0,False
latest_final,scenario_122,MN,head_medicaid_eligible,2.17.0,0.0,0.0,0.0,False,0.0,False
latest_final,scenario_122,MN,head_medicare_eligible,2.17.0,1.0,1.0,1.0,False,0.0,False
latest_final,scenario_122,MN,head_wic_eligible,2.17.0,0.0,0.0,0.0,False,0.0,False
latest_final,scenario_122,MN,reduced_price_school_meals_eligible,2.17.0,0.0,0.0,0.0,False,0.0,False
latest_final,scenario_122,MN,self_employment_tax,2.17.0,0.0,0.0,0.0,False,0.0,False
latest_final,scenario_122,MN,snap,2.17.0,0.0,0.0,0.0,False,0.0,False
latest_final,scenario_122,MN,ssi,2.17.0,0.0,0.0,0.0,False,0.0,False
latest_final,scenario_122,MN,state_income_tax_before_refundable_credits,2.17.0,1025.54150390625,1028.216552734375,1025.54150390625,True,0.0,False
latest_final,scenario_122,MN,state_refundable_credits,2.17.0,0.0,0.0,0.0,False,0.0,False
latest_final,scenario_122,MN,tanf,2.17.0,0.0,0.0,0.0,False,0.0,False
latest_final,scenario_123,PA,federal_income_tax_before_refundable_credits,2.17.0,5200.240234375,5200.240234375,5200.240234375,False,0.0,False
latest_final,scenario_123,PA,federal_refundable_credits,2.17.0,0.0,0.0,0.0,False,0.0,False
latest_final,scenario_123,PA,free_school_meals_eligible,2.17.0,0.0,0.0,0.0,False,0.0,False
latest_final,scenario_123,PA,local_income_tax,2.17.0,0.0,0.0,0.0,False,0.0,False
latest_final,scenario_123,PA,payroll_tax,2.17.0,11194.0,11194.0,11194.0,False,0.0,False
latest_final,scenario_123,PA,head_chip_eligible,2.17.0,0.0,0.0,0.0,False,0.0,False
latest_final,scenario_123,PA,spouse_chip_eligible,2.17.0,0.0,0.0,0.0,False,0.0,False
latest_final,scenario_123,PA,child1_chip_eligible,2.17.0,0.0,0.0,0.0,False,0.0,False
latest_final,scenario_123,PA,child1_early_head_start_eligible,2.17.0,0.0,0.0,0.0,False,0.0,False
latest_final,scenario_123,PA,child1_head_start_eligible,2.17.0,0.0,0.0,0.0,False,0.0,False
latest_final,scenario_123,PA,head_medicaid_eligible,2.17.0,0.0,0.0,0.0,False,0.0,False
latest_final,scenario_123,PA,spouse_medicaid_eligible,2.17.0,0.0,0.0,0.0,False,0.0,False
latest_final,scenario_123,PA,child1_medicaid_eligible,2.17.0,0.0,0.0,0.0,False,0.0,False
latest_final,scenario_123,PA,head_medicare_eligible,2.17.0,0.0,0.0,0.0,False,0.0,False
latest_final,scenario_123,PA,spouse_medicare_eligible,2.17.0,0.0,0.0,0.0,False,0.0,False
latest_final,scenario_123,PA,child1_medicare_eligible,2.17.0,0.0,0.0,0.0,False,0.0,False
latest_final,scenario_123,PA,head_wic_eligible,2.17.0,0.0,0.0,0.0,False,0.0,False
latest_final,scenario_123,PA,spouse_wic_eligible,2.17.0,0.0,0.0,0.0,False,0.0,False
latest_final,scenario_123,PA,child1_wic_eligible,2.17.0,0.0,0.0,0.0,False,0.0,False
latest_final,scenario_123,PA,reduced_price_school_meals_eligible,2.17.0,0.0,0.0,0.0,False,0.0,False
latest_final,scenario_123,PA,self_employment_tax,2.17.0,0.0,0.0,0.0,False,0.0,False
latest_final,scenario_123,PA,snap,2.17.0,0.0,0.0,0.0,False,0.0,False
latest_final,scenario_123,PA,ssi,2.17.0,0.0,0.0,0.0,False,0.0,False
latest_final,scenario_123,PA,state_income_tax_before_refundable_credits,2.17.0,3070.061279296875,3070.061279296875,3070.061279296875,False,0.0,False
latest_final,scenario_123,PA,state_refundable_credits,2.17.0,0.0,0.0,0.0,False,0.0,False
latest_final,scenario_123,PA,tanf,2.17.0,0.0,0.0,0.0,False,0.0,False
