model,mean_mae,mean_mape,mean_within_10pct,mean_accuracy,mean_coverage,total_n,parsed_n
claude-opus,4263.573111717319,0.23008844742137588,0.5,0.5,1.0,10,10
gpt-5.4,22553.93926796732,0.912708039646406,0.5,0.5,1.0,10,10
claude-sonnet-4.6,4314.47526171732,0.28721758215654664,0.375,0.5,1.0,10,10
gemini-3.1-pro-preview,4944.0,0.40428489655736366,0.125,0.5,0.3,10,3
