scenario_id,state,variable,medicare_household,reference,baseline,baseline_matches_reference,reference_impact_weight,baseline_impact_weight,excluded,excluded_reason,no_part_b,no_part_b_delta,no_part_b_moved,no_part_b_impact_weight,not_enrolled,not_enrolled_delta,not_enrolled_moved,not_enrolled_impact_weight,not_enrolled_direct,not_enrolled_direct_delta,not_enrolled_direct_moved,not_enrolled_direct_impact_weight,irmaa_from_2026_income,irmaa_from_2026_income_delta,irmaa_from_2026_income_moved,irmaa_from_2026_income_impact_weight
scenario_000,TX,federal_income_tax_before_refundable_credits,True,2906.45361328125,2906.45361328125,True,,,False,,2906.45361328125,0.0,False,,2906.45361328125,0.0,False,,2906.45361328125,0.0,False,,2906.45361328125,0.0,False,
scenario_000,TX,federal_refundable_credits,True,0.0,0.0,True,,,False,,0.0,0.0,False,,0.0,0.0,False,,0.0,0.0,False,,0.0,0.0,False,
scenario_000,TX,free_school_meals_eligible,True,0.0,0.0,True,0.0,0.0,False,,0.0,0.0,False,0.0,0.0,0.0,False,0.0,0.0,0.0,False,0.0,0.0,0.0,False,0.0
scenario_000,TX,local_income_tax,True,0.0,0.0,True,,,False,,0.0,0.0,False,,0.0,0.0,False,,0.0,0.0,False,,0.0,0.0,False,
scenario_000,TX,payroll_tax,True,0.0,0.0,True,,,False,,0.0,0.0,False,,0.0,0.0,False,,0.0,0.0,False,,0.0,0.0,False,
scenario_000,TX,head_chip_eligible,True,0.0,0.0,True,0.0,0.0,False,,0.0,0.0,False,0.0,0.0,0.0,False,0.0,0.0,0.0,False,0.0,0.0,0.0,False,0.0
scenario_000,TX,head_medicaid_eligible,True,0.0,0.0,True,0.0,0.0,False,,0.0,0.0,False,0.0,0.0,0.0,False,0.0,0.0,0.0,False,0.0,0.0,0.0,False,0.0
scenario_000,TX,head_medicare_eligible,True,1.0,1.0,True,5285.2001953125,12065.2001953125,False,,1.0,0.0,False,12065.2001953125,1.0,0.0,False,0.0,1.0,0.0,False,0.0,1.0,0.0,False,12065.2001953125
scenario_000,TX,head_wic_eligible,True,0.0,0.0,True,0.0,0.0,False,,0.0,0.0,False,0.0,0.0,0.0,False,0.0,0.0,0.0,False,0.0,0.0,0.0,False,0.0
scenario_000,TX,reduced_price_school_meals_eligible,True,0.0,0.0,True,0.0,0.0,False,,0.0,0.0,False,0.0,0.0,0.0,False,0.0,0.0,0.0,False,0.0,0.0,0.0,False,0.0
scenario_000,TX,self_employment_tax,True,0.0,0.0,True,,,False,,0.0,0.0,False,,0.0,0.0,False,,0.0,0.0,False,,0.0,0.0,False,
scenario_000,TX,snap,True,0.0,0.0,True,,,False,,0.0,0.0,False,,0.0,0.0,False,,0.0,0.0,False,,0.0,0.0,False,
scenario_000,TX,ssi,True,0.0,0.0,True,,,False,,0.0,0.0,False,,0.0,0.0,False,,0.0,0.0,False,,0.0,0.0,False,
scenario_000,TX,state_income_tax_before_refundable_credits,True,0.0,0.0,True,,,False,,0.0,0.0,False,,0.0,0.0,False,,0.0,0.0,False,,0.0,0.0,False,
scenario_000,TX,state_refundable_credits,True,0.0,0.0,True,,,False,,0.0,0.0,False,,0.0,0.0,False,,0.0,0.0,False,,0.0,0.0,False,
scenario_000,TX,tanf,True,0.0,0.0,True,,,False,,0.0,0.0,False,,0.0,0.0,False,,0.0,0.0,False,,0.0,0.0,False,
scenario_001,VA,federal_income_tax_before_refundable_credits,True,0.0,0.0,True,,,False,,0.0,0.0,False,,0.0,0.0,False,,0.0,0.0,False,,0.0,0.0,False,
scenario_001,VA,federal_refundable_credits,True,0.0,0.0,True,,,False,,0.0,0.0,False,,0.0,0.0,False,,0.0,0.0,False,,0.0,0.0,False,
scenario_001,VA,free_school_meals_eligible,True,0.0,0.0,True,0.0,0.0,False,,0.0,0.0,False,0.0,0.0,0.0,False,0.0,0.0,0.0,False,0.0,0.0,0.0,False,0.0
scenario_001,VA,local_income_tax,True,0.0,0.0,True,,,False,,0.0,0.0,False,,0.0,0.0,False,,0.0,0.0,False,,0.0,0.0,False,
scenario_001,VA,payroll_tax,True,2223.393798828125,2223.393798828125,True,,,False,,2223.393798828125,0.0,False,,2223.393798828125,0.0,False,,2223.393798828125,0.0,False,,2223.393798828125,0.0,False,
scenario_001,VA,head_chip_eligible,True,0.0,0.0,True,0.0,0.0,False,,0.0,0.0,False,0.0,0.0,0.0,False,0.0,0.0,0.0,False,0.0,0.0,0.0,False,0.0
scenario_001,VA,spouse_chip_eligible,True,0.0,0.0,True,0.0,0.0,False,,0.0,0.0,False,0.0,0.0,0.0,False,0.0,0.0,0.0,False,0.0,0.0,0.0,False,0.0
scenario_001,VA,head_medicaid_eligible,True,0.0,0.0,True,0.0,0.0,False,,0.0,0.0,False,0.0,0.0,0.0,False,0.0,0.0,0.0,False,0.0,0.0,0.0,False,0.0
scenario_001,VA,spouse_medicaid_eligible,True,0.0,0.0,True,0.0,0.0,False,,0.0,0.0,False,0.0,0.0,0.0,False,0.0,0.0,0.0,False,0.0,0.0,0.0,False,0.0
scenario_001,VA,head_medicare_eligible,True,1.0,1.0,True,5285.2001953125,12065.2001953125,False,,1.0,0.0,False,12065.2001953125,1.0,0.0,False,0.0,1.0,0.0,False,0.0,1.0,0.0,False,12065.2001953125
scenario_001,VA,spouse_medicare_eligible,True,1.0,1.0,True,5285.2001953125,12065.2001953125,False,,1.0,0.0,False,12065.2001953125,1.0,0.0,False,0.0,1.0,0.0,False,0.0,1.0,0.0,False,12065.2001953125
scenario_001,VA,head_wic_eligible,True,0.0,0.0,True,0.0,0.0,False,,0.0,0.0,False,0.0,0.0,0.0,False,0.0,0.0,0.0,False,0.0,0.0,0.0,False,0.0
scenario_001,VA,spouse_wic_eligible,True,0.0,0.0,True,0.0,0.0,False,,0.0,0.0,False,0.0,0.0,0.0,False,0.0,0.0,0.0,False,0.0,0.0,0.0,False,0.0
scenario_001,VA,reduced_price_school_meals_eligible,True,0.0,0.0,True,0.0,0.0,False,,0.0,0.0,False,0.0,0.0,0.0,False,0.0,0.0,0.0,False,0.0,0.0,0.0,False,0.0
scenario_001,VA,self_employment_tax,True,0.0,0.0,True,,,False,,0.0,0.0,False,,0.0,0.0,False,,0.0,0.0,False,,0.0,0.0,False,
scenario_001,VA,snap,True,0.0,0.0,True,,,False,,0.0,0.0,False,,0.0,0.0,False,,0.0,0.0,False,,0.0,0.0,False,
scenario_001,VA,ssi,True,0.0,0.0,True,,,False,,0.0,0.0,False,,0.0,0.0,False,,0.0,0.0,False,,0.0,0.0,False,
scenario_001,VA,state_income_tax_before_refundable_credits,True,0.0,0.0,True,,,False,,0.0,0.0,False,,0.0,0.0,False,,0.0,0.0,False,,0.0,0.0,False,
scenario_001,VA,state_refundable_credits,True,0.0,0.0,True,,,False,,0.0,0.0,False,,0.0,0.0,False,,0.0,0.0,False,,0.0,0.0,False,
scenario_001,VA,tanf,True,0.0,0.0,True,,,False,,0.0,0.0,False,,0.0,0.0,False,,0.0,0.0,False,,0.0,0.0,False,
scenario_002,WA,federal_income_tax_before_refundable_credits,True,0.0,0.0,True,,,True,reference_depends_on_unlisted_input,0.0,0.0,False,,0.0,0.0,False,,0.0,0.0,False,,0.0,0.0,False,
scenario_002,WA,federal_refundable_credits,True,0.0,0.0,True,,,False,,0.0,0.0,False,,0.0,0.0,False,,0.0,0.0,False,,0.0,0.0,False,
scenario_002,WA,free_school_meals_eligible,True,0.0,0.0,True,0.0,0.0,False,,0.0,0.0,False,0.0,0.0,0.0,False,0.0,0.0,0.0,False,0.0,0.0,0.0,False,0.0
scenario_002,WA,local_income_tax,True,0.0,0.0,True,,,False,,0.0,0.0,False,,0.0,0.0,False,,0.0,0.0,False,,0.0,0.0,False,
scenario_002,WA,payroll_tax,True,0.0,0.0,True,,,False,,0.0,0.0,False,,0.0,0.0,False,,0.0,0.0,False,,0.0,0.0,False,
scenario_002,WA,head_chip_eligible,True,0.0,0.0,True,0.0,0.0,False,,0.0,0.0,False,0.0,0.0,0.0,False,0.0,0.0,0.0,False,0.0,0.0,0.0,False,0.0
scenario_002,WA,spouse_chip_eligible,True,0.0,0.0,True,0.0,0.0,False,,0.0,0.0,False,0.0,0.0,0.0,False,0.0,0.0,0.0,False,0.0,0.0,0.0,False,0.0
scenario_002,WA,head_medicaid_eligible,True,0.0,0.0,True,0.0,0.0,False,,0.0,0.0,False,0.0,0.0,0.0,False,0.0,0.0,0.0,False,0.0,0.0,0.0,False,0.0
scenario_002,WA,spouse_medicaid_eligible,True,0.0,0.0,True,0.0,0.0,False,,0.0,0.0,False,0.0,0.0,0.0,False,0.0,0.0,0.0,False,0.0,0.0,0.0,False,0.0
scenario_002,WA,head_medicare_eligible,True,1.0,1.0,True,5285.2001953125,12065.2001953125,False,,1.0,0.0,False,12065.2001953125,1.0,0.0,False,0.0,1.0,0.0,False,0.0,1.0,0.0,False,12065.2001953125
scenario_002,WA,spouse_medicare_eligible,True,1.0,1.0,True,5285.2001953125,12065.2001953125,False,,1.0,0.0,False,12065.2001953125,1.0,0.0,False,0.0,1.0,0.0,False,0.0,1.0,0.0,False,12065.2001953125
scenario_002,WA,head_wic_eligible,True,0.0,0.0,True,0.0,0.0,False,,0.0,0.0,False,0.0,0.0,0.0,False,0.0,0.0,0.0,False,0.0,0.0,0.0,False,0.0
scenario_002,WA,spouse_wic_eligible,True,0.0,0.0,True,0.0,0.0,False,,0.0,0.0,False,0.0,0.0,0.0,False,0.0,0.0,0.0,False,0.0,0.0,0.0,False,0.0
scenario_002,WA,reduced_price_school_meals_eligible,True,0.0,0.0,True,0.0,0.0,False,,0.0,0.0,False,0.0,0.0,0.0,False,0.0,0.0,0.0,False,0.0,0.0,0.0,False,0.0
scenario_002,WA,self_employment_tax,True,0.0,0.0,True,,,False,,0.0,0.0,False,,0.0,0.0,False,,0.0,0.0,False,,0.0,0.0,False,
scenario_002,WA,snap,True,0.0,0.0,True,,,False,,0.0,0.0,False,,0.0,0.0,False,,0.0,0.0,False,,0.0,0.0,False,
scenario_002,WA,ssi,True,0.0,0.0,True,,,False,,0.0,0.0,False,,0.0,0.0,False,,0.0,0.0,False,,0.0,0.0,False,
scenario_002,WA,state_income_tax_before_refundable_credits,True,0.0,0.0,True,,,False,,0.0,0.0,False,,0.0,0.0,False,,0.0,0.0,False,,0.0,0.0,False,
scenario_002,WA,state_refundable_credits,True,0.0,0.0,True,,,False,,0.0,0.0,False,,0.0,0.0,False,,0.0,0.0,False,,0.0,0.0,False,
scenario_002,WA,tanf,True,0.0,0.0,True,,,False,,0.0,0.0,False,,0.0,0.0,False,,0.0,0.0,False,,0.0,0.0,False,
scenario_003,TX,federal_income_tax_before_refundable_credits,False,22154.69921875,22154.69921875,True,,,True,reference_engine_defect,22154.69921875,0.0,False,,22154.69921875,0.0,False,,22154.69921875,0.0,False,,22154.69921875,0.0,False,
scenario_003,TX,federal_refundable_credits,False,0.0,0.0,True,,,False,,0.0,0.0,False,,0.0,0.0,False,,0.0,0.0,False,,0.0,0.0,False,
scenario_003,TX,free_school_meals_eligible,False,0.0,0.0,True,0.0,0.0,False,,0.0,0.0,False,0.0,0.0,0.0,False,0.0,0.0,0.0,False,0.0,0.0,0.0,False,0.0
scenario_003,TX,local_income_tax,False,0.0,0.0,True,,,False,,0.0,0.0,False,,0.0,0.0,False,,0.0,0.0,False,,0.0,0.0,False,
scenario_003,TX,payroll_tax,False,0.0,0.0,True,,,False,,0.0,0.0,False,,0.0,0.0,False,,0.0,0.0,False,,0.0,0.0,False,
scenario_003,TX,head_chip_eligible,False,0.0,0.0,True,0.0,0.0,False,,0.0,0.0,False,0.0,0.0,0.0,False,0.0,0.0,0.0,False,0.0,0.0,0.0,False,0.0
scenario_003,TX,spouse_chip_eligible,False,0.0,0.0,True,0.0,0.0,False,,0.0,0.0,False,0.0,0.0,0.0,False,0.0,0.0,0.0,False,0.0,0.0,0.0,False,0.0
scenario_003,TX,head_medicaid_eligible,False,0.0,0.0,True,0.0,0.0,False,,0.0,0.0,False,0.0,0.0,0.0,False,0.0,0.0,0.0,False,0.0,0.0,0.0,False,0.0
scenario_003,TX,spouse_medicaid_eligible,False,0.0,0.0,True,0.0,0.0,False,,0.0,0.0,False,0.0,0.0,0.0,False,0.0,0.0,0.0,False,0.0,0.0,0.0,False,0.0
scenario_003,TX,head_medicare_eligible,False,0.0,0.0,True,0.0,0.0,False,,0.0,0.0,False,0.0,0.0,0.0,False,0.0,0.0,0.0,False,0.0,0.0,0.0,False,0.0
scenario_003,TX,spouse_medicare_eligible,False,0.0,0.0,True,0.0,0.0,False,,0.0,0.0,False,0.0,0.0,0.0,False,0.0,0.0,0.0,False,0.0,0.0,0.0,False,0.0
scenario_003,TX,head_wic_eligible,False,0.0,0.0,True,0.0,0.0,False,,0.0,0.0,False,0.0,0.0,0.0,False,0.0,0.0,0.0,False,0.0,0.0,0.0,False,0.0
scenario_003,TX,spouse_wic_eligible,False,0.0,0.0,True,0.0,0.0,False,,0.0,0.0,False,0.0,0.0,0.0,False,0.0,0.0,0.0,False,0.0,0.0,0.0,False,0.0
scenario_003,TX,reduced_price_school_meals_eligible,False,0.0,0.0,True,0.0,0.0,False,,0.0,0.0,False,0.0,0.0,0.0,False,0.0,0.0,0.0,False,0.0,0.0,0.0,False,0.0
scenario_003,TX,self_employment_tax,False,0.0,0.0,True,,,False,,0.0,0.0,False,,0.0,0.0,False,,0.0,0.0,False,,0.0,0.0,False,
scenario_003,TX,snap,False,0.0,0.0,True,,,False,,0.0,0.0,False,,0.0,0.0,False,,0.0,0.0,False,,0.0,0.0,False,
scenario_003,TX,ssi,False,0.0,0.0,True,,,False,,0.0,0.0,False,,0.0,0.0,False,,0.0,0.0,False,,0.0,0.0,False,
scenario_003,TX,state_income_tax_before_refundable_credits,False,0.0,0.0,True,,,False,,0.0,0.0,False,,0.0,0.0,False,,0.0,0.0,False,,0.0,0.0,False,
scenario_003,TX,state_refundable_credits,False,0.0,0.0,True,,,False,,0.0,0.0,False,,0.0,0.0,False,,0.0,0.0,False,,0.0,0.0,False,
scenario_003,TX,tanf,False,0.0,0.0,True,,,False,,0.0,0.0,False,,0.0,0.0,False,,0.0,0.0,False,,0.0,0.0,False,
scenario_004,NY,federal_income_tax_before_refundable_credits,False,0.0,0.0,True,,,False,,0.0,0.0,False,,0.0,0.0,False,,0.0,0.0,False,,0.0,0.0,False,
scenario_004,NY,federal_refundable_credits,False,0.0,0.0,True,,,False,,0.0,0.0,False,,0.0,0.0,False,,0.0,0.0,False,,0.0,0.0,False,
scenario_004,NY,free_school_meals_eligible,False,0.0,0.0,True,0.0,0.0,False,,0.0,0.0,False,0.0,0.0,0.0,False,0.0,0.0,0.0,False,0.0,0.0,0.0,False,0.0
scenario_004,NY,local_income_tax,False,0.0,0.0,True,,,False,,0.0,0.0,False,,0.0,0.0,False,,0.0,0.0,False,,0.0,0.0,False,
scenario_004,NY,payroll_tax,False,0.0,0.0,True,,,False,,0.0,0.0,False,,0.0,0.0,False,,0.0,0.0,False,,0.0,0.0,False,
scenario_004,NY,head_chip_eligible,False,0.0,0.0,True,0.0,0.0,False,,0.0,0.0,False,0.0,0.0,0.0,False,0.0,0.0,0.0,False,0.0,0.0,0.0,False,0.0
scenario_004,NY,spouse_chip_eligible,False,0.0,0.0,True,0.0,0.0,False,,0.0,0.0,False,0.0,0.0,0.0,False,0.0,0.0,0.0,False,0.0,0.0,0.0,False,0.0
scenario_004,NY,head_medicaid_eligible,False,0.0,0.0,True,0.0,0.0,False,,0.0,0.0,False,0.0,0.0,0.0,False,0.0,0.0,0.0,False,0.0,0.0,0.0,False,0.0
scenario_004,NY,spouse_medicaid_eligible,False,0.0,0.0,True,0.0,0.0,False,,0.0,0.0,False,0.0,0.0,0.0,False,0.0,0.0,0.0,False,0.0,0.0,0.0,False,0.0
scenario_004,NY,head_medicare_eligible,False,0.0,0.0,True,0.0,0.0,False,,0.0,0.0,False,0.0,0.0,0.0,False,0.0,0.0,0.0,False,0.0,0.0,0.0,False,0.0
scenario_004,NY,spouse_medicare_eligible,False,0.0,0.0,True,0.0,0.0,False,,0.0,0.0,False,0.0,0.0,0.0,False,0.0,0.0,0.0,False,0.0,0.0,0.0,False,0.0
scenario_004,NY,head_wic_eligible,False,0.0,0.0,True,0.0,0.0,False,,0.0,0.0,False,0.0,0.0,0.0,False,0.0,0.0,0.0,False,0.0,0.0,0.0,False,0.0
scenario_004,NY,spouse_wic_eligible,False,0.0,0.0,True,0.0,0.0,False,,0.0,0.0,False,0.0,0.0,0.0,False,0.0,0.0,0.0,False,0.0,0.0,0.0,False,0.0
scenario_004,NY,reduced_price_school_meals_eligible,False,0.0,0.0,True,0.0,0.0,False,,0.0,0.0,False,0.0,0.0,0.0,False,0.0,0.0,0.0,False,0.0,0.0,0.0,False,0.0
scenario_004,NY,self_employment_tax,False,0.0,0.0,True,,,False,,0.0,0.0,False,,0.0,0.0,False,,0.0,0.0,False,,0.0,0.0,False,
scenario_004,NY,snap,False,0.0,0.0,True,,,False,,0.0,0.0,False,,0.0,0.0,False,,0.0,0.0,False,,0.0,0.0,False,
scenario_004,NY,ssi,False,0.0,0.0,True,,,False,,0.0,0.0,False,,0.0,0.0,False,,0.0,0.0,False,,0.0,0.0,False,
scenario_004,NY,state_income_tax_before_refundable_credits,False,0.0,0.0,True,,,False,,0.0,0.0,False,,0.0,0.0,False,,0.0,0.0,False,,0.0,0.0,False,
scenario_004,NY,state_refundable_credits,False,0.0,0.0,True,,,False,,0.0,0.0,False,,0.0,0.0,False,,0.0,0.0,False,,0.0,0.0,False,
scenario_004,NY,tanf,False,0.0,0.0,True,,,False,,0.0,0.0,False,,0.0,0.0,False,,0.0,0.0,False,,0.0,0.0,False,
scenario_005,CA,federal_income_tax_before_refundable_credits,False,106505.8984375,107833.15625,False,,,True,reference_engine_defect,107833.15625,0.0,False,,107833.15625,0.0,False,,107833.15625,0.0,False,,107833.15625,0.0,False,
scenario_005,CA,federal_refundable_credits,False,0.0,0.0,True,,,False,,0.0,0.0,False,,0.0,0.0,False,,0.0,0.0,False,,0.0,0.0,False,
scenario_005,CA,free_school_meals_eligible,False,0.0,0.0,True,0.0,0.0,False,,0.0,0.0,False,0.0,0.0,0.0,False,0.0,0.0,0.0,False,0.0,0.0,0.0,False,0.0
scenario_005,CA,local_income_tax,False,0.0,0.0,True,,,False,,0.0,0.0,False,,0.0,0.0,False,,0.0,0.0,False,,0.0,0.0,False,
scenario_005,CA,payroll_tax,False,36044.0,36044.0,True,,,False,,36044.0,0.0,False,,36044.0,0.0,False,,36044.0,0.0,False,,36044.0,0.0,False,
scenario_005,CA,head_chip_eligible,False,0.0,0.0,True,0.0,0.0,False,,0.0,0.0,False,0.0,0.0,0.0,False,0.0,0.0,0.0,False,0.0,0.0,0.0,False,0.0
scenario_005,CA,spouse_chip_eligible,False,0.0,0.0,True,0.0,0.0,False,,0.0,0.0,False,0.0,0.0,0.0,False,0.0,0.0,0.0,False,0.0,0.0,0.0,False,0.0
scenario_005,CA,head_medicaid_eligible,False,0.0,0.0,True,0.0,0.0,False,,0.0,0.0,False,0.0,0.0,0.0,False,0.0,0.0,0.0,False,0.0,0.0,0.0,False,0.0
scenario_005,CA,spouse_medicaid_eligible,False,0.0,0.0,True,0.0,0.0,False,,0.0,0.0,False,0.0,0.0,0.0,False,0.0,0.0,0.0,False,0.0,0.0,0.0,False,0.0
scenario_005,CA,head_medicare_eligible,False,0.0,0.0,True,0.0,0.0,False,,0.0,0.0,False,0.0,0.0,0.0,False,0.0,0.0,0.0,False,0.0,0.0,0.0,False,0.0
scenario_005,CA,spouse_medicare_eligible,False,0.0,0.0,True,0.0,0.0,False,,0.0,0.0,False,0.0,0.0,0.0,False,0.0,0.0,0.0,False,0.0,0.0,0.0,False,0.0
scenario_005,CA,head_wic_eligible,False,0.0,0.0,True,0.0,0.0,False,,0.0,0.0,False,0.0,0.0,0.0,False,0.0,0.0,0.0,False,0.0,0.0,0.0,False,0.0
scenario_005,CA,spouse_wic_eligible,False,0.0,0.0,True,0.0,0.0,False,,0.0,0.0,False,0.0,0.0,0.0,False,0.0,0.0,0.0,False,0.0,0.0,0.0,False,0.0
scenario_005,CA,reduced_price_school_meals_eligible,False,0.0,0.0,True,0.0,0.0,False,,0.0,0.0,False,0.0,0.0,0.0,False,0.0,0.0,0.0,False,0.0,0.0,0.0,False,0.0
scenario_005,CA,self_employment_tax,False,0.0,0.0,True,,,False,,0.0,0.0,False,,0.0,0.0,False,,0.0,0.0,False,,0.0,0.0,False,
scenario_005,CA,snap,False,0.0,0.0,True,,,False,,0.0,0.0,False,,0.0,0.0,False,,0.0,0.0,False,,0.0,0.0,False,
scenario_005,CA,ssi,False,0.0,0.0,True,,,False,,0.0,0.0,False,,0.0,0.0,False,,0.0,0.0,False,,0.0,0.0,False,
scenario_005,CA,state_income_tax_before_refundable_credits,False,41051.51171875,41267.01171875,False,,,True,reference_engine_defect,41267.01171875,0.0,False,,41267.01171875,0.0,False,,41267.01171875,0.0,False,,41267.01171875,0.0,False,
scenario_005,CA,state_refundable_credits,False,0.0,0.0,True,,,False,,0.0,0.0,False,,0.0,0.0,False,,0.0,0.0,False,,0.0,0.0,False,
scenario_005,CA,tanf,False,0.0,0.0,True,,,False,,0.0,0.0,False,,0.0,0.0,False,,0.0,0.0,False,,0.0,0.0,False,
scenario_007,ID,federal_income_tax_before_refundable_credits,False,3707.695068359375,3707.695068359375,True,,,False,,3707.695068359375,0.0,False,,3707.695068359375,0.0,False,,3707.695068359375,0.0,False,,3707.695068359375,0.0,False,
scenario_007,ID,federal_refundable_credits,False,0.0,0.0,True,,,False,,0.0,0.0,False,,0.0,0.0,False,,0.0,0.0,False,,0.0,0.0,False,
scenario_007,ID,free_school_meals_eligible,False,0.0,0.0,True,0.0,0.0,False,,0.0,0.0,False,0.0,0.0,0.0,False,0.0,0.0,0.0,False,0.0,0.0,0.0,False,0.0
scenario_007,ID,local_income_tax,False,0.0,0.0,True,,,False,,0.0,0.0,False,,0.0,0.0,False,,0.0,0.0,False,,0.0,0.0,False,
scenario_007,ID,payroll_tax,False,0.0,0.0,True,,,False,,0.0,0.0,False,,0.0,0.0,False,,0.0,0.0,False,,0.0,0.0,False,
scenario_007,ID,head_chip_eligible,False,0.0,0.0,True,0.0,0.0,False,,0.0,0.0,False,0.0,0.0,0.0,False,0.0,0.0,0.0,False,0.0,0.0,0.0,False,0.0
scenario_007,ID,head_medicaid_eligible,False,0.0,0.0,True,0.0,0.0,False,,0.0,0.0,False,0.0,0.0,0.0,False,0.0,0.0,0.0,False,0.0,0.0,0.0,False,0.0
scenario_007,ID,head_medicare_eligible,False,0.0,0.0,True,0.0,0.0,True,reference_depends_on_unlisted_input,0.0,0.0,False,0.0,0.0,0.0,False,0.0,0.0,0.0,False,0.0,0.0,0.0,False,0.0
scenario_007,ID,head_wic_eligible,False,0.0,0.0,True,0.0,0.0,False,,0.0,0.0,False,0.0,0.0,0.0,False,0.0,0.0,0.0,False,0.0,0.0,0.0,False,0.0
scenario_007,ID,reduced_price_school_meals_eligible,False,0.0,0.0,True,0.0,0.0,False,,0.0,0.0,False,0.0,0.0,0.0,False,0.0,0.0,0.0,False,0.0,0.0,0.0,False,0.0
scenario_007,ID,self_employment_tax,False,0.0,0.0,True,,,False,,0.0,0.0,False,,0.0,0.0,False,,0.0,0.0,False,,0.0,0.0,False,
scenario_007,ID,snap,False,0.0,0.0,True,,,False,,0.0,0.0,False,,0.0,0.0,False,,0.0,0.0,False,,0.0,0.0,False,
scenario_007,ID,ssi,False,0.0,0.0,True,,,False,,0.0,0.0,False,,0.0,0.0,False,,0.0,0.0,False,,0.0,0.0,False,
scenario_007,ID,state_income_tax_before_refundable_credits,False,755.7783203125,761.5570068359375,False,,,True,reference_engine_defect,761.5570068359375,0.0,False,,761.5570068359375,0.0,False,,761.5570068359375,0.0,False,,761.5570068359375,0.0,False,
scenario_007,ID,state_refundable_credits,False,155.0,155.0,True,,,False,,155.0,0.0,False,,155.0,0.0,False,,155.0,0.0,False,,155.0,0.0,False,
scenario_007,ID,tanf,False,0.0,0.0,True,,,False,,0.0,0.0,False,,0.0,0.0,False,,0.0,0.0,False,,0.0,0.0,False,
scenario_008,NJ,federal_income_tax_before_refundable_credits,False,0.0,0.0,True,,,False,,0.0,0.0,False,,0.0,0.0,False,,0.0,0.0,False,,0.0,0.0,False,
scenario_008,NJ,federal_refundable_credits,False,12433.611328125,12433.611328125,True,,,False,,12433.611328125,0.0,False,,12433.611328125,0.0,False,,12433.611328125,0.0,False,,12433.611328125,0.0,False,
scenario_008,NJ,free_school_meals_eligible,False,1.0,1.0,True,5654.81103515625,5711.19091796875,False,,1.0,0.0,False,5711.19091796875,1.0,0.0,False,5711.19091796875,1.0,0.0,False,5711.19091796875,1.0,0.0,False,5711.19091796875
scenario_008,NJ,local_income_tax,False,0.0,0.0,True,,,False,,0.0,0.0,False,,0.0,0.0,False,,0.0,0.0,False,,0.0,0.0,False,
scenario_008,NJ,payroll_tax,False,2162.760009765625,2162.760009765625,True,,,True,reference_engine_defect,2162.760009765625,0.0,False,,2162.760009765625,0.0,False,,2162.760009765625,0.0,False,,2162.760009765625,0.0,False,
scenario_008,NJ,head_chip_eligible,False,0.0,0.0,True,0.0,0.0,False,,0.0,0.0,False,0.0,0.0,0.0,False,0.0,0.0,0.0,False,0.0,0.0,0.0,False,0.0
scenario_008,NJ,spouse_chip_eligible,False,0.0,0.0,True,0.0,0.0,False,,0.0,0.0,False,0.0,0.0,0.0,False,0.0,0.0,0.0,False,0.0,0.0,0.0,False,0.0
scenario_008,NJ,child1_chip_eligible,False,0.0,0.0,True,0.0,0.0,False,,0.0,0.0,False,0.0,0.0,0.0,False,0.0,0.0,0.0,False,0.0,0.0,0.0,False,0.0
scenario_008,NJ,child2_chip_eligible,False,0.0,0.0,True,0.0,0.0,False,,0.0,0.0,False,0.0,0.0,0.0,False,0.0,0.0,0.0,False,0.0,0.0,0.0,False,0.0
scenario_008,NJ,child3_chip_eligible,False,0.0,0.0,True,0.0,0.0,False,,0.0,0.0,False,0.0,0.0,0.0,False,0.0,0.0,0.0,False,0.0,0.0,0.0,False,0.0
scenario_008,NJ,child4_chip_eligible,False,0.0,0.0,True,0.0,0.0,False,,0.0,0.0,False,0.0,0.0,0.0,False,0.0,0.0,0.0,False,0.0,0.0,0.0,False,0.0
scenario_008,NJ,child5_chip_eligible,False,0.0,0.0,True,0.0,0.0,False,,0.0,0.0,False,0.0,0.0,0.0,False,0.0,0.0,0.0,False,0.0,0.0,0.0,False,0.0
scenario_008,NJ,child6_chip_eligible,False,0.0,0.0,True,0.0,0.0,False,,0.0,0.0,False,0.0,0.0,0.0,False,0.0,0.0,0.0,False,0.0,0.0,0.0,False,0.0
scenario_008,NJ,child1_early_head_start_eligible,False,0.0,0.0,True,0.0,0.0,False,,0.0,0.0,False,0.0,0.0,0.0,False,0.0,0.0,0.0,False,0.0,0.0,0.0,False,0.0
scenario_008,NJ,child2_early_head_start_eligible,False,0.0,0.0,True,0.0,0.0,False,,0.0,0.0,False,0.0,0.0,0.0,False,0.0,0.0,0.0,False,0.0,0.0,0.0,False,0.0
scenario_008,NJ,child3_early_head_start_eligible,False,0.0,0.0,True,0.0,0.0,False,,0.0,0.0,False,0.0,0.0,0.0,False,0.0,0.0,0.0,False,0.0,0.0,0.0,False,0.0
scenario_008,NJ,child4_early_head_start_eligible,False,0.0,0.0,True,0.0,0.0,False,,0.0,0.0,False,0.0,0.0,0.0,False,0.0,0.0,0.0,False,0.0,0.0,0.0,False,0.0
scenario_008,NJ,child5_early_head_start_eligible,False,0.0,0.0,True,0.0,0.0,False,,0.0,0.0,False,0.0,0.0,0.0,False,0.0,0.0,0.0,False,0.0,0.0,0.0,False,0.0
scenario_008,NJ,child6_early_head_start_eligible,False,1.0,1.0,True,20705.59765625,20705.59765625,False,,1.0,0.0,False,20705.59765625,1.0,0.0,False,20705.59765625,1.0,0.0,False,20705.59765625,1.0,0.0,False,20705.59765625
scenario_008,NJ,child1_head_start_eligible,False,0.0,0.0,True,0.0,0.0,False,,0.0,0.0,False,0.0,0.0,0.0,False,0.0,0.0,0.0,False,0.0,0.0,0.0,False,0.0
scenario_008,NJ,child2_head_start_eligible,False,0.0,0.0,True,0.0,0.0,False,,0.0,0.0,False,0.0,0.0,0.0,False,0.0,0.0,0.0,False,0.0,0.0,0.0,False,0.0
scenario_008,NJ,child3_head_start_eligible,False,0.0,0.0,True,0.0,0.0,False,,0.0,0.0,False,0.0,0.0,0.0,False,0.0,0.0,0.0,False,0.0,0.0,0.0,False,0.0
scenario_008,NJ,child4_head_start_eligible,False,0.0,0.0,True,0.0,0.0,False,,0.0,0.0,False,0.0,0.0,0.0,False,0.0,0.0,0.0,False,0.0,0.0,0.0,False,0.0
scenario_008,NJ,child5_head_start_eligible,False,1.0,1.0,True,15394.83984375,15394.83984375,False,,1.0,0.0,False,15394.83984375,1.0,0.0,False,15394.83984375,1.0,0.0,False,15394.83984375,1.0,0.0,False,15394.83984375
scenario_008,NJ,child6_head_start_eligible,False,0.0,0.0,True,0.0,0.0,False,,0.0,0.0,False,0.0,0.0,0.0,False,0.0,0.0,0.0,False,0.0,0.0,0.0,False,0.0
scenario_008,NJ,head_medicaid_eligible,False,1.0,1.0,True,13804.8798828125,18664.94921875,False,,1.0,0.0,False,18664.94921875,1.0,0.0,False,18664.94921875,1.0,0.0,False,18664.94921875,1.0,0.0,False,18664.94921875
scenario_008,NJ,spouse_medicaid_eligible,False,1.0,1.0,True,13565.7646484375,18341.65234375,False,,1.0,0.0,False,18341.65234375,1.0,0.0,False,18341.65234375,1.0,0.0,False,18341.65234375,1.0,0.0,False,18341.65234375
scenario_008,NJ,child1_medicaid_eligible,False,1.0,1.0,True,9221.0537109375,12467.3671875,False,,1.0,0.0,False,12467.3671875,1.0,0.0,False,12467.3671875,1.0,0.0,False,12467.3671875,1.0,0.0,False,12467.3671875
scenario_008,NJ,child2_medicaid_eligible,False,1.0,1.0,True,7970.48486328125,10776.529296875,False,,1.0,0.0,False,10776.529296875,1.0,0.0,False,10776.529296875,1.0,0.0,False,10776.529296875,1.0,0.0,False,10776.529296875
scenario_008,NJ,child3_medicaid_eligible,False,1.0,1.0,True,7970.48486328125,10776.529296875,False,,1.0,0.0,False,10776.529296875,1.0,0.0,False,10776.529296875,1.0,0.0,False,10776.529296875,1.0,0.0,False,10776.529296875
scenario_008,NJ,child4_medicaid_eligible,False,1.0,1.0,True,7970.48486328125,10776.529296875,False,,1.0,0.0,False,10776.529296875,1.0,0.0,False,10776.529296875,1.0,0.0,False,10776.529296875,1.0,0.0,False,10776.529296875
scenario_008,NJ,child5_medicaid_eligible,False,1.0,1.0,True,7970.48486328125,10776.529296875,False,,1.0,0.0,False,10776.529296875,1.0,0.0,False,10776.529296875,1.0,0.0,False,10776.529296875,1.0,0.0,False,10776.529296875
scenario_008,NJ,child6_medicaid_eligible,False,1.0,1.0,True,7970.48486328125,10776.529296875,False,,1.0,0.0,False,10776.529296875,1.0,0.0,False,10776.529296875,1.0,0.0,False,10776.529296875,1.0,0.0,False,10776.529296875
scenario_008,NJ,head_medicare_eligible,False,0.0,0.0,True,0.0,0.0,False,,0.0,0.0,False,0.0,0.0,0.0,False,0.0,0.0,0.0,False,0.0,0.0,0.0,False,0.0
scenario_008,NJ,spouse_medicare_eligible,False,0.0,0.0,True,0.0,0.0,False,,0.0,0.0,False,0.0,0.0,0.0,False,0.0,0.0,0.0,False,0.0,0.0,0.0,False,0.0
scenario_008,NJ,child1_medicare_eligible,False,0.0,0.0,True,0.0,0.0,False,,0.0,0.0,False,0.0,0.0,0.0,False,0.0,0.0,0.0,False,0.0,0.0,0.0,False,0.0
scenario_008,NJ,child2_medicare_eligible,False,0.0,0.0,True,0.0,0.0,False,,0.0,0.0,False,0.0,0.0,0.0,False,0.0,0.0,0.0,False,0.0,0.0,0.0,False,0.0
scenario_008,NJ,child3_medicare_eligible,False,0.0,0.0,True,0.0,0.0,False,,0.0,0.0,False,0.0,0.0,0.0,False,0.0,0.0,0.0,False,0.0,0.0,0.0,False,0.0
scenario_008,NJ,child4_medicare_eligible,False,0.0,0.0,True,0.0,0.0,False,,0.0,0.0,False,0.0,0.0,0.0,False,0.0,0.0,0.0,False,0.0,0.0,0.0,False,0.0
scenario_008,NJ,child5_medicare_eligible,False,0.0,0.0,True,0.0,0.0,False,,0.0,0.0,False,0.0,0.0,0.0,False,0.0,0.0,0.0,False,0.0,0.0,0.0,False,0.0
scenario_008,NJ,child6_medicare_eligible,False,0.0,0.0,True,0.0,0.0,False,,0.0,0.0,False,0.0,0.0,0.0,False,0.0,0.0,0.0,False,0.0,0.0,0.0,False,0.0
scenario_008,NJ,head_wic_eligible,False,0.0,0.0,True,0.0,0.0,False,,0.0,0.0,False,0.0,0.0,0.0,False,0.0,0.0,0.0,False,0.0,0.0,0.0,False,0.0
scenario_008,NJ,spouse_wic_eligible,False,0.0,0.0,True,0.0,0.0,False,,0.0,0.0,False,0.0,0.0,0.0,False,0.0,0.0,0.0,False,0.0,0.0,0.0,False,0.0
scenario_008,NJ,child1_wic_eligible,False,0.0,0.0,True,0.0,0.0,False,,0.0,0.0,False,0.0,0.0,0.0,False,0.0,0.0,0.0,False,0.0,0.0,0.0,False,0.0
scenario_008,NJ,child2_wic_eligible,False,0.0,0.0,True,0.0,0.0,False,,0.0,0.0,False,0.0,0.0,0.0,False,0.0,0.0,0.0,False,0.0,0.0,0.0,False,0.0
scenario_008,NJ,child3_wic_eligible,False,0.0,0.0,True,0.0,0.0,False,,0.0,0.0,False,0.0,0.0,0.0,False,0.0,0.0,0.0,False,0.0,0.0,0.0,False,0.0
scenario_008,NJ,child4_wic_eligible,False,0.0,0.0,True,0.0,0.0,False,,0.0,0.0,False,0.0,0.0,0.0,False,0.0,0.0,0.0,False,0.0,0.0,0.0,False,0.0
scenario_008,NJ,child5_wic_eligible,False,0.0,0.0,True,0.0,0.0,False,,0.0,0.0,False,0.0,0.0,0.0,False,0.0,0.0,0.0,False,0.0,0.0,0.0,False,0.0
scenario_008,NJ,child6_wic_eligible,False,1.0,1.0,True,722.9943237304688,723.5671997070312,False,,1.0,0.0,False,723.5671997070312,1.0,0.0,False,723.5671997070312,1.0,0.0,False,723.5671997070312,1.0,0.0,False,723.5671997070312
scenario_008,NJ,reduced_price_school_meals_eligible,False,0.0,0.0,True,0.0,0.0,False,,0.0,0.0,False,0.0,0.0,0.0,False,0.0,0.0,0.0,False,0.0,0.0,0.0,False,0.0
scenario_008,NJ,self_employment_tax,False,565.1820068359375,565.1820068359375,True,,,False,,565.1820068359375,0.0,False,,565.1820068359375,0.0,False,,565.1820068359375,0.0,False,,565.1820068359375,0.0,False,
scenario_008,NJ,snap,False,15108.0,15108.0,True,,,False,,15108.0,0.0,False,,15108.0,0.0,False,,15108.0,0.0,False,,15108.0,0.0,False,
scenario_008,NJ,ssi,False,0.0,0.0,True,,,False,,0.0,0.0,False,,0.0,0.0,False,,0.0,0.0,False,,0.0,0.0,False,
scenario_008,NJ,state_income_tax_before_refundable_credits,False,264.80999755859375,264.80999755859375,True,,,False,,264.80999755859375,0.0,False,,264.80999755859375,0.0,False,,264.80999755859375,0.0,False,,264.80999755859375,0.0,False,
scenario_008,NJ,state_refundable_credits,False,5842.39990234375,5842.39990234375,True,,,False,,5842.39990234375,0.0,False,,5842.39990234375,0.0,False,,5842.39990234375,0.0,False,,5842.39990234375,0.0,False,
scenario_008,NJ,tanf,False,0.0,0.0,True,,,False,,0.0,0.0,False,,0.0,0.0,False,,0.0,0.0,False,,0.0,0.0,False,
scenario_009,NC,federal_income_tax_before_refundable_credits,False,8348.0,8348.0,True,,,False,,8348.0,0.0,False,,8348.0,0.0,False,,8348.0,0.0,False,,8348.0,0.0,False,
scenario_009,NC,federal_refundable_credits,False,0.0,0.0,True,,,False,,0.0,0.0,False,,0.0,0.0,False,,0.0,0.0,False,,0.0,0.0,False,
scenario_009,NC,free_school_meals_eligible,False,0.0,0.0,True,0.0,0.0,False,,0.0,0.0,False,0.0,0.0,0.0,False,0.0,0.0,0.0,False,0.0,0.0,0.0,False,0.0
scenario_009,NC,local_income_tax,False,0.0,0.0,True,,,False,,0.0,0.0,False,,0.0,0.0,False,,0.0,0.0,False,,0.0,0.0,False,
scenario_009,NC,payroll_tax,False,4590.0,4590.0,True,,,False,,4590.0,0.0,False,,4590.0,0.0,False,,4590.0,0.0,False,,4590.0,0.0,False,
scenario_009,NC,head_chip_eligible,False,0.0,0.0,True,0.0,0.0,False,,0.0,0.0,False,0.0,0.0,0.0,False,0.0,0.0,0.0,False,0.0,0.0,0.0,False,0.0
scenario_009,NC,spouse_chip_eligible,False,0.0,0.0,True,0.0,0.0,False,,0.0,0.0,False,0.0,0.0,0.0,False,0.0,0.0,0.0,False,0.0,0.0,0.0,False,0.0
scenario_009,NC,head_medicaid_eligible,False,0.0,0.0,True,0.0,0.0,False,,0.0,0.0,False,0.0,0.0,0.0,False,0.0,0.0,0.0,False,0.0,0.0,0.0,False,0.0
scenario_009,NC,spouse_medicaid_eligible,False,0.0,0.0,True,0.0,0.0,False,,0.0,0.0,False,0.0,0.0,0.0,False,0.0,0.0,0.0,False,0.0,0.0,0.0,False,0.0
scenario_009,NC,head_medicare_eligible,False,0.0,0.0,True,0.0,0.0,False,,0.0,0.0,False,0.0,0.0,0.0,False,0.0,0.0,0.0,False,0.0,0.0,0.0,False,0.0
scenario_009,NC,spouse_medicare_eligible,False,0.0,0.0,True,0.0,0.0,False,,0.0,0.0,False,0.0,0.0,0.0,False,0.0,0.0,0.0,False,0.0,0.0,0.0,False,0.0
scenario_009,NC,head_wic_eligible,False,0.0,0.0,True,0.0,0.0,False,,0.0,0.0,False,0.0,0.0,0.0,False,0.0,0.0,0.0,False,0.0,0.0,0.0,False,0.0
scenario_009,NC,spouse_wic_eligible,False,0.0,0.0,True,0.0,0.0,False,,0.0,0.0,False,0.0,0.0,0.0,False,0.0,0.0,0.0,False,0.0,0.0,0.0,False,0.0
scenario_009,NC,reduced_price_school_meals_eligible,False,0.0,0.0,True,0.0,0.0,False,,0.0,0.0,False,0.0,0.0,0.0,False,0.0,0.0,0.0,False,0.0,0.0,0.0,False,0.0
scenario_009,NC,self_employment_tax,False,0.0,0.0,True,,,False,,0.0,0.0,False,,0.0,0.0,False,,0.0,0.0,False,,0.0,0.0,False,
scenario_009,NC,snap,False,0.0,0.0,True,,,False,,0.0,0.0,False,,0.0,0.0,False,,0.0,0.0,False,,0.0,0.0,False,
scenario_009,NC,ssi,False,0.0,0.0,True,,,False,,0.0,0.0,False,,0.0,0.0,False,,0.0,0.0,False,,0.0,0.0,False,
scenario_009,NC,state_income_tax_before_refundable_credits,False,2190.510009765625,2190.510009765625,True,,,False,,2190.510009765625,0.0,False,,2190.510009765625,0.0,False,,2190.510009765625,0.0,False,,2190.510009765625,0.0,False,
scenario_009,NC,state_refundable_credits,False,0.0,0.0,True,,,False,,0.0,0.0,False,,0.0,0.0,False,,0.0,0.0,False,,0.0,0.0,False,
scenario_009,NC,tanf,False,0.0,0.0,True,,,False,,0.0,0.0,False,,0.0,0.0,False,,0.0,0.0,False,,0.0,0.0,False,
scenario_012,MS,federal_income_tax_before_refundable_credits,False,0.0,0.0,True,,,False,,0.0,0.0,False,,0.0,0.0,False,,0.0,0.0,False,,0.0,0.0,False,
scenario_012,MS,federal_refundable_credits,False,6127.0,6127.0,True,,,False,,6127.0,0.0,False,,6127.0,0.0,False,,6127.0,0.0,False,,6127.0,0.0,False,
scenario_012,MS,free_school_meals_eligible,False,1.0,1.0,True,1130.9622802734375,1142.2381591796875,False,,1.0,0.0,False,1142.2381591796875,1.0,0.0,False,1142.2381591796875,1.0,0.0,False,1142.2381591796875,1.0,0.0,False,1142.2381591796875
scenario_012,MS,local_income_tax,False,0.0,0.0,True,,,False,,0.0,0.0,False,,0.0,0.0,False,,0.0,0.0,False,,0.0,0.0,False,
scenario_012,MS,payroll_tax,False,1683.0,1683.0,True,,,False,,1683.0,0.0,False,,1683.0,0.0,False,,1683.0,0.0,False,,1683.0,0.0,False,
scenario_012,MS,head_chip_eligible,False,0.0,0.0,True,0.0,0.0,False,,0.0,0.0,False,0.0,0.0,0.0,False,0.0,0.0,0.0,False,0.0,0.0,0.0,False,0.0
scenario_012,MS,spouse_chip_eligible,False,0.0,0.0,True,0.0,0.0,False,,0.0,0.0,False,0.0,0.0,0.0,False,0.0,0.0,0.0,False,0.0,0.0,0.0,False,0.0
scenario_012,MS,child1_chip_eligible,False,0.0,0.0,True,0.0,0.0,False,,0.0,0.0,False,0.0,0.0,0.0,False,0.0,0.0,0.0,False,0.0,0.0,0.0,False,0.0
scenario_012,MS,child1_early_head_start_eligible,False,0.0,0.0,True,0.0,0.0,False,,0.0,0.0,False,0.0,0.0,0.0,False,0.0,0.0,0.0,False,0.0,0.0,0.0,False,0.0
scenario_012,MS,child1_head_start_eligible,False,0.0,0.0,True,0.0,0.0,False,,0.0,0.0,False,0.0,0.0,0.0,False,0.0,0.0,0.0,False,0.0,0.0,0.0,False,0.0
scenario_012,MS,head_medicaid_eligible,False,0.0,0.0,True,0.0,0.0,False,,0.0,0.0,False,0.0,0.0,0.0,False,0.0,0.0,0.0,False,0.0,0.0,0.0,False,0.0
scenario_012,MS,spouse_medicaid_eligible,False,1.0,1.0,True,7871.869140625,7871.86962890625,False,,1.0,0.0,False,7871.86962890625,1.0,0.0,False,7871.86962890625,1.0,0.0,False,7871.86962890625,1.0,0.0,False,7871.86962890625
scenario_012,MS,child1_medicaid_eligible,False,1.0,1.0,True,7871.869140625,7871.86962890625,False,,1.0,0.0,False,7871.86962890625,1.0,0.0,False,7871.86962890625,1.0,0.0,False,7871.86962890625,1.0,0.0,False,7871.86962890625
scenario_012,MS,head_medicare_eligible,False,0.0,0.0,True,0.0,0.0,False,,0.0,0.0,False,0.0,0.0,0.0,False,0.0,0.0,0.0,False,0.0,0.0,0.0,False,0.0
scenario_012,MS,spouse_medicare_eligible,False,0.0,0.0,True,0.0,0.0,False,,0.0,0.0,False,0.0,0.0,0.0,False,0.0,0.0,0.0,False,0.0,0.0,0.0,False,0.0
scenario_012,MS,child1_medicare_eligible,False,0.0,0.0,True,0.0,0.0,False,,0.0,0.0,False,0.0,0.0,0.0,False,0.0,0.0,0.0,False,0.0,0.0,0.0,False,0.0
scenario_012,MS,head_wic_eligible,False,0.0,0.0,True,0.0,0.0,False,,0.0,0.0,False,0.0,0.0,0.0,False,0.0,0.0,0.0,False,0.0,0.0,0.0,False,0.0
scenario_012,MS,spouse_wic_eligible,False,1.0,1.0,True,1026.747314453125,1027.37548828125,False,,1.0,0.0,False,1027.37548828125,1.0,0.0,False,1027.37548828125,1.0,0.0,False,1027.37548828125,1.0,0.0,False,1027.37548828125
scenario_012,MS,child1_wic_eligible,False,0.0,0.0,True,0.0,0.0,False,,0.0,0.0,False,0.0,0.0,0.0,False,0.0,0.0,0.0,False,0.0,0.0,0.0,False,0.0
scenario_012,MS,reduced_price_school_meals_eligible,False,0.0,0.0,True,0.0,0.0,False,,0.0,0.0,False,0.0,0.0,0.0,False,0.0,0.0,0.0,False,0.0,0.0,0.0,False,0.0
scenario_012,MS,self_employment_tax,False,0.0,0.0,True,,,False,,0.0,0.0,False,,0.0,0.0,False,,0.0,0.0,False,,0.0,0.0,False,
scenario_012,MS,snap,False,4884.0,4884.0,True,,,False,,4884.0,0.0,False,,4884.0,0.0,False,,4884.0,0.0,False,,4884.0,0.0,False,
scenario_012,MS,ssi,False,0.0,0.0,True,,,False,,0.0,0.0,False,,0.0,0.0,False,,0.0,0.0,False,,0.0,0.0,False,
scenario_012,MS,state_income_tax_before_refundable_credits,False,0.0,0.0,True,,,False,,0.0,0.0,False,,0.0,0.0,False,,0.0,0.0,False,,0.0,0.0,False,
scenario_012,MS,state_refundable_credits,False,0.0,0.0,True,,,False,,0.0,0.0,False,,0.0,0.0,False,,0.0,0.0,False,,0.0,0.0,False,
scenario_012,MS,tanf,False,0.0,0.0,True,,,False,,0.0,0.0,False,,0.0,0.0,False,,0.0,0.0,False,,0.0,0.0,False,
scenario_013,AZ,federal_income_tax_before_refundable_credits,True,0.0,0.0,True,,,False,,0.0,0.0,False,,0.0,0.0,False,,0.0,0.0,False,,0.0,0.0,False,
scenario_013,AZ,federal_refundable_credits,True,0.0,0.0,True,,,False,,0.0,0.0,False,,0.0,0.0,False,,0.0,0.0,False,,0.0,0.0,False,
scenario_013,AZ,free_school_meals_eligible,True,0.0,0.0,True,0.0,0.0,False,,0.0,0.0,False,0.0,0.0,0.0,False,0.0,0.0,0.0,False,0.0,0.0,0.0,False,0.0
scenario_013,AZ,local_income_tax,True,0.0,0.0,True,,,False,,0.0,0.0,False,,0.0,0.0,False,,0.0,0.0,False,,0.0,0.0,False,
scenario_013,AZ,payroll_tax,True,0.0,0.0,True,,,False,,0.0,0.0,False,,0.0,0.0,False,,0.0,0.0,False,,0.0,0.0,False,
scenario_013,AZ,head_chip_eligible,True,0.0,0.0,True,0.0,0.0,False,,0.0,0.0,False,0.0,0.0,0.0,False,0.0,0.0,0.0,False,0.0,0.0,0.0,False,0.0
scenario_013,AZ,head_medicaid_eligible,True,0.0,0.0,True,0.0,0.0,False,,0.0,0.0,False,0.0,0.0,0.0,False,0.0,0.0,0.0,False,0.0,0.0,0.0,False,0.0
scenario_013,AZ,head_medicare_eligible,True,1.0,1.0,True,5285.2001953125,12065.2001953125,False,,1.0,0.0,False,12065.2001953125,1.0,0.0,False,0.0,1.0,0.0,False,0.0,1.0,0.0,False,12065.2001953125
scenario_013,AZ,head_wic_eligible,True,0.0,0.0,True,0.0,0.0,False,,0.0,0.0,False,0.0,0.0,0.0,False,0.0,0.0,0.0,False,0.0,0.0,0.0,False,0.0
scenario_013,AZ,reduced_price_school_meals_eligible,True,0.0,0.0,True,0.0,0.0,False,,0.0,0.0,False,0.0,0.0,0.0,False,0.0,0.0,0.0,False,0.0,0.0,0.0,False,0.0
scenario_013,AZ,self_employment_tax,True,0.0,0.0,True,,,False,,0.0,0.0,False,,0.0,0.0,False,,0.0,0.0,False,,0.0,0.0,False,
scenario_013,AZ,snap,True,240.0,240.0,True,,,False,,240.0,0.0,False,,240.0,0.0,False,,240.0,0.0,False,,240.0,0.0,False,
scenario_013,AZ,ssi,True,0.0,0.0,True,,,False,,0.0,0.0,False,,0.0,0.0,False,,0.0,0.0,False,,0.0,0.0,False,
scenario_013,AZ,state_income_tax_before_refundable_credits,True,0.0,0.0,True,,,False,,0.0,0.0,False,,0.0,0.0,False,,0.0,0.0,False,,0.0,0.0,False,
scenario_013,AZ,state_refundable_credits,True,25.0,25.0,True,,,False,,25.0,0.0,False,,25.0,0.0,False,,25.0,0.0,False,,25.0,0.0,False,
scenario_013,AZ,tanf,True,0.0,0.0,True,,,False,,0.0,0.0,False,,0.0,0.0,False,,0.0,0.0,False,,0.0,0.0,False,
scenario_014,WV,federal_income_tax_before_refundable_credits,False,6311.31787109375,6311.31787109375,True,,,False,,6311.31787109375,0.0,False,,6311.31787109375,0.0,False,,6311.31787109375,0.0,False,,6311.31787109375,0.0,False,
scenario_014,WV,federal_refundable_credits,False,0.0,0.0,True,,,False,,0.0,0.0,False,,0.0,0.0,False,,0.0,0.0,False,,0.0,0.0,False,
scenario_014,WV,free_school_meals_eligible,False,0.0,0.0,True,0.0,0.0,False,,0.0,0.0,False,0.0,0.0,0.0,False,0.0,0.0,0.0,False,0.0,0.0,0.0,False,0.0
scenario_014,WV,local_income_tax,False,0.0,0.0,True,,,False,,0.0,0.0,False,,0.0,0.0,False,,0.0,0.0,False,,0.0,0.0,False,
scenario_014,WV,payroll_tax,False,6802.96484375,6802.96484375,True,,,False,,6802.96484375,0.0,False,,6802.96484375,0.0,False,,6802.96484375,0.0,False,,6802.96484375,0.0,False,
scenario_014,WV,head_chip_eligible,False,0.0,0.0,True,0.0,0.0,False,,0.0,0.0,False,0.0,0.0,0.0,False,0.0,0.0,0.0,False,0.0,0.0,0.0,False,0.0
scenario_014,WV,spouse_chip_eligible,False,0.0,0.0,True,0.0,0.0,False,,0.0,0.0,False,0.0,0.0,0.0,False,0.0,0.0,0.0,False,0.0,0.0,0.0,False,0.0
scenario_014,WV,head_medicaid_eligible,False,0.0,0.0,True,0.0,0.0,False,,0.0,0.0,False,0.0,0.0,0.0,False,0.0,0.0,0.0,False,0.0,0.0,0.0,False,0.0
scenario_014,WV,spouse_medicaid_eligible,False,0.0,0.0,True,0.0,0.0,False,,0.0,0.0,False,0.0,0.0,0.0,False,0.0,0.0,0.0,False,0.0,0.0,0.0,False,0.0
scenario_014,WV,head_medicare_eligible,False,0.0,0.0,True,0.0,0.0,False,,0.0,0.0,False,0.0,0.0,0.0,False,0.0,0.0,0.0,False,0.0,0.0,0.0,False,0.0
scenario_014,WV,spouse_medicare_eligible,False,0.0,0.0,True,0.0,0.0,False,,0.0,0.0,False,0.0,0.0,0.0,False,0.0,0.0,0.0,False,0.0,0.0,0.0,False,0.0
scenario_014,WV,head_wic_eligible,False,0.0,0.0,True,0.0,0.0,False,,0.0,0.0,False,0.0,0.0,0.0,False,0.0,0.0,0.0,False,0.0,0.0,0.0,False,0.0
scenario_014,WV,spouse_wic_eligible,False,0.0,0.0,True,0.0,0.0,False,,0.0,0.0,False,0.0,0.0,0.0,False,0.0,0.0,0.0,False,0.0,0.0,0.0,False,0.0
scenario_014,WV,reduced_price_school_meals_eligible,False,0.0,0.0,True,0.0,0.0,False,,0.0,0.0,False,0.0,0.0,0.0,False,0.0,0.0,0.0,False,0.0,0.0,0.0,False,0.0
scenario_014,WV,self_employment_tax,False,0.0,0.0,True,,,False,,0.0,0.0,False,,0.0,0.0,False,,0.0,0.0,False,,0.0,0.0,False,
scenario_014,WV,snap,False,0.0,0.0,True,,,False,,0.0,0.0,False,,0.0,0.0,False,,0.0,0.0,False,,0.0,0.0,False,
scenario_014,WV,ssi,False,0.0,0.0,True,,,False,,0.0,0.0,False,,0.0,0.0,False,,0.0,0.0,False,,0.0,0.0,False,
scenario_014,WV,state_income_tax_before_refundable_credits,False,3092.186279296875,3092.186279296875,True,,,False,,3092.186279296875,0.0,False,,3092.186279296875,0.0,False,,3092.186279296875,0.0,False,,3092.186279296875,0.0,False,
scenario_014,WV,state_refundable_credits,False,0.0,0.0,True,,,False,,0.0,0.0,False,,0.0,0.0,False,,0.0,0.0,False,,0.0,0.0,False,
scenario_014,WV,tanf,False,0.0,0.0,True,,,False,,0.0,0.0,False,,0.0,0.0,False,,0.0,0.0,False,,0.0,0.0,False,
scenario_015,IN,federal_income_tax_before_refundable_credits,False,2969.1259765625,2969.1259765625,True,,,False,,2969.1259765625,0.0,False,,2969.1259765625,0.0,False,,2969.1259765625,0.0,False,,2969.1259765625,0.0,False,
scenario_015,IN,federal_refundable_credits,False,0.0,0.0,True,,,False,,0.0,0.0,False,,0.0,0.0,False,,0.0,0.0,False,,0.0,0.0,False,
scenario_015,IN,free_school_meals_eligible,False,0.0,0.0,True,0.0,0.0,False,,0.0,0.0,False,0.0,0.0,0.0,False,0.0,0.0,0.0,False,0.0,0.0,0.0,False,0.0
scenario_015,IN,local_income_tax,False,0.0,0.0,True,,,False,,0.0,0.0,False,,0.0,0.0,False,,0.0,0.0,False,,0.0,0.0,False,
scenario_015,IN,payroll_tax,False,3442.5,3442.5,True,,,False,,3442.5,0.0,False,,3442.5,0.0,False,,3442.5,0.0,False,,3442.5,0.0,False,
scenario_015,IN,head_chip_eligible,False,0.0,0.0,True,0.0,0.0,False,,0.0,0.0,False,0.0,0.0,0.0,False,0.0,0.0,0.0,False,0.0,0.0,0.0,False,0.0
scenario_015,IN,head_medicaid_eligible,False,0.0,0.0,True,0.0,0.0,False,,0.0,0.0,False,0.0,0.0,0.0,False,0.0,0.0,0.0,False,0.0,0.0,0.0,False,0.0
scenario_015,IN,head_medicare_eligible,False,0.0,0.0,True,0.0,0.0,False,,0.0,0.0,False,0.0,0.0,0.0,False,0.0,0.0,0.0,False,0.0,0.0,0.0,False,0.0
scenario_015,IN,head_wic_eligible,False,0.0,0.0,True,0.0,0.0,False,,0.0,0.0,False,0.0,0.0,0.0,False,0.0,0.0,0.0,False,0.0,0.0,0.0,False,0.0
scenario_015,IN,reduced_price_school_meals_eligible,False,0.0,0.0,True,0.0,0.0,False,,0.0,0.0,False,0.0,0.0,0.0,False,0.0,0.0,0.0,False,0.0,0.0,0.0,False,0.0
scenario_015,IN,self_employment_tax,False,0.0,0.0,True,,,False,,0.0,0.0,False,,0.0,0.0,False,,0.0,0.0,False,,0.0,0.0,False,
scenario_015,IN,snap,False,0.0,0.0,True,,,False,,0.0,0.0,False,,0.0,0.0,False,,0.0,0.0,False,,0.0,0.0,False,
scenario_015,IN,ssi,False,0.0,0.0,True,,,False,,0.0,0.0,False,,0.0,0.0,False,,0.0,0.0,False,,0.0,0.0,False,
scenario_015,IN,state_income_tax_before_refundable_credits,False,1236.3267822265625,1236.3267822265625,True,,,False,,1236.3267822265625,0.0,False,,1236.3267822265625,0.0,False,,1236.3267822265625,0.0,False,,1236.3267822265625,0.0,False,
scenario_015,IN,state_refundable_credits,False,0.0,0.0,True,,,False,,0.0,0.0,False,,0.0,0.0,False,,0.0,0.0,False,,0.0,0.0,False,
scenario_015,IN,tanf,False,0.0,0.0,True,,,False,,0.0,0.0,False,,0.0,0.0,False,,0.0,0.0,False,,0.0,0.0,False,
scenario_016,FL,federal_income_tax_before_refundable_credits,False,0.0,0.0,True,,,False,,0.0,0.0,False,,0.0,0.0,False,,0.0,0.0,False,,0.0,0.0,False,
scenario_016,FL,federal_refundable_credits,False,0.0,0.0,True,,,False,,0.0,0.0,False,,0.0,0.0,False,,0.0,0.0,False,,0.0,0.0,False,
scenario_016,FL,free_school_meals_eligible,False,0.0,0.0,True,0.0,0.0,False,,0.0,0.0,False,0.0,0.0,0.0,False,0.0,0.0,0.0,False,0.0,0.0,0.0,False,0.0
scenario_016,FL,local_income_tax,False,0.0,0.0,True,,,False,,0.0,0.0,False,,0.0,0.0,False,,0.0,0.0,False,,0.0,0.0,False,
scenario_016,FL,payroll_tax,False,2649.80224609375,2649.80224609375,True,,,False,,2649.80224609375,0.0,False,,2649.80224609375,0.0,False,,2649.80224609375,0.0,False,,2649.80224609375,0.0,False,
scenario_016,FL,head_chip_eligible,False,0.0,0.0,True,0.0,0.0,False,,0.0,0.0,False,0.0,0.0,0.0,False,0.0,0.0,0.0,False,0.0,0.0,0.0,False,0.0
scenario_016,FL,head_medicaid_eligible,False,0.0,0.0,True,0.0,0.0,False,,0.0,0.0,False,0.0,0.0,0.0,False,0.0,0.0,0.0,False,0.0,0.0,0.0,False,0.0
scenario_016,FL,head_medicare_eligible,False,0.0,0.0,True,0.0,0.0,False,,0.0,0.0,False,0.0,0.0,0.0,False,0.0,0.0,0.0,False,0.0,0.0,0.0,False,0.0
scenario_016,FL,head_wic_eligible,False,0.0,0.0,True,0.0,0.0,False,,0.0,0.0,False,0.0,0.0,0.0,False,0.0,0.0,0.0,False,0.0,0.0,0.0,False,0.0
scenario_016,FL,reduced_price_school_meals_eligible,False,0.0,0.0,True,0.0,0.0,False,,0.0,0.0,False,0.0,0.0,0.0,False,0.0,0.0,0.0,False,0.0,0.0,0.0,False,0.0
scenario_016,FL,self_employment_tax,False,0.0,0.0,True,,,False,,0.0,0.0,False,,0.0,0.0,False,,0.0,0.0,False,,0.0,0.0,False,
scenario_016,FL,snap,False,0.0,0.0,True,,,False,,0.0,0.0,False,,0.0,0.0,False,,0.0,0.0,False,,0.0,0.0,False,
scenario_016,FL,ssi,False,0.0,0.0,True,,,False,,0.0,0.0,False,,0.0,0.0,False,,0.0,0.0,False,,0.0,0.0,False,
scenario_016,FL,state_income_tax_before_refundable_credits,False,0.0,0.0,True,,,False,,0.0,0.0,False,,0.0,0.0,False,,0.0,0.0,False,,0.0,0.0,False,
scenario_016,FL,state_refundable_credits,False,0.0,0.0,True,,,False,,0.0,0.0,False,,0.0,0.0,False,,0.0,0.0,False,,0.0,0.0,False,
scenario_016,FL,tanf,False,0.0,0.0,True,,,False,,0.0,0.0,False,,0.0,0.0,False,,0.0,0.0,False,,0.0,0.0,False,
scenario_018,AZ,federal_income_tax_before_refundable_credits,False,5211.05078125,5211.05078125,True,,,False,,5211.05078125,0.0,False,,5211.05078125,0.0,False,,5211.05078125,0.0,False,,5211.05078125,0.0,False,
scenario_018,AZ,federal_refundable_credits,False,0.0,0.0,True,,,False,,0.0,0.0,False,,0.0,0.0,False,,0.0,0.0,False,,0.0,0.0,False,
scenario_018,AZ,free_school_meals_eligible,False,0.0,0.0,True,0.0,0.0,False,,0.0,0.0,False,0.0,0.0,0.0,False,0.0,0.0,0.0,False,0.0,0.0,0.0,False,0.0
scenario_018,AZ,local_income_tax,False,0.0,0.0,True,,,False,,0.0,0.0,False,,0.0,0.0,False,,0.0,0.0,False,,0.0,0.0,False,
scenario_018,AZ,payroll_tax,False,5202.38232421875,5202.38232421875,True,,,False,,5202.38232421875,0.0,False,,5202.38232421875,0.0,False,,5202.38232421875,0.0,False,,5202.38232421875,0.0,False,
scenario_018,AZ,head_chip_eligible,False,0.0,0.0,True,0.0,0.0,False,,0.0,0.0,False,0.0,0.0,0.0,False,0.0,0.0,0.0,False,0.0,0.0,0.0,False,0.0
scenario_018,AZ,head_medicaid_eligible,False,0.0,0.0,True,0.0,0.0,False,,0.0,0.0,False,0.0,0.0,0.0,False,0.0,0.0,0.0,False,0.0,0.0,0.0,False,0.0
scenario_018,AZ,head_medicare_eligible,False,0.0,0.0,True,0.0,0.0,False,,0.0,0.0,False,0.0,0.0,0.0,False,0.0,0.0,0.0,False,0.0,0.0,0.0,False,0.0
scenario_018,AZ,head_wic_eligible,False,0.0,0.0,True,0.0,0.0,False,,0.0,0.0,False,0.0,0.0,0.0,False,0.0,0.0,0.0,False,0.0,0.0,0.0,False,0.0
scenario_018,AZ,reduced_price_school_meals_eligible,False,0.0,0.0,True,0.0,0.0,False,,0.0,0.0,False,0.0,0.0,0.0,False,0.0,0.0,0.0,False,0.0,0.0,0.0,False,0.0
scenario_018,AZ,self_employment_tax,False,0.0,0.0,True,,,False,,0.0,0.0,False,,0.0,0.0,False,,0.0,0.0,False,,0.0,0.0,False,
scenario_018,AZ,snap,False,0.0,0.0,True,,,False,,0.0,0.0,False,,0.0,0.0,False,,0.0,0.0,False,,0.0,0.0,False,
scenario_018,AZ,ssi,False,0.0,0.0,True,,,False,,0.0,0.0,False,,0.0,0.0,False,,0.0,0.0,False,,0.0,0.0,False,
scenario_018,AZ,state_income_tax_before_refundable_credits,False,1146.05224609375,1146.05224609375,True,,,False,,1146.05224609375,0.0,False,,1146.05224609375,0.0,False,,1146.05224609375,0.0,False,,1146.05224609375,0.0,False,
scenario_018,AZ,state_refundable_credits,False,0.0,0.0,True,,,False,,0.0,0.0,False,,0.0,0.0,False,,0.0,0.0,False,,0.0,0.0,False,
scenario_018,AZ,tanf,False,0.0,0.0,True,,,False,,0.0,0.0,False,,0.0,0.0,False,,0.0,0.0,False,,0.0,0.0,False,
scenario_020,TX,federal_income_tax_before_refundable_credits,False,68056.7109375,68334.734375,False,,,True,reference_depends_on_unlisted_input,68334.734375,0.0,False,,68334.734375,0.0,False,,68334.734375,0.0,False,,68334.734375,0.0,False,
scenario_020,TX,federal_refundable_credits,False,0.0,0.0,True,,,False,,0.0,0.0,False,,0.0,0.0,False,,0.0,0.0,False,,0.0,0.0,False,
scenario_020,TX,free_school_meals_eligible,False,0.0,0.0,True,0.0,0.0,False,,0.0,0.0,False,0.0,0.0,0.0,False,0.0,0.0,0.0,False,0.0,0.0,0.0,False,0.0
scenario_020,TX,local_income_tax,False,0.0,0.0,True,,,False,,0.0,0.0,False,,0.0,0.0,False,,0.0,0.0,False,,0.0,0.0,False,
scenario_020,TX,payroll_tax,False,16689.0,16689.0,True,,,False,,16689.0,0.0,False,,16689.0,0.0,False,,16689.0,0.0,False,,16689.0,0.0,False,
scenario_020,TX,head_chip_eligible,False,0.0,0.0,True,0.0,0.0,False,,0.0,0.0,False,0.0,0.0,0.0,False,0.0,0.0,0.0,False,0.0,0.0,0.0,False,0.0
scenario_020,TX,head_medicaid_eligible,False,0.0,0.0,True,0.0,0.0,False,,0.0,0.0,False,0.0,0.0,0.0,False,0.0,0.0,0.0,False,0.0,0.0,0.0,False,0.0
scenario_020,TX,head_medicare_eligible,False,0.0,0.0,True,0.0,0.0,False,,0.0,0.0,False,0.0,0.0,0.0,False,0.0,0.0,0.0,False,0.0,0.0,0.0,False,0.0
scenario_020,TX,head_wic_eligible,False,0.0,0.0,True,0.0,0.0,False,,0.0,0.0,False,0.0,0.0,0.0,False,0.0,0.0,0.0,False,0.0,0.0,0.0,False,0.0
scenario_020,TX,reduced_price_school_meals_eligible,False,0.0,0.0,True,0.0,0.0,False,,0.0,0.0,False,0.0,0.0,0.0,False,0.0,0.0,0.0,False,0.0,0.0,0.0,False,0.0
scenario_020,TX,self_employment_tax,False,0.0,0.0,True,,,False,,0.0,0.0,False,,0.0,0.0,False,,0.0,0.0,False,,0.0,0.0,False,
scenario_020,TX,snap,False,0.0,0.0,True,,,False,,0.0,0.0,False,,0.0,0.0,False,,0.0,0.0,False,,0.0,0.0,False,
scenario_020,TX,ssi,False,0.0,0.0,True,,,False,,0.0,0.0,False,,0.0,0.0,False,,0.0,0.0,False,,0.0,0.0,False,
scenario_020,TX,state_income_tax_before_refundable_credits,False,0.0,0.0,True,,,False,,0.0,0.0,False,,0.0,0.0,False,,0.0,0.0,False,,0.0,0.0,False,
scenario_020,TX,state_refundable_credits,False,0.0,0.0,True,,,False,,0.0,0.0,False,,0.0,0.0,False,,0.0,0.0,False,,0.0,0.0,False,
scenario_020,TX,tanf,False,0.0,0.0,True,,,False,,0.0,0.0,False,,0.0,0.0,False,,0.0,0.0,False,,0.0,0.0,False,
scenario_021,MO,federal_income_tax_before_refundable_credits,True,0.0,0.0,True,,,False,,0.0,0.0,False,,0.0,0.0,False,,0.0,0.0,False,,0.0,0.0,False,
scenario_021,MO,federal_refundable_credits,True,0.0,0.0,True,,,False,,0.0,0.0,False,,0.0,0.0,False,,0.0,0.0,False,,0.0,0.0,False,
scenario_021,MO,free_school_meals_eligible,True,0.0,0.0,True,0.0,0.0,False,,0.0,0.0,False,0.0,0.0,0.0,False,0.0,0.0,0.0,False,0.0,0.0,0.0,False,0.0
scenario_021,MO,local_income_tax,True,0.0,0.0,True,,,False,,0.0,0.0,False,,0.0,0.0,False,,0.0,0.0,False,,0.0,0.0,False,
scenario_021,MO,payroll_tax,True,0.0,0.0,True,,,False,,0.0,0.0,False,,0.0,0.0,False,,0.0,0.0,False,,0.0,0.0,False,
scenario_021,MO,head_chip_eligible,True,0.0,0.0,True,0.0,0.0,False,,0.0,0.0,False,0.0,0.0,0.0,False,0.0,0.0,0.0,False,0.0,0.0,0.0,False,0.0
scenario_021,MO,head_medicaid_eligible,True,0.0,0.0,True,0.0,0.0,False,,0.0,0.0,False,0.0,0.0,0.0,False,0.0,0.0,0.0,False,0.0,0.0,0.0,False,0.0
scenario_021,MO,head_medicare_eligible,True,1.0,1.0,True,5285.2001953125,12065.2001953125,False,,1.0,0.0,False,12065.2001953125,1.0,0.0,False,0.0,1.0,0.0,False,0.0,1.0,0.0,False,12065.2001953125
scenario_021,MO,head_wic_eligible,True,0.0,0.0,True,0.0,0.0,False,,0.0,0.0,False,0.0,0.0,0.0,False,0.0,0.0,0.0,False,0.0,0.0,0.0,False,0.0
scenario_021,MO,reduced_price_school_meals_eligible,True,0.0,0.0,True,0.0,0.0,False,,0.0,0.0,False,0.0,0.0,0.0,False,0.0,0.0,0.0,False,0.0,0.0,0.0,False,0.0
scenario_021,MO,self_employment_tax,True,0.0,0.0,True,,,False,,0.0,0.0,False,,0.0,0.0,False,,0.0,0.0,False,,0.0,0.0,False,
scenario_021,MO,snap,True,0.0,0.0,True,,,False,,0.0,0.0,False,,0.0,0.0,False,,0.0,0.0,False,,0.0,0.0,False,
scenario_021,MO,ssi,True,0.0,0.0,True,,,False,,0.0,0.0,False,,0.0,0.0,False,,0.0,0.0,False,,0.0,0.0,False,
scenario_021,MO,state_income_tax_before_refundable_credits,True,0.0,0.0,True,,,False,,0.0,0.0,False,,0.0,0.0,False,,0.0,0.0,False,,0.0,0.0,False,
scenario_021,MO,state_refundable_credits,True,0.0,0.0,True,,,False,,0.0,0.0,False,,0.0,0.0,False,,0.0,0.0,False,,0.0,0.0,False,
scenario_021,MO,tanf,True,0.0,0.0,True,,,False,,0.0,0.0,False,,0.0,0.0,False,,0.0,0.0,False,,0.0,0.0,False,
scenario_022,CA,federal_income_tax_before_refundable_credits,True,11113.5703125,11113.5703125,True,,,False,,11113.5703125,0.0,False,,11113.5703125,0.0,False,,11113.5703125,0.0,False,,11113.5703125,0.0,False,
scenario_022,CA,federal_refundable_credits,True,0.0,0.0,True,,,False,,0.0,0.0,False,,0.0,0.0,False,,0.0,0.0,False,,0.0,0.0,False,
scenario_022,CA,free_school_meals_eligible,True,0.0,0.0,True,0.0,0.0,False,,0.0,0.0,False,0.0,0.0,0.0,False,0.0,0.0,0.0,False,0.0,0.0,0.0,False,0.0
scenario_022,CA,local_income_tax,True,0.0,0.0,True,,,False,,0.0,0.0,False,,0.0,0.0,False,,0.0,0.0,False,,0.0,0.0,False,
scenario_022,CA,payroll_tax,True,4710.83251953125,4710.83251953125,True,,,False,,4710.83251953125,0.0,False,,4710.83251953125,0.0,False,,4710.83251953125,0.0,False,,4710.83251953125,0.0,False,
scenario_022,CA,head_chip_eligible,True,0.0,0.0,True,0.0,0.0,False,,0.0,0.0,False,0.0,0.0,0.0,False,0.0,0.0,0.0,False,0.0,0.0,0.0,False,0.0
scenario_022,CA,head_medicaid_eligible,True,0.0,0.0,True,0.0,0.0,False,,0.0,0.0,False,0.0,0.0,0.0,False,0.0,0.0,0.0,False,0.0,0.0,0.0,False,0.0
scenario_022,CA,head_medicare_eligible,True,1.0,1.0,True,5285.2001953125,12065.2001953125,False,,1.0,0.0,False,12065.2001953125,1.0,0.0,False,0.0,1.0,0.0,False,0.0,1.0,0.0,False,11090.7998046875
scenario_022,CA,head_wic_eligible,True,0.0,0.0,True,0.0,0.0,False,,0.0,0.0,False,0.0,0.0,0.0,False,0.0,0.0,0.0,False,0.0,0.0,0.0,False,0.0
scenario_022,CA,reduced_price_school_meals_eligible,True,0.0,0.0,True,0.0,0.0,False,,0.0,0.0,False,0.0,0.0,0.0,False,0.0,0.0,0.0,False,0.0,0.0,0.0,False,0.0
scenario_022,CA,self_employment_tax,True,0.0,0.0,True,,,False,,0.0,0.0,False,,0.0,0.0,False,,0.0,0.0,False,,0.0,0.0,False,
scenario_022,CA,snap,True,0.0,0.0,True,,,False,,0.0,0.0,False,,0.0,0.0,False,,0.0,0.0,False,,0.0,0.0,False,
scenario_022,CA,ssi,True,0.0,0.0,True,,,False,,0.0,0.0,False,,0.0,0.0,False,,0.0,0.0,False,,0.0,0.0,False,
scenario_022,CA,state_income_tax_before_refundable_credits,True,2439.650146484375,2505.8701171875,False,,,True,reference_engine_defect,2505.8701171875,0.0,False,,2505.8701171875,0.0,False,,2505.8701171875,0.0,False,,2505.8701171875,0.0,False,
scenario_022,CA,state_refundable_credits,True,0.0,0.0,True,,,False,,0.0,0.0,False,,0.0,0.0,False,,0.0,0.0,False,,0.0,0.0,False,
scenario_022,CA,tanf,True,0.0,0.0,True,,,False,,0.0,0.0,False,,0.0,0.0,False,,0.0,0.0,False,,0.0,0.0,False,
scenario_023,CA,federal_income_tax_before_refundable_credits,False,643.43359375,643.43359375,True,,,False,,643.43359375,0.0,False,,643.43359375,0.0,False,,643.43359375,0.0,False,,643.43359375,0.0,False,
scenario_023,CA,federal_refundable_credits,False,0.0,0.0,True,,,False,,0.0,0.0,False,,0.0,0.0,False,,0.0,0.0,False,,0.0,0.0,False,
scenario_023,CA,free_school_meals_eligible,False,0.0,0.0,True,0.0,0.0,False,,0.0,0.0,False,0.0,0.0,0.0,False,0.0,0.0,0.0,False,0.0,0.0,0.0,False,0.0
scenario_023,CA,local_income_tax,False,0.0,0.0,True,,,False,,0.0,0.0,False,,0.0,0.0,False,,0.0,0.0,False,,0.0,0.0,False,
scenario_023,CA,payroll_tax,False,1561.1168212890625,1561.1168212890625,True,,,False,,1561.1168212890625,0.0,False,,1561.1168212890625,0.0,False,,1561.1168212890625,0.0,False,,1561.1168212890625,0.0,False,
scenario_023,CA,head_chip_eligible,False,0.0,0.0,True,0.0,0.0,False,,0.0,0.0,False,0.0,0.0,0.0,False,0.0,0.0,0.0,False,0.0,0.0,0.0,False,0.0
scenario_023,CA,head_medicaid_eligible,False,1.0,1.0,True,6612.93994140625,9236.4794921875,True,reference_depends_on_unlisted_input,1.0,0.0,False,9236.4794921875,1.0,0.0,False,9236.4794921875,1.0,0.0,False,9236.4794921875,1.0,0.0,False,9236.4794921875
scenario_023,CA,head_medicare_eligible,False,0.0,0.0,True,0.0,0.0,False,,0.0,0.0,False,0.0,0.0,0.0,False,0.0,0.0,0.0,False,0.0,0.0,0.0,False,0.0
scenario_023,CA,head_wic_eligible,False,0.0,0.0,True,0.0,0.0,False,,0.0,0.0,False,0.0,0.0,0.0,False,0.0,0.0,0.0,False,0.0,0.0,0.0,False,0.0
scenario_023,CA,reduced_price_school_meals_eligible,False,0.0,0.0,True,0.0,0.0,False,,0.0,0.0,False,0.0,0.0,0.0,False,0.0,0.0,0.0,False,0.0,0.0,0.0,False,0.0
scenario_023,CA,self_employment_tax,False,0.0,0.0,True,,,False,,0.0,0.0,False,,0.0,0.0,False,,0.0,0.0,False,,0.0,0.0,False,
scenario_023,CA,snap,False,461.3397216796875,408.0,False,,,True,reference_depends_on_unlisted_input,408.0,0.0,False,,408.0,0.0,False,,408.0,0.0,False,,408.0,0.0,False,
scenario_023,CA,ssi,False,0.0,0.0,True,,,False,,0.0,0.0,False,,0.0,0.0,False,,0.0,0.0,False,,0.0,0.0,False,
scenario_023,CA,state_income_tax_before_refundable_credits,False,12.776718139648438,12.776718139648438,True,,,False,,12.776718139648438,0.0,False,,12.776718139648438,0.0,False,,12.776718139648438,0.0,False,,12.776718139648438,0.0,False,
scenario_023,CA,state_refundable_credits,False,95.1540069580078,95.15400695800781,True,,,False,,95.15400695800781,0.0,False,,95.15400695800781,0.0,False,,95.15400695800781,0.0,False,,95.15400695800781,0.0,False,
scenario_023,CA,tanf,False,0.0,0.0,True,,,False,,0.0,0.0,False,,0.0,0.0,False,,0.0,0.0,False,,0.0,0.0,False,
scenario_025,OH,federal_income_tax_before_refundable_credits,False,7031.03564453125,7031.03564453125,True,,,False,,7031.03564453125,0.0,False,,7031.03564453125,0.0,False,,7031.03564453125,0.0,False,,7031.03564453125,0.0,False,
scenario_025,OH,federal_refundable_credits,False,0.0,0.0,True,,,False,,0.0,0.0,False,,0.0,0.0,False,,0.0,0.0,False,,0.0,0.0,False,
scenario_025,OH,free_school_meals_eligible,False,0.0,0.0,True,0.0,0.0,False,,0.0,0.0,False,0.0,0.0,0.0,False,0.0,0.0,0.0,False,0.0,0.0,0.0,False,0.0
scenario_025,OH,local_income_tax,False,0.0,0.0,True,,,False,,0.0,0.0,False,,0.0,0.0,False,,0.0,0.0,False,,0.0,0.0,False,
scenario_025,OH,payroll_tax,False,4798.48486328125,4798.48486328125,True,,,False,,4798.48486328125,0.0,False,,4798.48486328125,0.0,False,,4798.48486328125,0.0,False,,4798.48486328125,0.0,False,
scenario_025,OH,head_chip_eligible,False,0.0,0.0,True,0.0,0.0,False,,0.0,0.0,False,0.0,0.0,0.0,False,0.0,0.0,0.0,False,0.0,0.0,0.0,False,0.0
scenario_025,OH,spouse_chip_eligible,False,0.0,0.0,True,0.0,0.0,False,,0.0,0.0,False,0.0,0.0,0.0,False,0.0,0.0,0.0,False,0.0,0.0,0.0,False,0.0
scenario_025,OH,head_medicaid_eligible,False,0.0,0.0,True,0.0,0.0,False,,0.0,0.0,False,0.0,0.0,0.0,False,0.0,0.0,0.0,False,0.0,0.0,0.0,False,0.0
scenario_025,OH,spouse_medicaid_eligible,False,0.0,0.0,True,0.0,0.0,False,,0.0,0.0,False,0.0,0.0,0.0,False,0.0,0.0,0.0,False,0.0,0.0,0.0,False,0.0
scenario_025,OH,head_medicare_eligible,False,0.0,0.0,True,0.0,0.0,False,,0.0,0.0,False,0.0,0.0,0.0,False,0.0,0.0,0.0,False,0.0,0.0,0.0,False,0.0
scenario_025,OH,spouse_medicare_eligible,False,0.0,0.0,True,0.0,0.0,False,,0.0,0.0,False,0.0,0.0,0.0,False,0.0,0.0,0.0,False,0.0,0.0,0.0,False,0.0
scenario_025,OH,head_wic_eligible,False,0.0,0.0,True,0.0,0.0,False,,0.0,0.0,False,0.0,0.0,0.0,False,0.0,0.0,0.0,False,0.0,0.0,0.0,False,0.0
scenario_025,OH,spouse_wic_eligible,False,0.0,0.0,True,0.0,0.0,False,,0.0,0.0,False,0.0,0.0,0.0,False,0.0,0.0,0.0,False,0.0,0.0,0.0,False,0.0
scenario_025,OH,reduced_price_school_meals_eligible,False,0.0,0.0,True,0.0,0.0,False,,0.0,0.0,False,0.0,0.0,0.0,False,0.0,0.0,0.0,False,0.0,0.0,0.0,False,0.0
scenario_025,OH,self_employment_tax,False,0.0,0.0,True,,,False,,0.0,0.0,False,,0.0,0.0,False,,0.0,0.0,False,,0.0,0.0,False,
scenario_025,OH,snap,False,0.0,0.0,True,,,False,,0.0,0.0,False,,0.0,0.0,False,,0.0,0.0,False,,0.0,0.0,False,
scenario_025,OH,ssi,False,0.0,0.0,True,,,False,,0.0,0.0,False,,0.0,0.0,False,,0.0,0.0,False,,0.0,0.0,False,
scenario_025,OH,state_income_tax_before_refundable_credits,False,1921.57275390625,1921.57275390625,True,,,False,,1921.57275390625,0.0,False,,1921.57275390625,0.0,False,,1921.57275390625,0.0,False,,1921.57275390625,0.0,False,
scenario_025,OH,state_refundable_credits,False,0.0,0.0,True,,,False,,0.0,0.0,False,,0.0,0.0,False,,0.0,0.0,False,,0.0,0.0,False,
scenario_025,OH,tanf,False,0.0,0.0,True,,,False,,0.0,0.0,False,,0.0,0.0,False,,0.0,0.0,False,,0.0,0.0,False,
scenario_026,NC,federal_income_tax_before_refundable_credits,False,0.0,0.0,True,,,False,,0.0,0.0,False,,0.0,0.0,False,,0.0,0.0,False,,0.0,0.0,False,
scenario_026,NC,federal_refundable_credits,False,2013.4892578125,2013.4892578125,True,,,False,,2013.4892578125,0.0,False,,2013.4892578125,0.0,False,,2013.4892578125,0.0,False,,2013.4892578125,0.0,False,
scenario_026,NC,free_school_meals_eligible,False,0.0,0.0,True,0.0,0.0,False,,0.0,0.0,False,0.0,0.0,0.0,False,0.0,0.0,0.0,False,0.0,0.0,0.0,False,0.0
scenario_026,NC,local_income_tax,False,0.0,0.0,True,,,False,,0.0,0.0,False,,0.0,0.0,False,,0.0,0.0,False,,0.0,0.0,False,
scenario_026,NC,payroll_tax,False,6518.474609375,6518.474609375,True,,,False,,6518.474609375,0.0,False,,6518.474609375,0.0,False,,6518.474609375,0.0,False,,6518.474609375,0.0,False,
scenario_026,NC,head_chip_eligible,False,0.0,0.0,True,0.0,0.0,False,,0.0,0.0,False,0.0,0.0,0.0,False,0.0,0.0,0.0,False,0.0,0.0,0.0,False,0.0
scenario_026,NC,spouse_chip_eligible,False,0.0,0.0,True,0.0,0.0,False,,0.0,0.0,False,0.0,0.0,0.0,False,0.0,0.0,0.0,False,0.0,0.0,0.0,False,0.0
scenario_026,NC,child1_chip_eligible,False,0.0,0.0,True,0.0,0.0,False,,0.0,0.0,False,0.0,0.0,0.0,False,0.0,0.0,0.0,False,0.0,0.0,0.0,False,0.0
scenario_026,NC,child2_chip_eligible,False,0.0,0.0,True,0.0,0.0,False,,0.0,0.0,False,0.0,0.0,0.0,False,0.0,0.0,0.0,False,0.0,0.0,0.0,False,0.0
scenario_026,NC,child3_chip_eligible,False,0.0,0.0,True,0.0,0.0,False,,0.0,0.0,False,0.0,0.0,0.0,False,0.0,0.0,0.0,False,0.0,0.0,0.0,False,0.0
scenario_026,NC,child1_early_head_start_eligible,False,0.0,0.0,True,0.0,0.0,False,,0.0,0.0,False,0.0,0.0,0.0,False,0.0,0.0,0.0,False,0.0,0.0,0.0,False,0.0
scenario_026,NC,child2_early_head_start_eligible,False,0.0,0.0,True,0.0,0.0,False,,0.0,0.0,False,0.0,0.0,0.0,False,0.0,0.0,0.0,False,0.0,0.0,0.0,False,0.0
scenario_026,NC,child3_early_head_start_eligible,False,0.0,0.0,True,0.0,0.0,False,,0.0,0.0,False,0.0,0.0,0.0,False,0.0,0.0,0.0,False,0.0,0.0,0.0,False,0.0
scenario_026,NC,child1_head_start_eligible,False,0.0,0.0,True,0.0,0.0,False,,0.0,0.0,False,0.0,0.0,0.0,False,0.0,0.0,0.0,False,0.0,0.0,0.0,False,0.0
scenario_026,NC,child2_head_start_eligible,False,0.0,0.0,True,0.0,0.0,False,,0.0,0.0,False,0.0,0.0,0.0,False,0.0,0.0,0.0,False,0.0,0.0,0.0,False,0.0
scenario_026,NC,child3_head_start_eligible,False,0.0,0.0,True,0.0,0.0,False,,0.0,0.0,False,0.0,0.0,0.0,False,0.0,0.0,0.0,False,0.0,0.0,0.0,False,0.0
scenario_026,NC,head_medicaid_eligible,False,0.0,0.0,True,0.0,0.0,False,,0.0,0.0,False,0.0,0.0,0.0,False,0.0,0.0,0.0,False,0.0,0.0,0.0,False,0.0
scenario_026,NC,spouse_medicaid_eligible,False,0.0,0.0,True,0.0,0.0,False,,0.0,0.0,False,0.0,0.0,0.0,False,0.0,0.0,0.0,False,0.0,0.0,0.0,False,0.0
scenario_026,NC,child1_medicaid_eligible,False,1.0,1.0,True,3820.046875,4984.06005859375,False,,1.0,0.0,False,4984.06005859375,1.0,0.0,False,4984.06005859375,1.0,0.0,False,4984.06005859375,1.0,0.0,False,4984.06005859375
scenario_026,NC,child2_medicaid_eligible,False,1.0,1.0,True,3820.046875,4984.06005859375,False,,1.0,0.0,False,4984.06005859375,1.0,0.0,False,4984.06005859375,1.0,0.0,False,4984.06005859375,1.0,0.0,False,4984.06005859375
scenario_026,NC,child3_medicaid_eligible,False,1.0,1.0,True,3820.046875,4984.06005859375,False,,1.0,0.0,False,4984.06005859375,1.0,0.0,False,4984.06005859375,1.0,0.0,False,4984.06005859375,1.0,0.0,False,4984.06005859375
scenario_026,NC,head_medicare_eligible,False,0.0,0.0,True,0.0,0.0,False,,0.0,0.0,False,0.0,0.0,0.0,False,0.0,0.0,0.0,False,0.0,0.0,0.0,False,0.0
scenario_026,NC,spouse_medicare_eligible,False,0.0,0.0,True,0.0,0.0,False,,0.0,0.0,False,0.0,0.0,0.0,False,0.0,0.0,0.0,False,0.0,0.0,0.0,False,0.0
scenario_026,NC,child1_medicare_eligible,False,0.0,0.0,True,0.0,0.0,False,,0.0,0.0,False,0.0,0.0,0.0,False,0.0,0.0,0.0,False,0.0,0.0,0.0,False,0.0
scenario_026,NC,child2_medicare_eligible,False,0.0,0.0,True,0.0,0.0,False,,0.0,0.0,False,0.0,0.0,0.0,False,0.0,0.0,0.0,False,0.0,0.0,0.0,False,0.0
scenario_026,NC,child3_medicare_eligible,False,0.0,0.0,True,0.0,0.0,False,,0.0,0.0,False,0.0,0.0,0.0,False,0.0,0.0,0.0,False,0.0,0.0,0.0,False,0.0
scenario_026,NC,head_wic_eligible,False,0.0,0.0,True,0.0,0.0,False,,0.0,0.0,False,0.0,0.0,0.0,False,0.0,0.0,0.0,False,0.0,0.0,0.0,False,0.0
scenario_026,NC,spouse_wic_eligible,False,0.0,0.0,True,0.0,0.0,False,,0.0,0.0,False,0.0,0.0,0.0,False,0.0,0.0,0.0,False,0.0,0.0,0.0,False,0.0
scenario_026,NC,child1_wic_eligible,False,0.0,0.0,True,0.0,0.0,False,,0.0,0.0,False,0.0,0.0,0.0,False,0.0,0.0,0.0,False,0.0,0.0,0.0,False,0.0
scenario_026,NC,child2_wic_eligible,False,0.0,0.0,True,0.0,0.0,False,,0.0,0.0,False,0.0,0.0,0.0,False,0.0,0.0,0.0,False,0.0,0.0,0.0,False,0.0
scenario_026,NC,child3_wic_eligible,False,0.0,0.0,True,0.0,0.0,False,,0.0,0.0,False,0.0,0.0,0.0,False,0.0,0.0,0.0,False,0.0,0.0,0.0,False,0.0
scenario_026,NC,reduced_price_school_meals_eligible,False,0.0,0.0,True,0.0,0.0,False,,0.0,0.0,False,0.0,0.0,0.0,False,0.0,0.0,0.0,False,0.0,0.0,0.0,False,0.0
scenario_026,NC,self_employment_tax,False,0.0,0.0,True,,,False,,0.0,0.0,False,,0.0,0.0,False,,0.0,0.0,False,,0.0,0.0,False,
scenario_026,NC,snap,False,0.0,0.0,True,,,False,,0.0,0.0,False,,0.0,0.0,False,,0.0,0.0,False,,0.0,0.0,False,
scenario_026,NC,ssi,False,0.0,0.0,True,,,False,,0.0,0.0,False,,0.0,0.0,False,,0.0,0.0,False,,0.0,0.0,False,
scenario_026,NC,state_income_tax_before_refundable_credits,False,2086.79052734375,2086.79052734375,True,,,False,,2086.79052734375,0.0,False,,2086.79052734375,0.0,False,,2086.79052734375,0.0,False,,2086.79052734375,0.0,False,
scenario_026,NC,state_refundable_credits,False,0.0,0.0,True,,,False,,0.0,0.0,False,,0.0,0.0,False,,0.0,0.0,False,,0.0,0.0,False,
scenario_026,NC,tanf,False,0.0,0.0,True,,,False,,0.0,0.0,False,,0.0,0.0,False,,0.0,0.0,False,,0.0,0.0,False,
scenario_027,CT,federal_income_tax_before_refundable_credits,True,0.0,0.0,True,,,False,,0.0,0.0,False,,0.0,0.0,False,,0.0,0.0,False,,0.0,0.0,False,
scenario_027,CT,federal_refundable_credits,True,0.0,0.0,True,,,False,,0.0,0.0,False,,0.0,0.0,False,,0.0,0.0,False,,0.0,0.0,False,
scenario_027,CT,free_school_meals_eligible,True,0.0,0.0,True,0.0,0.0,False,,0.0,0.0,False,0.0,0.0,0.0,False,0.0,0.0,0.0,False,0.0,0.0,0.0,False,0.0
scenario_027,CT,local_income_tax,True,0.0,0.0,True,,,False,,0.0,0.0,False,,0.0,0.0,False,,0.0,0.0,False,,0.0,0.0,False,
scenario_027,CT,payroll_tax,True,0.0,0.0,True,,,False,,0.0,0.0,False,,0.0,0.0,False,,0.0,0.0,False,,0.0,0.0,False,
scenario_027,CT,head_chip_eligible,True,0.0,0.0,True,0.0,0.0,False,,0.0,0.0,False,0.0,0.0,0.0,False,0.0,0.0,0.0,False,0.0,0.0,0.0,False,0.0
scenario_027,CT,spouse_chip_eligible,True,0.0,0.0,True,0.0,0.0,False,,0.0,0.0,False,0.0,0.0,0.0,False,0.0,0.0,0.0,False,0.0,0.0,0.0,False,0.0
scenario_027,CT,head_medicaid_eligible,True,0.0,0.0,True,0.0,0.0,False,,0.0,0.0,False,0.0,0.0,0.0,False,0.0,0.0,0.0,False,0.0,0.0,0.0,False,0.0
scenario_027,CT,spouse_medicaid_eligible,True,0.0,0.0,True,0.0,0.0,False,,0.0,0.0,False,0.0,0.0,0.0,False,0.0,0.0,0.0,False,0.0,0.0,0.0,False,0.0
scenario_027,CT,head_medicare_eligible,True,1.0,1.0,True,5285.2001953125,12065.2001953125,False,,1.0,0.0,False,12065.2001953125,1.0,0.0,False,0.0,1.0,0.0,False,0.0,1.0,0.0,False,12065.2001953125
scenario_027,CT,spouse_medicare_eligible,True,0.0,0.0,True,0.0,0.0,False,,0.0,0.0,False,0.0,0.0,0.0,False,0.0,0.0,0.0,False,0.0,0.0,0.0,False,0.0
scenario_027,CT,head_wic_eligible,True,0.0,0.0,True,0.0,0.0,False,,0.0,0.0,False,0.0,0.0,0.0,False,0.0,0.0,0.0,False,0.0,0.0,0.0,False,0.0
scenario_027,CT,spouse_wic_eligible,True,0.0,0.0,True,0.0,0.0,False,,0.0,0.0,False,0.0,0.0,0.0,False,0.0,0.0,0.0,False,0.0,0.0,0.0,False,0.0
scenario_027,CT,reduced_price_school_meals_eligible,True,0.0,0.0,True,0.0,0.0,False,,0.0,0.0,False,0.0,0.0,0.0,False,0.0,0.0,0.0,False,0.0,0.0,0.0,False,0.0
scenario_027,CT,self_employment_tax,True,0.0,0.0,True,,,False,,0.0,0.0,False,,0.0,0.0,False,,0.0,0.0,False,,0.0,0.0,False,
scenario_027,CT,snap,True,288.0,288.0,True,,,False,,288.0,0.0,False,,288.0,0.0,False,,288.0,0.0,False,,288.0,0.0,False,
scenario_027,CT,ssi,True,0.0,0.0,True,,,False,,0.0,0.0,False,,0.0,0.0,False,,0.0,0.0,False,,0.0,0.0,False,
scenario_027,CT,state_income_tax_before_refundable_credits,True,0.0,0.0,True,,,False,,0.0,0.0,False,,0.0,0.0,False,,0.0,0.0,False,,0.0,0.0,False,
scenario_027,CT,state_refundable_credits,True,0.0,0.0,True,,,False,,0.0,0.0,False,,0.0,0.0,False,,0.0,0.0,False,,0.0,0.0,False,
scenario_027,CT,tanf,True,0.0,0.0,True,,,False,,0.0,0.0,False,,0.0,0.0,False,,0.0,0.0,False,,0.0,0.0,False,
scenario_028,PA,federal_income_tax_before_refundable_credits,False,0.0,0.0,True,,,False,,0.0,0.0,False,,0.0,0.0,False,,0.0,0.0,False,,0.0,0.0,False,
scenario_028,PA,federal_refundable_credits,False,3274.927978515625,3274.927978515625,True,,,False,,3274.927978515625,0.0,False,,3274.927978515625,0.0,False,,3274.927978515625,0.0,False,,3274.927978515625,0.0,False,
scenario_028,PA,free_school_meals_eligible,False,0.0,0.0,True,0.0,0.0,False,,0.0,0.0,False,0.0,0.0,0.0,False,0.0,0.0,0.0,False,0.0,0.0,0.0,False,0.0
scenario_028,PA,local_income_tax,False,0.0,0.0,True,,,False,,0.0,0.0,False,,0.0,0.0,False,,0.0,0.0,False,,0.0,0.0,False,
scenario_028,PA,payroll_tax,False,4632.0,4632.0,True,,,False,,4632.0,0.0,False,,4632.0,0.0,False,,4632.0,0.0,False,,4632.0,0.0,False,
scenario_028,PA,head_chip_eligible,False,0.0,0.0,True,0.0,0.0,False,,0.0,0.0,False,0.0,0.0,0.0,False,0.0,0.0,0.0,False,0.0,0.0,0.0,False,0.0
scenario_028,PA,child1_chip_eligible,False,0.0,0.0,True,0.0,0.0,False,,0.0,0.0,False,0.0,0.0,0.0,False,0.0,0.0,0.0,False,0.0,0.0,0.0,False,0.0
scenario_028,PA,child2_chip_eligible,False,0.0,0.0,True,0.0,0.0,False,,0.0,0.0,False,0.0,0.0,0.0,False,0.0,0.0,0.0,False,0.0,0.0,0.0,False,0.0
scenario_028,PA,child3_chip_eligible,False,0.0,0.0,True,0.0,0.0,False,,0.0,0.0,False,0.0,0.0,0.0,False,0.0,0.0,0.0,False,0.0,0.0,0.0,False,0.0
scenario_028,PA,child1_early_head_start_eligible,False,0.0,0.0,True,0.0,0.0,False,,0.0,0.0,False,0.0,0.0,0.0,False,0.0,0.0,0.0,False,0.0,0.0,0.0,False,0.0
scenario_028,PA,child2_early_head_start_eligible,False,0.0,0.0,True,0.0,0.0,False,,0.0,0.0,False,0.0,0.0,0.0,False,0.0,0.0,0.0,False,0.0,0.0,0.0,False,0.0
scenario_028,PA,child3_early_head_start_eligible,False,0.0,0.0,True,0.0,0.0,False,,0.0,0.0,False,0.0,0.0,0.0,False,0.0,0.0,0.0,False,0.0,0.0,0.0,False,0.0
scenario_028,PA,child1_head_start_eligible,False,0.0,0.0,True,0.0,0.0,False,,0.0,0.0,False,0.0,0.0,0.0,False,0.0,0.0,0.0,False,0.0,0.0,0.0,False,0.0
scenario_028,PA,child2_head_start_eligible,False,0.0,0.0,True,0.0,0.0,False,,0.0,0.0,False,0.0,0.0,0.0,False,0.0,0.0,0.0,False,0.0,0.0,0.0,False,0.0
scenario_028,PA,child3_head_start_eligible,False,0.0,0.0,True,0.0,0.0,False,,0.0,0.0,False,0.0,0.0,0.0,False,0.0,0.0,0.0,False,0.0,0.0,0.0,False,0.0
scenario_028,PA,head_medicaid_eligible,False,0.0,0.0,True,0.0,0.0,False,,0.0,0.0,False,0.0,0.0,0.0,False,0.0,0.0,0.0,False,0.0,0.0,0.0,False,0.0
scenario_028,PA,child1_medicaid_eligible,False,0.0,0.0,True,0.0,0.0,False,,0.0,0.0,False,0.0,0.0,0.0,False,0.0,0.0,0.0,False,0.0,0.0,0.0,False,0.0
scenario_028,PA,child2_medicaid_eligible,False,0.0,0.0,True,0.0,0.0,False,,0.0,0.0,False,0.0,0.0,0.0,False,0.0,0.0,0.0,False,0.0,0.0,0.0,False,0.0
scenario_028,PA,child3_medicaid_eligible,False,0.0,0.0,True,0.0,0.0,False,,0.0,0.0,False,0.0,0.0,0.0,False,0.0,0.0,0.0,False,0.0,0.0,0.0,False,0.0
scenario_028,PA,head_medicare_eligible,False,0.0,0.0,True,0.0,0.0,False,,0.0,0.0,False,0.0,0.0,0.0,False,0.0,0.0,0.0,False,0.0,0.0,0.0,False,0.0
scenario_028,PA,child1_medicare_eligible,False,0.0,0.0,True,0.0,0.0,False,,0.0,0.0,False,0.0,0.0,0.0,False,0.0,0.0,0.0,False,0.0,0.0,0.0,False,0.0
scenario_028,PA,child2_medicare_eligible,False,0.0,0.0,True,0.0,0.0,False,,0.0,0.0,False,0.0,0.0,0.0,False,0.0,0.0,0.0,False,0.0,0.0,0.0,False,0.0
scenario_028,PA,child3_medicare_eligible,False,0.0,0.0,True,0.0,0.0,False,,0.0,0.0,False,0.0,0.0,0.0,False,0.0,0.0,0.0,False,0.0,0.0,0.0,False,0.0
scenario_028,PA,head_wic_eligible,False,0.0,0.0,True,0.0,0.0,False,,0.0,0.0,False,0.0,0.0,0.0,False,0.0,0.0,0.0,False,0.0,0.0,0.0,False,0.0
scenario_028,PA,child1_wic_eligible,False,0.0,0.0,True,0.0,0.0,False,,0.0,0.0,False,0.0,0.0,0.0,False,0.0,0.0,0.0,False,0.0,0.0,0.0,False,0.0
scenario_028,PA,child2_wic_eligible,False,0.0,0.0,True,0.0,0.0,False,,0.0,0.0,False,0.0,0.0,0.0,False,0.0,0.0,0.0,False,0.0,0.0,0.0,False,0.0
scenario_028,PA,child3_wic_eligible,False,0.0,0.0,True,0.0,0.0,False,,0.0,0.0,False,0.0,0.0,0.0,False,0.0,0.0,0.0,False,0.0,0.0,0.0,False,0.0
scenario_028,PA,reduced_price_school_meals_eligible,False,0.0,0.0,True,3009.81884765625,0.0,False,,0.0,0.0,False,0.0,0.0,0.0,False,0.0,0.0,0.0,False,0.0,0.0,0.0,False,0.0
scenario_028,PA,self_employment_tax,False,0.0,0.0,True,,,False,,0.0,0.0,False,,0.0,0.0,False,,0.0,0.0,False,,0.0,0.0,False,
scenario_028,PA,snap,False,0.0,0.0,True,,,False,,0.0,0.0,False,,0.0,0.0,False,,0.0,0.0,False,,0.0,0.0,False,
scenario_028,PA,ssi,False,0.0,0.0,True,,,False,,0.0,0.0,False,,0.0,0.0,False,,0.0,0.0,False,,0.0,0.0,False,
scenario_028,PA,state_income_tax_before_refundable_credits,False,1842.3070068359375,1842.3070068359375,True,,,False,,1842.3070068359375,0.0,False,,1842.3070068359375,0.0,False,,1842.3070068359375,0.0,False,,1842.3070068359375,0.0,False,
scenario_028,PA,state_refundable_credits,False,62.41279220581055,62.41279220581055,True,,,False,,62.41279220581055,0.0,False,,62.41279220581055,0.0,False,,62.41279220581055,0.0,False,,62.41279220581055,0.0,False,
scenario_028,PA,tanf,False,0.0,0.0,True,,,False,,0.0,0.0,False,,0.0,0.0,False,,0.0,0.0,False,,0.0,0.0,False,
scenario_029,OK,federal_income_tax_before_refundable_credits,False,0.0,0.0,True,,,False,,0.0,0.0,False,,0.0,0.0,False,,0.0,0.0,False,,0.0,0.0,False,
scenario_029,OK,federal_refundable_credits,False,0.0,0.0,True,,,False,,0.0,0.0,False,,0.0,0.0,False,,0.0,0.0,False,,0.0,0.0,False,
scenario_029,OK,free_school_meals_eligible,False,0.0,0.0,True,0.0,0.0,False,,0.0,0.0,False,0.0,0.0,0.0,False,0.0,0.0,0.0,False,0.0,0.0,0.0,False,0.0
scenario_029,OK,local_income_tax,False,0.0,0.0,True,,,False,,0.0,0.0,False,,0.0,0.0,False,,0.0,0.0,False,,0.0,0.0,False,
scenario_029,OK,payroll_tax,False,0.0,0.0,True,,,False,,0.0,0.0,False,,0.0,0.0,False,,0.0,0.0,False,,0.0,0.0,False,
scenario_029,OK,head_chip_eligible,False,0.0,0.0,True,0.0,0.0,False,,0.0,0.0,False,0.0,0.0,0.0,False,0.0,0.0,0.0,False,0.0,0.0,0.0,False,0.0
scenario_029,OK,head_medicaid_eligible,False,1.0,1.0,True,9609.619140625,9682.69140625,False,,1.0,0.0,False,9682.69140625,1.0,0.0,False,9682.69140625,1.0,0.0,False,9682.69140625,1.0,0.0,False,9682.69140625
scenario_029,OK,head_medicare_eligible,False,0.0,0.0,True,0.0,0.0,False,,0.0,0.0,False,0.0,0.0,0.0,False,0.0,0.0,0.0,False,0.0,0.0,0.0,False,0.0
scenario_029,OK,head_wic_eligible,False,0.0,0.0,True,0.0,0.0,False,,0.0,0.0,False,0.0,0.0,0.0,False,0.0,0.0,0.0,False,0.0,0.0,0.0,False,0.0
scenario_029,OK,reduced_price_school_meals_eligible,False,0.0,0.0,True,0.0,0.0,False,,0.0,0.0,False,0.0,0.0,0.0,False,0.0,0.0,0.0,False,0.0,0.0,0.0,False,0.0
scenario_029,OK,self_employment_tax,False,0.0,0.0,True,,,False,,0.0,0.0,False,,0.0,0.0,False,,0.0,0.0,False,,0.0,0.0,False,
scenario_029,OK,snap,False,0.0,0.0,True,,,False,,0.0,0.0,False,,0.0,0.0,False,,0.0,0.0,False,,0.0,0.0,False,
scenario_029,OK,ssi,False,0.0,0.0,True,,,False,,0.0,0.0,False,,0.0,0.0,False,,0.0,0.0,False,,0.0,0.0,False,
scenario_029,OK,state_income_tax_before_refundable_credits,False,0.0,0.0,True,,,False,,0.0,0.0,False,,0.0,0.0,False,,0.0,0.0,False,,0.0,0.0,False,
scenario_029,OK,state_refundable_credits,False,40.0,40.0,True,,,False,,40.0,0.0,False,,40.0,0.0,False,,40.0,0.0,False,,40.0,0.0,False,
scenario_029,OK,tanf,False,0.0,0.0,True,,,False,,0.0,0.0,False,,0.0,0.0,False,,0.0,0.0,False,,0.0,0.0,False,
scenario_030,TX,federal_income_tax_before_refundable_credits,False,0.0,0.0,True,,,False,,0.0,0.0,False,,0.0,0.0,False,,0.0,0.0,False,,0.0,0.0,False,
scenario_030,TX,federal_refundable_credits,False,0.0,0.0,True,,,False,,0.0,0.0,False,,0.0,0.0,False,,0.0,0.0,False,,0.0,0.0,False,
scenario_030,TX,free_school_meals_eligible,False,0.0,0.0,True,0.0,0.0,False,,0.0,0.0,False,0.0,0.0,0.0,False,0.0,0.0,0.0,False,0.0,0.0,0.0,False,0.0
scenario_030,TX,local_income_tax,False,0.0,0.0,True,,,False,,0.0,0.0,False,,0.0,0.0,False,,0.0,0.0,False,,0.0,0.0,False,
scenario_030,TX,payroll_tax,False,994.5,994.5,True,,,False,,994.5,0.0,False,,994.5,0.0,False,,994.5,0.0,False,,994.5,0.0,False,
scenario_030,TX,head_chip_eligible,False,0.0,0.0,True,0.0,0.0,False,,0.0,0.0,False,0.0,0.0,0.0,False,0.0,0.0,0.0,False,0.0,0.0,0.0,False,0.0
scenario_030,TX,head_medicaid_eligible,False,1.0,1.0,True,6607.0888671875,13708.4990234375,False,,1.0,0.0,False,13708.4990234375,1.0,0.0,False,13708.4990234375,1.0,0.0,False,13708.4990234375,1.0,0.0,False,13708.4990234375
scenario_030,TX,head_medicare_eligible,False,0.0,0.0,True,0.0,0.0,False,,0.0,0.0,False,0.0,0.0,0.0,False,0.0,0.0,0.0,False,0.0,0.0,0.0,False,0.0
scenario_030,TX,head_wic_eligible,False,1.0,1.0,True,1026.747314453125,1027.37548828125,False,,1.0,0.0,False,1027.37548828125,1.0,0.0,False,1027.37548828125,1.0,0.0,False,1027.37548828125,1.0,0.0,False,1027.37548828125
scenario_030,TX,reduced_price_school_meals_eligible,False,0.0,0.0,True,0.0,0.0,False,,0.0,0.0,False,0.0,0.0,0.0,False,0.0,0.0,0.0,False,0.0,0.0,0.0,False,0.0
scenario_030,TX,self_employment_tax,False,0.0,0.0,True,,,False,,0.0,0.0,False,,0.0,0.0,False,,0.0,0.0,False,,0.0,0.0,False,
scenario_030,TX,snap,False,288.0,288.0,True,,,False,,288.0,0.0,False,,288.0,0.0,False,,288.0,0.0,False,,288.0,0.0,False,
scenario_030,TX,ssi,False,0.0,0.0,True,,,False,,0.0,0.0,False,,0.0,0.0,False,,0.0,0.0,False,,0.0,0.0,False,
scenario_030,TX,state_income_tax_before_refundable_credits,False,0.0,0.0,True,,,False,,0.0,0.0,False,,0.0,0.0,False,,0.0,0.0,False,,0.0,0.0,False,
scenario_030,TX,state_refundable_credits,False,0.0,0.0,True,,,False,,0.0,0.0,False,,0.0,0.0,False,,0.0,0.0,False,,0.0,0.0,False,
scenario_030,TX,tanf,False,0.0,0.0,True,,,False,,0.0,0.0,False,,0.0,0.0,False,,0.0,0.0,False,,0.0,0.0,False,
scenario_031,CA,federal_income_tax_before_refundable_credits,True,0.0,0.0,True,,,False,,0.0,0.0,False,,0.0,0.0,False,,0.0,0.0,False,,0.0,0.0,False,
scenario_031,CA,federal_refundable_credits,True,0.0,0.0,True,,,False,,0.0,0.0,False,,0.0,0.0,False,,0.0,0.0,False,,0.0,0.0,False,
scenario_031,CA,free_school_meals_eligible,True,0.0,0.0,True,0.0,0.0,False,,0.0,0.0,False,0.0,0.0,0.0,False,0.0,0.0,0.0,False,0.0,0.0,0.0,False,0.0
scenario_031,CA,local_income_tax,True,0.0,0.0,True,,,False,,0.0,0.0,False,,0.0,0.0,False,,0.0,0.0,False,,0.0,0.0,False,
scenario_031,CA,payroll_tax,True,0.0,0.0,True,,,False,,0.0,0.0,False,,0.0,0.0,False,,0.0,0.0,False,,0.0,0.0,False,
scenario_031,CA,head_chip_eligible,True,0.0,0.0,True,0.0,0.0,False,,0.0,0.0,False,0.0,0.0,0.0,False,0.0,0.0,0.0,False,0.0,0.0,0.0,False,0.0
scenario_031,CA,head_medicaid_eligible,True,1.0,1.0,True,18251.322265625,9236.4794921875,False,,1.0,0.0,False,9236.4794921875,1.0,0.0,False,9236.4794921875,1.0,0.0,False,9236.4794921875,1.0,0.0,False,9236.4794921875
scenario_031,CA,head_medicare_eligible,True,1.0,1.0,True,5285.2001953125,12065.2001953125,False,,1.0,0.0,False,12065.2001953125,1.0,0.0,False,0.0,1.0,0.0,False,0.0,1.0,0.0,False,12065.2001953125
scenario_031,CA,head_wic_eligible,True,0.0,0.0,True,0.0,0.0,False,,0.0,0.0,False,0.0,0.0,0.0,False,0.0,0.0,0.0,False,0.0,0.0,0.0,False,0.0
scenario_031,CA,reduced_price_school_meals_eligible,True,0.0,0.0,True,0.0,0.0,False,,0.0,0.0,False,0.0,0.0,0.0,False,0.0,0.0,0.0,False,0.0,0.0,0.0,False,0.0
scenario_031,CA,self_employment_tax,True,0.0,0.0,True,,,False,,0.0,0.0,False,,0.0,0.0,False,,0.0,0.0,False,,0.0,0.0,False,
scenario_031,CA,snap,True,0.0,0.0,True,,,False,,0.0,0.0,False,,0.0,0.0,False,,0.0,0.0,False,,0.0,0.0,False,
scenario_031,CA,ssi,True,0.0,0.0,True,,,False,,0.0,0.0,False,,0.0,0.0,False,,0.0,0.0,False,,0.0,0.0,False,
scenario_031,CA,state_income_tax_before_refundable_credits,True,0.0,0.0,True,,,False,,0.0,0.0,False,,0.0,0.0,False,,0.0,0.0,False,,0.0,0.0,False,
scenario_031,CA,state_refundable_credits,True,0.0,0.0,True,,,False,,0.0,0.0,False,,0.0,0.0,False,,0.0,0.0,False,,0.0,0.0,False,
scenario_031,CA,tanf,True,0.0,0.0,True,,,False,,0.0,0.0,False,,0.0,0.0,False,,0.0,0.0,False,,0.0,0.0,False,
scenario_032,MN,federal_income_tax_before_refundable_credits,False,0.0,0.0,True,,,False,,0.0,0.0,False,,0.0,0.0,False,,0.0,0.0,False,,0.0,0.0,False,
scenario_032,MN,federal_refundable_credits,False,6127.0,6127.0,True,,,False,,6127.0,0.0,False,,6127.0,0.0,False,,6127.0,0.0,False,,6127.0,0.0,False,
scenario_032,MN,free_school_meals_eligible,False,1.0,1.0,True,1130.9622802734375,1142.2381591796875,False,,1.0,0.0,False,1142.2381591796875,1.0,0.0,False,1142.2381591796875,1.0,0.0,False,1142.2381591796875,1.0,0.0,False,1142.2381591796875
scenario_032,MN,local_income_tax,False,0.0,0.0,True,,,False,,0.0,0.0,False,,0.0,0.0,False,,0.0,0.0,False,,0.0,0.0,False,
scenario_032,MN,payroll_tax,False,2346.10009765625,2346.10009765625,True,,,False,,2346.10009765625,0.0,False,,2346.10009765625,0.0,False,,2346.10009765625,0.0,False,,2346.10009765625,0.0,False,
scenario_032,MN,head_chip_eligible,False,0.0,0.0,True,0.0,0.0,False,,0.0,0.0,False,0.0,0.0,0.0,False,0.0,0.0,0.0,False,0.0,0.0,0.0,False,0.0
scenario_032,MN,spouse_chip_eligible,False,0.0,0.0,True,0.0,0.0,False,,0.0,0.0,False,0.0,0.0,0.0,False,0.0,0.0,0.0,False,0.0,0.0,0.0,False,0.0
scenario_032,MN,child1_chip_eligible,False,0.0,0.0,True,0.0,0.0,False,,0.0,0.0,False,0.0,0.0,0.0,False,0.0,0.0,0.0,False,0.0,0.0,0.0,False,0.0
scenario_032,MN,child1_early_head_start_eligible,False,0.0,0.0,True,0.0,0.0,False,,0.0,0.0,False,0.0,0.0,0.0,False,0.0,0.0,0.0,False,0.0,0.0,0.0,False,0.0
scenario_032,MN,child1_head_start_eligible,False,0.0,0.0,True,0.0,0.0,False,,0.0,0.0,False,0.0,0.0,0.0,False,0.0,0.0,0.0,False,0.0,0.0,0.0,False,0.0
scenario_032,MN,head_medicaid_eligible,False,0.0,0.0,True,0.0,0.0,False,,0.0,0.0,False,0.0,0.0,0.0,False,0.0,0.0,0.0,False,0.0,0.0,0.0,False,0.0
scenario_032,MN,spouse_medicaid_eligible,False,1.0,1.0,True,8593.0478515625,11866.7255859375,False,,1.0,0.0,False,11866.7255859375,1.0,0.0,False,11866.7255859375,1.0,0.0,False,11866.7255859375,1.0,0.0,False,11866.7255859375
scenario_032,MN,child1_medicaid_eligible,False,1.0,1.0,True,8593.0478515625,11866.7255859375,False,,1.0,0.0,False,11866.7255859375,1.0,0.0,False,11866.7255859375,1.0,0.0,False,11866.7255859375,1.0,0.0,False,11866.7255859375
scenario_032,MN,head_medicare_eligible,False,0.0,0.0,True,0.0,0.0,False,,0.0,0.0,False,0.0,0.0,0.0,False,0.0,0.0,0.0,False,0.0,0.0,0.0,False,0.0
scenario_032,MN,spouse_medicare_eligible,False,0.0,0.0,True,0.0,0.0,False,,0.0,0.0,False,0.0,0.0,0.0,False,0.0,0.0,0.0,False,0.0,0.0,0.0,False,0.0
scenario_032,MN,child1_medicare_eligible,False,0.0,0.0,True,0.0,0.0,False,,0.0,0.0,False,0.0,0.0,0.0,False,0.0,0.0,0.0,False,0.0,0.0,0.0,False,0.0
scenario_032,MN,head_wic_eligible,False,0.0,0.0,True,0.0,0.0,False,,0.0,0.0,False,0.0,0.0,0.0,False,0.0,0.0,0.0,False,0.0,0.0,0.0,False,0.0
scenario_032,MN,spouse_wic_eligible,False,0.0,0.0,True,0.0,0.0,False,,0.0,0.0,False,0.0,0.0,0.0,False,0.0,0.0,0.0,False,0.0,0.0,0.0,False,0.0
scenario_032,MN,child1_wic_eligible,False,0.0,0.0,True,0.0,0.0,False,,0.0,0.0,False,0.0,0.0,0.0,False,0.0,0.0,0.0,False,0.0,0.0,0.0,False,0.0
scenario_032,MN,reduced_price_school_meals_eligible,False,0.0,0.0,True,0.0,0.0,False,,0.0,0.0,False,0.0,0.0,0.0,False,0.0,0.0,0.0,False,0.0,0.0,0.0,False,0.0
scenario_032,MN,self_employment_tax,False,0.0,0.0,True,,,False,,0.0,0.0,False,,0.0,0.0,False,,0.0,0.0,False,,0.0,0.0,False,
scenario_032,MN,snap,False,0.0,0.0,True,,,False,,0.0,0.0,False,,0.0,0.0,False,,0.0,0.0,False,,0.0,0.0,False,
scenario_032,MN,ssi,False,0.0,0.0,True,,,False,,0.0,0.0,False,,0.0,0.0,False,,0.0,0.0,False,,0.0,0.0,False,
scenario_032,MN,state_income_tax_before_refundable_credits,False,0.0,0.0,True,,,False,,0.0,0.0,False,,0.0,0.0,False,,0.0,0.0,False,,0.0,0.0,False,
scenario_032,MN,state_refundable_credits,False,2187.60009765625,2187.60009765625,True,,,False,,2187.60009765625,0.0,False,,2187.60009765625,0.0,False,,2187.60009765625,0.0,False,,2187.60009765625,0.0,False,
scenario_032,MN,tanf,False,0.0,0.0,True,,,False,,0.0,0.0,False,,0.0,0.0,False,,0.0,0.0,False,,0.0,0.0,False,
scenario_033,SD,federal_income_tax_before_refundable_credits,True,3818.148193359375,3818.148193359375,True,,,True,reference_depends_on_unlisted_input,3818.148193359375,0.0,False,,3818.148193359375,0.0,False,,3818.148193359375,0.0,False,,3818.148193359375,0.0,False,
scenario_033,SD,federal_refundable_credits,True,0.0,0.0,True,,,False,,0.0,0.0,False,,0.0,0.0,False,,0.0,0.0,False,,0.0,0.0,False,
scenario_033,SD,free_school_meals_eligible,True,0.0,0.0,True,0.0,0.0,False,,0.0,0.0,False,0.0,0.0,0.0,False,0.0,0.0,0.0,False,0.0,0.0,0.0,False,0.0
scenario_033,SD,local_income_tax,True,0.0,0.0,True,,,False,,0.0,0.0,False,,0.0,0.0,False,,0.0,0.0,False,,0.0,0.0,False,
scenario_033,SD,payroll_tax,True,6043.5,6043.5,True,,,False,,6043.5,0.0,False,,6043.5,0.0,False,,6043.5,0.0,False,,6043.5,0.0,False,
scenario_033,SD,head_chip_eligible,True,0.0,0.0,True,0.0,0.0,False,,0.0,0.0,False,0.0,0.0,0.0,False,0.0,0.0,0.0,False,0.0,0.0,0.0,False,0.0
scenario_033,SD,spouse_chip_eligible,True,0.0,0.0,True,0.0,0.0,False,,0.0,0.0,False,0.0,0.0,0.0,False,0.0,0.0,0.0,False,0.0,0.0,0.0,False,0.0
scenario_033,SD,head_medicaid_eligible,True,0.0,0.0,True,0.0,0.0,False,,0.0,0.0,False,0.0,0.0,0.0,False,0.0,0.0,0.0,False,0.0,0.0,0.0,False,0.0
scenario_033,SD,spouse_medicaid_eligible,True,0.0,0.0,True,0.0,0.0,False,,0.0,0.0,False,0.0,0.0,0.0,False,0.0,0.0,0.0,False,0.0,0.0,0.0,False,0.0
scenario_033,SD,head_medicare_eligible,True,1.0,1.0,True,5285.2001953125,12065.2001953125,False,,1.0,0.0,False,12065.2001953125,1.0,0.0,False,0.0,1.0,0.0,False,0.0,1.0,0.0,False,12065.2001953125
scenario_033,SD,spouse_medicare_eligible,True,1.0,1.0,True,5285.2001953125,12065.2001953125,False,,1.0,0.0,False,12065.2001953125,1.0,0.0,False,0.0,1.0,0.0,False,0.0,1.0,0.0,False,12065.2001953125
scenario_033,SD,head_wic_eligible,True,0.0,0.0,True,0.0,0.0,False,,0.0,0.0,False,0.0,0.0,0.0,False,0.0,0.0,0.0,False,0.0,0.0,0.0,False,0.0
scenario_033,SD,spouse_wic_eligible,True,0.0,0.0,True,0.0,0.0,False,,0.0,0.0,False,0.0,0.0,0.0,False,0.0,0.0,0.0,False,0.0,0.0,0.0,False,0.0
scenario_033,SD,reduced_price_school_meals_eligible,True,0.0,0.0,True,0.0,0.0,False,,0.0,0.0,False,0.0,0.0,0.0,False,0.0,0.0,0.0,False,0.0,0.0,0.0,False,0.0
scenario_033,SD,self_employment_tax,True,0.0,0.0,True,,,False,,0.0,0.0,False,,0.0,0.0,False,,0.0,0.0,False,,0.0,0.0,False,
scenario_033,SD,snap,True,0.0,0.0,True,,,False,,0.0,0.0,False,,0.0,0.0,False,,0.0,0.0,False,,0.0,0.0,False,
scenario_033,SD,ssi,True,0.0,0.0,True,,,False,,0.0,0.0,False,,0.0,0.0,False,,0.0,0.0,False,,0.0,0.0,False,
scenario_033,SD,state_income_tax_before_refundable_credits,True,0.0,0.0,True,,,False,,0.0,0.0,False,,0.0,0.0,False,,0.0,0.0,False,,0.0,0.0,False,
scenario_033,SD,state_refundable_credits,True,0.0,0.0,True,,,False,,0.0,0.0,False,,0.0,0.0,False,,0.0,0.0,False,,0.0,0.0,False,
scenario_033,SD,tanf,True,0.0,0.0,True,,,False,,0.0,0.0,False,,0.0,0.0,False,,0.0,0.0,False,,0.0,0.0,False,
scenario_036,NJ,federal_income_tax_before_refundable_credits,False,4926.39990234375,4926.39990234375,True,,,False,,4926.39990234375,0.0,False,,4926.39990234375,0.0,False,,4926.39990234375,0.0,False,,4926.39990234375,0.0,False,
scenario_036,NJ,federal_refundable_credits,False,0.0,0.0,True,,,False,,0.0,0.0,False,,0.0,0.0,False,,0.0,0.0,False,,0.0,0.0,False,
scenario_036,NJ,free_school_meals_eligible,False,0.0,0.0,True,0.0,0.0,False,,0.0,0.0,False,0.0,0.0,0.0,False,0.0,0.0,0.0,False,0.0,0.0,0.0,False,0.0
scenario_036,NJ,local_income_tax,False,0.0,0.0,True,,,False,,0.0,0.0,False,,0.0,0.0,False,,0.0,0.0,False,,0.0,0.0,False,
scenario_036,NJ,payroll_tax,False,0.0,0.0,True,,,False,,0.0,0.0,False,,0.0,0.0,False,,0.0,0.0,False,,0.0,0.0,False,
scenario_036,NJ,head_chip_eligible,False,0.0,0.0,True,0.0,0.0,False,,0.0,0.0,False,0.0,0.0,0.0,False,0.0,0.0,0.0,False,0.0,0.0,0.0,False,0.0
scenario_036,NJ,head_medicaid_eligible,False,0.0,0.0,True,0.0,0.0,False,,0.0,0.0,False,0.0,0.0,0.0,False,0.0,0.0,0.0,False,0.0,0.0,0.0,False,0.0
scenario_036,NJ,head_medicare_eligible,False,0.0,0.0,True,0.0,0.0,False,,0.0,0.0,False,0.0,0.0,0.0,False,0.0,0.0,0.0,False,0.0,0.0,0.0,False,0.0
scenario_036,NJ,head_wic_eligible,False,0.0,0.0,True,0.0,0.0,False,,0.0,0.0,False,0.0,0.0,0.0,False,0.0,0.0,0.0,False,0.0,0.0,0.0,False,0.0
scenario_036,NJ,reduced_price_school_meals_eligible,False,0.0,0.0,True,0.0,0.0,False,,0.0,0.0,False,0.0,0.0,0.0,False,0.0,0.0,0.0,False,0.0,0.0,0.0,False,0.0
scenario_036,NJ,self_employment_tax,False,0.0,0.0,True,,,False,,0.0,0.0,False,,0.0,0.0,False,,0.0,0.0,False,,0.0,0.0,False,
scenario_036,NJ,snap,False,0.0,0.0,True,,,False,,0.0,0.0,False,,0.0,0.0,False,,0.0,0.0,False,,0.0,0.0,False,
scenario_036,NJ,ssi,False,0.0,0.0,True,,,False,,0.0,0.0,False,,0.0,0.0,False,,0.0,0.0,False,,0.0,0.0,False,
scenario_036,NJ,state_income_tax_before_refundable_credits,False,1724.155029296875,1724.155029296875,True,,,False,,1724.155029296875,0.0,False,,1724.155029296875,0.0,False,,1724.155029296875,0.0,False,,1724.155029296875,0.0,False,
scenario_036,NJ,state_refundable_credits,False,0.0,0.0,True,,,False,,0.0,0.0,False,,0.0,0.0,False,,0.0,0.0,False,,0.0,0.0,False,
scenario_036,NJ,tanf,False,0.0,0.0,True,,,False,,0.0,0.0,False,,0.0,0.0,False,,0.0,0.0,False,,0.0,0.0,False,
scenario_037,NC,federal_income_tax_before_refundable_credits,False,1649.2513427734375,1649.2513427734375,True,,,False,,1649.2513427734375,0.0,False,,1649.2513427734375,0.0,False,,1649.2513427734375,0.0,False,,1649.2513427734375,0.0,False,
scenario_037,NC,federal_refundable_credits,False,0.0,0.0,True,,,False,,0.0,0.0,False,,0.0,0.0,False,,0.0,0.0,False,,0.0,0.0,False,
scenario_037,NC,free_school_meals_eligible,False,0.0,0.0,True,0.0,0.0,False,,0.0,0.0,False,0.0,0.0,0.0,False,0.0,0.0,0.0,False,0.0,0.0,0.0,False,0.0
scenario_037,NC,local_income_tax,False,0.0,0.0,True,,,False,,0.0,0.0,False,,0.0,0.0,False,,0.0,0.0,False,,0.0,0.0,False,
scenario_037,NC,payroll_tax,False,3208.668701171875,3208.668701171875,True,,,False,,3208.668701171875,0.0,False,,3208.668701171875,0.0,False,,3208.668701171875,0.0,False,,3208.668701171875,0.0,False,
scenario_037,NC,head_chip_eligible,False,0.0,0.0,True,0.0,0.0,False,,0.0,0.0,False,0.0,0.0,0.0,False,0.0,0.0,0.0,False,0.0,0.0,0.0,False,0.0
scenario_037,NC,head_medicaid_eligible,False,0.0,0.0,True,0.0,0.0,False,,0.0,0.0,False,0.0,0.0,0.0,False,0.0,0.0,0.0,False,0.0,0.0,0.0,False,0.0
scenario_037,NC,head_medicare_eligible,False,0.0,0.0,True,0.0,0.0,False,,0.0,0.0,False,0.0,0.0,0.0,False,0.0,0.0,0.0,False,0.0,0.0,0.0,False,0.0
scenario_037,NC,head_wic_eligible,False,0.0,0.0,True,0.0,0.0,False,,0.0,0.0,False,0.0,0.0,0.0,False,0.0,0.0,0.0,False,0.0,0.0,0.0,False,0.0
scenario_037,NC,reduced_price_school_meals_eligible,False,0.0,0.0,True,0.0,0.0,False,,0.0,0.0,False,0.0,0.0,0.0,False,0.0,0.0,0.0,False,0.0,0.0,0.0,False,0.0
scenario_037,NC,self_employment_tax,False,0.0,0.0,True,,,False,,0.0,0.0,False,,0.0,0.0,False,,0.0,0.0,False,,0.0,0.0,False,
scenario_037,NC,snap,False,0.0,0.0,True,,,False,,0.0,0.0,False,,0.0,0.0,False,,0.0,0.0,False,,0.0,0.0,False,
scenario_037,NC,ssi,False,0.0,0.0,True,,,False,,0.0,0.0,False,,0.0,0.0,False,,0.0,0.0,False,,0.0,0.0,False,
scenario_037,NC,state_income_tax_before_refundable_credits,False,1148.69921875,1148.69921875,True,,,False,,1148.69921875,0.0,False,,1148.69921875,0.0,False,,1148.69921875,0.0,False,,1148.69921875,0.0,False,
scenario_037,NC,state_refundable_credits,False,0.0,0.0,True,,,False,,0.0,0.0,False,,0.0,0.0,False,,0.0,0.0,False,,0.0,0.0,False,
scenario_037,NC,tanf,False,0.0,0.0,True,,,False,,0.0,0.0,False,,0.0,0.0,False,,0.0,0.0,False,,0.0,0.0,False,
scenario_038,LA,federal_income_tax_before_refundable_credits,False,0.0,0.0,True,,,False,,0.0,0.0,False,,0.0,0.0,False,,0.0,0.0,False,,0.0,0.0,False,
scenario_038,LA,federal_refundable_credits,False,10225.353515625,10225.353515625,True,,,False,,10225.353515625,0.0,False,,10225.353515625,0.0,False,,10225.353515625,0.0,False,,10225.353515625,0.0,False,
scenario_038,LA,free_school_meals_eligible,False,1.0,1.0,True,2261.924560546875,2284.476318359375,False,,1.0,0.0,False,2284.476318359375,1.0,0.0,False,2284.476318359375,1.0,0.0,False,2284.476318359375,1.0,0.0,False,2284.476318359375
scenario_038,LA,local_income_tax,False,0.0,0.0,True,,,False,,0.0,0.0,False,,0.0,0.0,False,,0.0,0.0,False,,0.0,0.0,False,
scenario_038,LA,payroll_tax,False,571.2637329101562,571.2637329101562,True,,,False,,571.2637329101562,0.0,False,,571.2637329101562,0.0,False,,571.2637329101562,0.0,False,,571.2637329101562,0.0,False,
scenario_038,LA,head_chip_eligible,False,0.0,0.0,True,0.0,0.0,False,,0.0,0.0,False,0.0,0.0,0.0,False,0.0,0.0,0.0,False,0.0,0.0,0.0,False,0.0
scenario_038,LA,spouse_chip_eligible,False,0.0,0.0,True,0.0,0.0,False,,0.0,0.0,False,0.0,0.0,0.0,False,0.0,0.0,0.0,False,0.0,0.0,0.0,False,0.0
scenario_038,LA,child1_chip_eligible,False,0.0,0.0,True,0.0,0.0,False,,0.0,0.0,False,0.0,0.0,0.0,False,0.0,0.0,0.0,False,0.0,0.0,0.0,False,0.0
scenario_038,LA,child2_chip_eligible,False,0.0,0.0,True,0.0,0.0,False,,0.0,0.0,False,0.0,0.0,0.0,False,0.0,0.0,0.0,False,0.0,0.0,0.0,False,0.0
scenario_038,LA,child1_early_head_start_eligible,False,0.0,0.0,True,0.0,0.0,False,,0.0,0.0,False,0.0,0.0,0.0,False,0.0,0.0,0.0,False,0.0,0.0,0.0,False,0.0
scenario_038,LA,child2_early_head_start_eligible,False,0.0,0.0,True,0.0,0.0,False,,0.0,0.0,False,0.0,0.0,0.0,False,0.0,0.0,0.0,False,0.0,0.0,0.0,False,0.0
scenario_038,LA,child1_head_start_eligible,False,0.0,0.0,True,0.0,0.0,False,,0.0,0.0,False,0.0,0.0,0.0,False,0.0,0.0,0.0,False,0.0,0.0,0.0,False,0.0
scenario_038,LA,child2_head_start_eligible,False,0.0,0.0,True,0.0,0.0,False,,0.0,0.0,False,0.0,0.0,0.0,False,0.0,0.0,0.0,False,0.0,0.0,0.0,False,0.0
scenario_038,LA,head_medicaid_eligible,False,1.0,1.0,True,9648.587890625,12628.3828125,False,,1.0,0.0,False,12628.3828125,1.0,0.0,False,12628.3828125,1.0,0.0,False,12628.3828125,1.0,0.0,False,12628.3828125
scenario_038,LA,spouse_medicaid_eligible,False,1.0,1.0,True,8774.4521484375,11484.2841796875,False,,1.0,0.0,False,11484.2841796875,1.0,0.0,False,11484.2841796875,1.0,0.0,False,11484.2841796875,1.0,0.0,False,11484.2841796875
scenario_038,LA,child1_medicaid_eligible,False,1.0,1.0,True,7351.86572265625,9622.3583984375,False,,1.0,0.0,False,9622.3583984375,1.0,0.0,False,9622.3583984375,1.0,0.0,False,9622.3583984375,1.0,0.0,False,9622.3583984375
scenario_038,LA,child2_medicaid_eligible,False,1.0,1.0,True,7351.86572265625,9622.3583984375,False,,1.0,0.0,False,9622.3583984375,1.0,0.0,False,9622.3583984375,1.0,0.0,False,9622.3583984375,1.0,0.0,False,9622.3583984375
scenario_038,LA,head_medicare_eligible,False,0.0,0.0,True,0.0,0.0,False,,0.0,0.0,False,0.0,0.0,0.0,False,0.0,0.0,0.0,False,0.0,0.0,0.0,False,0.0
scenario_038,LA,spouse_medicare_eligible,False,0.0,0.0,True,0.0,0.0,False,,0.0,0.0,False,0.0,0.0,0.0,False,0.0,0.0,0.0,False,0.0,0.0,0.0,False,0.0
scenario_038,LA,child1_medicare_eligible,False,0.0,0.0,True,0.0,0.0,False,,0.0,0.0,False,0.0,0.0,0.0,False,0.0,0.0,0.0,False,0.0,0.0,0.0,False,0.0
scenario_038,LA,child2_medicare_eligible,False,0.0,0.0,True,0.0,0.0,False,,0.0,0.0,False,0.0,0.0,0.0,False,0.0,0.0,0.0,False,0.0,0.0,0.0,False,0.0
scenario_038,LA,head_wic_eligible,False,0.0,0.0,True,0.0,0.0,False,,0.0,0.0,False,0.0,0.0,0.0,False,0.0,0.0,0.0,False,0.0,0.0,0.0,False,0.0
scenario_038,LA,spouse_wic_eligible,False,0.0,0.0,True,0.0,0.0,False,,0.0,0.0,False,0.0,0.0,0.0,False,0.0,0.0,0.0,False,0.0,0.0,0.0,False,0.0
scenario_038,LA,child1_wic_eligible,False,0.0,0.0,True,0.0,0.0,False,,0.0,0.0,False,0.0,0.0,0.0,False,0.0,0.0,0.0,False,0.0,0.0,0.0,False,0.0
scenario_038,LA,child2_wic_eligible,False,0.0,0.0,True,0.0,0.0,False,,0.0,0.0,False,0.0,0.0,0.0,False,0.0,0.0,0.0,False,0.0,0.0,0.0,False,0.0
scenario_038,LA,reduced_price_school_meals_eligible,False,0.0,0.0,True,0.0,0.0,False,,0.0,0.0,False,0.0,0.0,0.0,False,0.0,0.0,0.0,False,0.0,0.0,0.0,False,0.0
scenario_038,LA,self_employment_tax,False,2193.612548828125,2193.612548828125,True,,,False,,2193.612548828125,0.0,False,,2193.612548828125,0.0,False,,2193.612548828125,0.0,False,,2193.612548828125,0.0,False,
scenario_038,LA,snap,False,7212.0,7212.0,True,,,False,,7212.0,0.0,False,,7212.0,0.0,False,,7212.0,0.0,False,,7212.0,0.0,False,
scenario_038,LA,ssi,False,0.0,0.0,True,,,False,,0.0,0.0,False,,0.0,0.0,False,,0.0,0.0,False,,0.0,0.0,False,
scenario_038,LA,state_income_tax_before_refundable_credits,False,0.0,0.0,True,,,False,,0.0,0.0,False,,0.0,0.0,False,,0.0,0.0,False,,0.0,0.0,False,
scenario_038,LA,state_refundable_credits,False,365.8000183105469,365.8000183105469,True,,,False,,365.8000183105469,0.0,False,,365.8000183105469,0.0,False,,365.8000183105469,0.0,False,,365.8000183105469,0.0,False,
scenario_038,LA,tanf,False,0.0,0.0,True,,,False,,0.0,0.0,False,,0.0,0.0,False,,0.0,0.0,False,,0.0,0.0,False,
scenario_039,VA,federal_income_tax_before_refundable_credits,False,1345.510498046875,1345.510498046875,True,,,True,reference_engine_defect,1345.510498046875,0.0,False,,1345.510498046875,0.0,False,,1345.510498046875,0.0,False,,1345.510498046875,0.0,False,
scenario_039,VA,federal_refundable_credits,False,0.0,0.0,True,,,False,,0.0,0.0,False,,0.0,0.0,False,,0.0,0.0,False,,0.0,0.0,False,
scenario_039,VA,free_school_meals_eligible,False,0.0,0.0,True,0.0,0.0,False,,0.0,0.0,False,0.0,0.0,0.0,False,0.0,0.0,0.0,False,0.0,0.0,0.0,False,0.0
scenario_039,VA,local_income_tax,False,0.0,0.0,True,,,False,,0.0,0.0,False,,0.0,0.0,False,,0.0,0.0,False,,0.0,0.0,False,
scenario_039,VA,payroll_tax,False,0.0,0.0,True,,,False,,0.0,0.0,False,,0.0,0.0,False,,0.0,0.0,False,,0.0,0.0,False,
scenario_039,VA,head_chip_eligible,False,0.0,0.0,True,0.0,0.0,False,,0.0,0.0,False,0.0,0.0,0.0,False,0.0,0.0,0.0,False,0.0,0.0,0.0,False,0.0
scenario_039,VA,head_medicaid_eligible,False,0.0,0.0,True,0.0,0.0,False,,0.0,0.0,False,0.0,0.0,0.0,False,0.0,0.0,0.0,False,0.0,0.0,0.0,False,0.0
scenario_039,VA,head_medicare_eligible,False,0.0,0.0,True,0.0,0.0,False,,0.0,0.0,False,0.0,0.0,0.0,False,0.0,0.0,0.0,False,0.0,0.0,0.0,False,0.0
scenario_039,VA,head_wic_eligible,False,0.0,0.0,True,0.0,0.0,False,,0.0,0.0,False,0.0,0.0,0.0,False,0.0,0.0,0.0,False,0.0,0.0,0.0,False,0.0
scenario_039,VA,reduced_price_school_meals_eligible,False,0.0,0.0,True,0.0,0.0,False,,0.0,0.0,False,0.0,0.0,0.0,False,0.0,0.0,0.0,False,0.0,0.0,0.0,False,0.0
scenario_039,VA,self_employment_tax,False,0.0,0.0,True,,,False,,0.0,0.0,False,,0.0,0.0,False,,0.0,0.0,False,,0.0,0.0,False,
scenario_039,VA,snap,False,0.0,0.0,True,,,False,,0.0,0.0,False,,0.0,0.0,False,,0.0,0.0,False,,0.0,0.0,False,
scenario_039,VA,ssi,False,0.0,0.0,True,,,False,,0.0,0.0,False,,0.0,0.0,False,,0.0,0.0,False,,0.0,0.0,False,
scenario_039,VA,state_income_tax_before_refundable_credits,False,514.4984130859375,514.4984130859375,True,,,True,reference_engine_defect,514.4984130859375,0.0,False,,514.4984130859375,0.0,False,,514.4984130859375,0.0,False,,514.4984130859375,0.0,False,
scenario_039,VA,state_refundable_credits,False,0.0,0.0,True,,,False,,0.0,0.0,False,,0.0,0.0,False,,0.0,0.0,False,,0.0,0.0,False,
scenario_039,VA,tanf,False,0.0,0.0,True,,,False,,0.0,0.0,False,,0.0,0.0,False,,0.0,0.0,False,,0.0,0.0,False,
scenario_040,AZ,federal_income_tax_before_refundable_credits,True,0.0,0.0,True,,,False,,0.0,0.0,False,,0.0,0.0,False,,0.0,0.0,False,,0.0,0.0,False,
scenario_040,AZ,federal_refundable_credits,True,0.0,0.0,True,,,False,,0.0,0.0,False,,0.0,0.0,False,,0.0,0.0,False,,0.0,0.0,False,
scenario_040,AZ,free_school_meals_eligible,True,0.0,0.0,True,0.0,0.0,False,,0.0,0.0,False,0.0,0.0,0.0,False,0.0,0.0,0.0,False,0.0,0.0,0.0,False,0.0
scenario_040,AZ,local_income_tax,True,0.0,0.0,True,,,False,,0.0,0.0,False,,0.0,0.0,False,,0.0,0.0,False,,0.0,0.0,False,
scenario_040,AZ,payroll_tax,True,2142.0,2142.0,True,,,False,,2142.0,0.0,False,,2142.0,0.0,False,,2142.0,0.0,False,,2142.0,0.0,False,
scenario_040,AZ,head_chip_eligible,True,0.0,0.0,True,0.0,0.0,False,,0.0,0.0,False,0.0,0.0,0.0,False,0.0,0.0,0.0,False,0.0,0.0,0.0,False,0.0
scenario_040,AZ,spouse_chip_eligible,True,0.0,0.0,True,0.0,0.0,False,,0.0,0.0,False,0.0,0.0,0.0,False,0.0,0.0,0.0,False,0.0,0.0,0.0,False,0.0
scenario_040,AZ,head_medicaid_eligible,True,0.0,0.0,True,0.0,0.0,False,,0.0,0.0,False,0.0,0.0,0.0,False,0.0,0.0,0.0,False,0.0,0.0,0.0,False,0.0
scenario_040,AZ,spouse_medicaid_eligible,True,0.0,0.0,True,0.0,0.0,False,,0.0,0.0,False,0.0,0.0,0.0,False,0.0,0.0,0.0,False,0.0,0.0,0.0,False,0.0
scenario_040,AZ,head_medicare_eligible,True,1.0,1.0,True,5285.2001953125,12065.2001953125,False,,1.0,0.0,False,12065.2001953125,1.0,0.0,False,0.0,1.0,0.0,False,0.0,1.0,0.0,False,12065.2001953125
scenario_040,AZ,spouse_medicare_eligible,True,1.0,1.0,True,5285.2001953125,12065.2001953125,False,,1.0,0.0,False,12065.2001953125,1.0,0.0,False,0.0,1.0,0.0,False,0.0,1.0,0.0,False,12065.2001953125
scenario_040,AZ,head_wic_eligible,True,0.0,0.0,True,0.0,0.0,False,,0.0,0.0,False,0.0,0.0,0.0,False,0.0,0.0,0.0,False,0.0,0.0,0.0,False,0.0
scenario_040,AZ,spouse_wic_eligible,True,0.0,0.0,True,0.0,0.0,False,,0.0,0.0,False,0.0,0.0,0.0,False,0.0,0.0,0.0,False,0.0,0.0,0.0,False,0.0
scenario_040,AZ,reduced_price_school_meals_eligible,True,0.0,0.0,True,0.0,0.0,False,,0.0,0.0,False,0.0,0.0,0.0,False,0.0,0.0,0.0,False,0.0,0.0,0.0,False,0.0
scenario_040,AZ,self_employment_tax,True,0.0,0.0,True,,,False,,0.0,0.0,False,,0.0,0.0,False,,0.0,0.0,False,,0.0,0.0,False,
scenario_040,AZ,snap,True,0.0,0.0,True,,,False,,0.0,0.0,False,,0.0,0.0,False,,0.0,0.0,False,,0.0,0.0,False,
scenario_040,AZ,ssi,True,0.0,0.0,True,,,False,,0.0,0.0,False,,0.0,0.0,False,,0.0,0.0,False,,0.0,0.0,False,
scenario_040,AZ,state_income_tax_before_refundable_credits,True,0.0,0.0,True,,,False,,0.0,0.0,False,,0.0,0.0,False,,0.0,0.0,False,,0.0,0.0,False,
scenario_040,AZ,state_refundable_credits,True,0.0,0.0,True,,,False,,0.0,0.0,False,,0.0,0.0,False,,0.0,0.0,False,,0.0,0.0,False,
scenario_040,AZ,tanf,True,0.0,0.0,True,,,False,,0.0,0.0,False,,0.0,0.0,False,,0.0,0.0,False,,0.0,0.0,False,
scenario_042,WI,federal_income_tax_before_refundable_credits,True,2361.96484375,2361.96484375,True,,,False,,2361.96484375,0.0,False,,2361.96484375,0.0,False,,2361.96484375,0.0,False,,2361.96484375,0.0,False,
scenario_042,WI,federal_refundable_credits,True,0.0,0.0,True,,,False,,0.0,0.0,False,,0.0,0.0,False,,0.0,0.0,False,,0.0,0.0,False,
scenario_042,WI,free_school_meals_eligible,True,0.0,0.0,True,0.0,0.0,False,,0.0,0.0,False,0.0,0.0,0.0,False,0.0,0.0,0.0,False,0.0,0.0,0.0,False,0.0
scenario_042,WI,local_income_tax,True,0.0,0.0,True,,,False,,0.0,0.0,False,,0.0,0.0,False,,0.0,0.0,False,,0.0,0.0,False,
scenario_042,WI,payroll_tax,True,0.0,0.0,True,,,False,,0.0,0.0,False,,0.0,0.0,False,,0.0,0.0,False,,0.0,0.0,False,
scenario_042,WI,head_chip_eligible,True,0.0,0.0,True,0.0,0.0,False,,0.0,0.0,False,0.0,0.0,0.0,False,0.0,0.0,0.0,False,0.0,0.0,0.0,False,0.0
scenario_042,WI,head_medicaid_eligible,True,0.0,0.0,True,0.0,0.0,False,,0.0,0.0,False,0.0,0.0,0.0,False,0.0,0.0,0.0,False,0.0,0.0,0.0,False,0.0
scenario_042,WI,head_medicare_eligible,True,1.0,1.0,True,5285.2001953125,12065.2001953125,False,,1.0,0.0,False,12065.2001953125,1.0,0.0,False,0.0,1.0,0.0,False,0.0,1.0,0.0,False,12065.2001953125
scenario_042,WI,head_wic_eligible,True,0.0,0.0,True,0.0,0.0,False,,0.0,0.0,False,0.0,0.0,0.0,False,0.0,0.0,0.0,False,0.0,0.0,0.0,False,0.0
scenario_042,WI,reduced_price_school_meals_eligible,True,0.0,0.0,True,0.0,0.0,False,,0.0,0.0,False,0.0,0.0,0.0,False,0.0,0.0,0.0,False,0.0,0.0,0.0,False,0.0
scenario_042,WI,self_employment_tax,True,0.0,0.0,True,,,False,,0.0,0.0,False,,0.0,0.0,False,,0.0,0.0,False,,0.0,0.0,False,
scenario_042,WI,snap,True,0.0,0.0,True,,,False,,0.0,0.0,False,,0.0,0.0,False,,0.0,0.0,False,,0.0,0.0,False,
scenario_042,WI,ssi,True,0.0,0.0,True,,,False,,0.0,0.0,False,,0.0,0.0,False,,0.0,0.0,False,,0.0,0.0,False,
scenario_042,WI,state_income_tax_before_refundable_credits,True,284.74090576171875,464.18280029296875,False,,,True,reference_engine_defect,464.18280029296875,0.0,False,,464.18280029296875,0.0,False,,464.18280029296875,0.0,False,,464.18280029296875,0.0,False,
scenario_042,WI,state_refundable_credits,True,0.0,0.0,True,,,False,,0.0,0.0,False,,0.0,0.0,False,,0.0,0.0,False,,0.0,0.0,False,
scenario_042,WI,tanf,True,0.0,0.0,True,,,False,,0.0,0.0,False,,0.0,0.0,False,,0.0,0.0,False,,0.0,0.0,False,
scenario_043,CO,federal_income_tax_before_refundable_credits,True,0.0,0.0,True,,,False,,0.0,0.0,False,,0.0,0.0,False,,0.0,0.0,False,,0.0,0.0,False,
scenario_043,CO,federal_refundable_credits,True,0.0,0.0,True,,,False,,0.0,0.0,False,,0.0,0.0,False,,0.0,0.0,False,,0.0,0.0,False,
scenario_043,CO,free_school_meals_eligible,True,0.0,0.0,True,0.0,0.0,False,,0.0,0.0,False,0.0,0.0,0.0,False,0.0,0.0,0.0,False,0.0,0.0,0.0,False,0.0
scenario_043,CO,local_income_tax,True,0.0,0.0,True,,,False,,0.0,0.0,False,,0.0,0.0,False,,0.0,0.0,False,,0.0,0.0,False,
scenario_043,CO,payroll_tax,True,330.7310791015625,330.7310791015625,True,,,False,,330.7310791015625,0.0,False,,330.7310791015625,0.0,False,,330.7310791015625,0.0,False,,330.7310791015625,0.0,False,
scenario_043,CO,head_chip_eligible,True,0.0,0.0,True,0.0,0.0,False,,0.0,0.0,False,0.0,0.0,0.0,False,0.0,0.0,0.0,False,0.0,0.0,0.0,False,0.0
scenario_043,CO,head_medicaid_eligible,True,0.0,0.0,True,0.0,0.0,False,,0.0,0.0,False,0.0,0.0,0.0,False,0.0,0.0,0.0,False,0.0,0.0,0.0,False,0.0
scenario_043,CO,head_medicare_eligible,True,1.0,1.0,True,5285.2001953125,12065.2001953125,False,,1.0,0.0,False,12065.2001953125,1.0,0.0,False,0.0,1.0,0.0,False,0.0,1.0,0.0,False,12065.2001953125
scenario_043,CO,head_wic_eligible,True,0.0,0.0,True,0.0,0.0,False,,0.0,0.0,False,0.0,0.0,0.0,False,0.0,0.0,0.0,False,0.0,0.0,0.0,False,0.0
scenario_043,CO,reduced_price_school_meals_eligible,True,0.0,0.0,True,0.0,0.0,False,,0.0,0.0,False,0.0,0.0,0.0,False,0.0,0.0,0.0,False,0.0,0.0,0.0,False,0.0
scenario_043,CO,self_employment_tax,True,0.0,0.0,True,,,False,,0.0,0.0,False,,0.0,0.0,False,,0.0,0.0,False,,0.0,0.0,False,
scenario_043,CO,snap,True,3576.0,3576.0,True,,,False,,3576.0,0.0,False,,3576.0,0.0,False,,3576.0,0.0,False,,3576.0,0.0,False,
scenario_043,CO,ssi,True,0.0,0.0,True,,,False,,0.0,0.0,False,,0.0,0.0,False,,0.0,0.0,False,,0.0,0.0,False,
scenario_043,CO,state_income_tax_before_refundable_credits,True,0.0,0.0,True,,,False,,0.0,0.0,False,,0.0,0.0,False,,0.0,0.0,False,,0.0,0.0,False,
scenario_043,CO,state_refundable_credits,True,19.0,19.0,True,,,False,,19.0,0.0,False,,19.0,0.0,False,,19.0,0.0,False,,19.0,0.0,False,
scenario_043,CO,tanf,True,0.0,0.0,True,,,False,,0.0,0.0,False,,0.0,0.0,False,,0.0,0.0,False,,0.0,0.0,False,
scenario_044,KS,federal_income_tax_before_refundable_credits,True,0.0,0.0,True,,,False,,0.0,0.0,False,,0.0,0.0,False,,0.0,0.0,False,,0.0,0.0,False,
scenario_044,KS,federal_refundable_credits,True,0.0,0.0,True,,,False,,0.0,0.0,False,,0.0,0.0,False,,0.0,0.0,False,,0.0,0.0,False,
scenario_044,KS,free_school_meals_eligible,True,0.0,0.0,True,0.0,0.0,False,,0.0,0.0,False,0.0,0.0,0.0,False,0.0,0.0,0.0,False,0.0,0.0,0.0,False,0.0
scenario_044,KS,local_income_tax,True,0.0,0.0,True,,,False,,0.0,0.0,False,,0.0,0.0,False,,0.0,0.0,False,,0.0,0.0,False,
scenario_044,KS,payroll_tax,True,0.0,0.0,True,,,False,,0.0,0.0,False,,0.0,0.0,False,,0.0,0.0,False,,0.0,0.0,False,
scenario_044,KS,head_chip_eligible,True,0.0,0.0,True,0.0,0.0,False,,0.0,0.0,False,0.0,0.0,0.0,False,0.0,0.0,0.0,False,0.0,0.0,0.0,False,0.0
scenario_044,KS,spouse_chip_eligible,True,0.0,0.0,True,0.0,0.0,False,,0.0,0.0,False,0.0,0.0,0.0,False,0.0,0.0,0.0,False,0.0,0.0,0.0,False,0.0
scenario_044,KS,head_medicaid_eligible,True,0.0,0.0,True,0.0,0.0,False,,0.0,0.0,False,0.0,0.0,0.0,False,0.0,0.0,0.0,False,0.0,0.0,0.0,False,0.0
scenario_044,KS,spouse_medicaid_eligible,True,0.0,0.0,True,0.0,0.0,False,,0.0,0.0,False,0.0,0.0,0.0,False,0.0,0.0,0.0,False,0.0,0.0,0.0,False,0.0
scenario_044,KS,head_medicare_eligible,True,1.0,1.0,True,5285.2001953125,12065.2001953125,False,,1.0,0.0,False,12065.2001953125,1.0,0.0,False,0.0,1.0,0.0,False,0.0,1.0,0.0,False,12065.2001953125
scenario_044,KS,spouse_medicare_eligible,True,0.0,0.0,True,0.0,0.0,False,,0.0,0.0,False,0.0,0.0,0.0,False,0.0,0.0,0.0,False,0.0,0.0,0.0,False,0.0
scenario_044,KS,head_wic_eligible,True,0.0,0.0,True,0.0,0.0,False,,0.0,0.0,False,0.0,0.0,0.0,False,0.0,0.0,0.0,False,0.0,0.0,0.0,False,0.0
scenario_044,KS,spouse_wic_eligible,True,0.0,0.0,True,0.0,0.0,False,,0.0,0.0,False,0.0,0.0,0.0,False,0.0,0.0,0.0,False,0.0,0.0,0.0,False,0.0
scenario_044,KS,reduced_price_school_meals_eligible,True,0.0,0.0,True,0.0,0.0,False,,0.0,0.0,False,0.0,0.0,0.0,False,0.0,0.0,0.0,False,0.0,0.0,0.0,False,0.0
scenario_044,KS,self_employment_tax,True,0.0,0.0,True,,,False,,0.0,0.0,False,,0.0,0.0,False,,0.0,0.0,False,,0.0,0.0,False,
scenario_044,KS,snap,True,0.0,0.0,True,,,False,,0.0,0.0,False,,0.0,0.0,False,,0.0,0.0,False,,0.0,0.0,False,
scenario_044,KS,ssi,True,0.0,0.0,True,,,False,,0.0,0.0,False,,0.0,0.0,False,,0.0,0.0,False,,0.0,0.0,False,
scenario_044,KS,state_income_tax_before_refundable_credits,True,0.0,0.0,True,,,False,,0.0,0.0,False,,0.0,0.0,False,,0.0,0.0,False,,0.0,0.0,False,
scenario_044,KS,state_refundable_credits,True,0.0,0.0,True,,,False,,0.0,0.0,False,,0.0,0.0,False,,0.0,0.0,False,,0.0,0.0,False,
scenario_044,KS,tanf,True,0.0,0.0,True,,,False,,0.0,0.0,False,,0.0,0.0,False,,0.0,0.0,False,,0.0,0.0,False,
scenario_045,MI,federal_income_tax_before_refundable_credits,False,2173.07080078125,2173.07080078125,True,,,False,,2173.07080078125,0.0,False,,2173.07080078125,0.0,False,,2173.07080078125,0.0,False,,2173.07080078125,0.0,False,
scenario_045,MI,federal_refundable_credits,False,0.0,0.0,True,,,False,,0.0,0.0,False,,0.0,0.0,False,,0.0,0.0,False,,0.0,0.0,False,
scenario_045,MI,free_school_meals_eligible,False,0.0,0.0,True,0.0,0.0,False,,0.0,0.0,False,0.0,0.0,0.0,False,0.0,0.0,0.0,False,0.0,0.0,0.0,False,0.0
scenario_045,MI,local_income_tax,False,0.0,0.0,True,,,False,,0.0,0.0,False,,0.0,0.0,False,,0.0,0.0,False,,0.0,0.0,False,
scenario_045,MI,payroll_tax,False,2775.08251953125,2775.08251953125,True,,,False,,2775.08251953125,0.0,False,,2775.08251953125,0.0,False,,2775.08251953125,0.0,False,,2775.08251953125,0.0,False,
scenario_045,MI,head_chip_eligible,False,0.0,0.0,True,0.0,0.0,False,,0.0,0.0,False,0.0,0.0,0.0,False,0.0,0.0,0.0,False,0.0,0.0,0.0,False,0.0
scenario_045,MI,head_medicaid_eligible,False,0.0,0.0,True,0.0,0.0,False,,0.0,0.0,False,0.0,0.0,0.0,False,0.0,0.0,0.0,False,0.0,0.0,0.0,False,0.0
scenario_045,MI,head_medicare_eligible,False,0.0,0.0,True,0.0,0.0,False,,0.0,0.0,False,0.0,0.0,0.0,False,0.0,0.0,0.0,False,0.0,0.0,0.0,False,0.0
scenario_045,MI,head_wic_eligible,False,0.0,0.0,True,0.0,0.0,False,,0.0,0.0,False,0.0,0.0,0.0,False,0.0,0.0,0.0,False,0.0,0.0,0.0,False,0.0
scenario_045,MI,reduced_price_school_meals_eligible,False,0.0,0.0,True,0.0,0.0,False,,0.0,0.0,False,0.0,0.0,0.0,False,0.0,0.0,0.0,False,0.0,0.0,0.0,False,0.0
scenario_045,MI,self_employment_tax,False,0.0,0.0,True,,,False,,0.0,0.0,False,,0.0,0.0,False,,0.0,0.0,False,,0.0,0.0,False,
scenario_045,MI,snap,False,0.0,0.0,True,,,False,,0.0,0.0,False,,0.0,0.0,False,,0.0,0.0,False,,0.0,0.0,False,
scenario_045,MI,ssi,False,0.0,0.0,True,,,False,,0.0,0.0,False,,0.0,0.0,False,,0.0,0.0,False,,0.0,0.0,False,
scenario_045,MI,state_income_tax_before_refundable_credits,False,1290.9625244140625,1290.9625244140625,True,,,False,,1290.9625244140625,0.0,False,,1290.9625244140625,0.0,False,,1290.9625244140625,0.0,False,,1290.9625244140625,0.0,False,
scenario_045,MI,state_refundable_credits,False,760.7887573242188,760.7887573242188,True,,,False,,760.7887573242188,0.0,False,,760.7887573242188,0.0,False,,760.7887573242188,0.0,False,,760.7887573242188,0.0,False,
scenario_045,MI,tanf,False,0.0,0.0,True,,,False,,0.0,0.0,False,,0.0,0.0,False,,0.0,0.0,False,,0.0,0.0,False,
scenario_046,OK,federal_income_tax_before_refundable_credits,False,499.71484375,499.71484375,True,,,False,,499.71484375,0.0,False,,499.71484375,0.0,False,,499.71484375,0.0,False,,499.71484375,0.0,False,
scenario_046,OK,federal_refundable_credits,False,0.0,0.0,True,,,False,,0.0,0.0,False,,0.0,0.0,False,,0.0,0.0,False,,0.0,0.0,False,
scenario_046,OK,free_school_meals_eligible,False,0.0,0.0,True,0.0,0.0,False,,0.0,0.0,False,0.0,0.0,0.0,False,0.0,0.0,0.0,False,0.0,0.0,0.0,False,0.0
scenario_046,OK,local_income_tax,False,0.0,0.0,True,,,False,,0.0,0.0,False,,0.0,0.0,False,,0.0,0.0,False,,0.0,0.0,False,
scenario_046,OK,payroll_tax,False,7038.0,7038.0,True,,,False,,7038.0,0.0,False,,7038.0,0.0,False,,7038.0,0.0,False,,7038.0,0.0,False,
scenario_046,OK,head_chip_eligible,False,0.0,0.0,True,0.0,0.0,False,,0.0,0.0,False,0.0,0.0,0.0,False,0.0,0.0,0.0,False,0.0,0.0,0.0,False,0.0
scenario_046,OK,spouse_chip_eligible,False,0.0,0.0,True,0.0,0.0,False,,0.0,0.0,False,0.0,0.0,0.0,False,0.0,0.0,0.0,False,0.0,0.0,0.0,False,0.0
scenario_046,OK,child1_chip_eligible,False,0.0,0.0,True,0.0,0.0,False,,0.0,0.0,False,0.0,0.0,0.0,False,0.0,0.0,0.0,False,0.0,0.0,0.0,False,0.0
scenario_046,OK,child2_chip_eligible,False,0.0,0.0,True,0.0,0.0,False,,0.0,0.0,False,0.0,0.0,0.0,False,0.0,0.0,0.0,False,0.0,0.0,0.0,False,0.0
scenario_046,OK,child1_early_head_start_eligible,False,0.0,0.0,True,0.0,0.0,False,,0.0,0.0,False,0.0,0.0,0.0,False,0.0,0.0,0.0,False,0.0,0.0,0.0,False,0.0
scenario_046,OK,child2_early_head_start_eligible,False,0.0,0.0,True,0.0,0.0,False,,0.0,0.0,False,0.0,0.0,0.0,False,0.0,0.0,0.0,False,0.0,0.0,0.0,False,0.0
scenario_046,OK,child1_head_start_eligible,False,0.0,0.0,True,0.0,0.0,False,,0.0,0.0,False,0.0,0.0,0.0,False,0.0,0.0,0.0,False,0.0,0.0,0.0,False,0.0
scenario_046,OK,child2_head_start_eligible,False,0.0,0.0,True,0.0,0.0,False,,0.0,0.0,False,0.0,0.0,0.0,False,0.0,0.0,0.0,False,0.0,0.0,0.0,False,0.0
scenario_046,OK,head_medicaid_eligible,False,0.0,0.0,True,0.0,0.0,False,,0.0,0.0,False,0.0,0.0,0.0,False,0.0,0.0,0.0,False,0.0,0.0,0.0,False,0.0
scenario_046,OK,spouse_medicaid_eligible,False,0.0,0.0,True,0.0,0.0,False,,0.0,0.0,False,0.0,0.0,0.0,False,0.0,0.0,0.0,False,0.0,0.0,0.0,False,0.0
scenario_046,OK,child1_medicaid_eligible,False,0.0,0.0,True,0.0,0.0,False,,0.0,0.0,False,0.0,0.0,0.0,False,0.0,0.0,0.0,False,0.0,0.0,0.0,False,0.0
scenario_046,OK,child2_medicaid_eligible,False,0.0,0.0,True,0.0,0.0,False,,0.0,0.0,False,0.0,0.0,0.0,False,0.0,0.0,0.0,False,0.0,0.0,0.0,False,0.0
scenario_046,OK,head_medicare_eligible,False,0.0,0.0,True,0.0,0.0,False,,0.0,0.0,False,0.0,0.0,0.0,False,0.0,0.0,0.0,False,0.0,0.0,0.0,False,0.0
scenario_046,OK,spouse_medicare_eligible,False,0.0,0.0,True,0.0,0.0,False,,0.0,0.0,False,0.0,0.0,0.0,False,0.0,0.0,0.0,False,0.0,0.0,0.0,False,0.0
scenario_046,OK,child1_medicare_eligible,False,0.0,0.0,True,0.0,0.0,False,,0.0,0.0,False,0.0,0.0,0.0,False,0.0,0.0,0.0,False,0.0,0.0,0.0,False,0.0
scenario_046,OK,child2_medicare_eligible,False,0.0,0.0,True,0.0,0.0,False,,0.0,0.0,False,0.0,0.0,0.0,False,0.0,0.0,0.0,False,0.0,0.0,0.0,False,0.0
scenario_046,OK,head_wic_eligible,False,0.0,0.0,True,0.0,0.0,False,,0.0,0.0,False,0.0,0.0,0.0,False,0.0,0.0,0.0,False,0.0,0.0,0.0,False,0.0
scenario_046,OK,spouse_wic_eligible,False,0.0,0.0,True,0.0,0.0,False,,0.0,0.0,False,0.0,0.0,0.0,False,0.0,0.0,0.0,False,0.0,0.0,0.0,False,0.0
scenario_046,OK,child1_wic_eligible,False,0.0,0.0,True,0.0,0.0,False,,0.0,0.0,False,0.0,0.0,0.0,False,0.0,0.0,0.0,False,0.0,0.0,0.0,False,0.0
scenario_046,OK,child2_wic_eligible,False,0.0,0.0,True,0.0,0.0,False,,0.0,0.0,False,0.0,0.0,0.0,False,0.0,0.0,0.0,False,0.0,0.0,0.0,False,0.0
scenario_046,OK,reduced_price_school_meals_eligible,False,0.0,0.0,True,0.0,0.0,False,,0.0,0.0,False,0.0,0.0,0.0,False,0.0,0.0,0.0,False,0.0,0.0,0.0,False,0.0
scenario_046,OK,self_employment_tax,False,0.0,0.0,True,,,False,,0.0,0.0,False,,0.0,0.0,False,,0.0,0.0,False,,0.0,0.0,False,
scenario_046,OK,snap,False,0.0,0.0,True,,,False,,0.0,0.0,False,,0.0,0.0,False,,0.0,0.0,False,,0.0,0.0,False,
scenario_046,OK,ssi,False,0.0,0.0,True,,,False,,0.0,0.0,False,,0.0,0.0,False,,0.0,0.0,False,,0.0,0.0,False,
scenario_046,OK,state_income_tax_before_refundable_credits,False,2739.135009765625,2739.135009765625,True,,,False,,2739.135009765625,0.0,False,,2739.135009765625,0.0,False,,2739.135009765625,0.0,False,,2739.135009765625,0.0,False,
scenario_046,OK,state_refundable_credits,False,0.0,0.0,True,,,False,,0.0,0.0,False,,0.0,0.0,False,,0.0,0.0,False,,0.0,0.0,False,
scenario_046,OK,tanf,False,0.0,0.0,True,,,False,,0.0,0.0,False,,0.0,0.0,False,,0.0,0.0,False,,0.0,0.0,False,
scenario_048,OH,federal_income_tax_before_refundable_credits,True,0.0,0.0,True,,,False,,0.0,0.0,False,,0.0,0.0,False,,0.0,0.0,False,,0.0,0.0,False,
scenario_048,OH,federal_refundable_credits,True,0.0,0.0,True,,,False,,0.0,0.0,False,,0.0,0.0,False,,0.0,0.0,False,,0.0,0.0,False,
scenario_048,OH,free_school_meals_eligible,True,0.0,0.0,True,0.0,0.0,False,,0.0,0.0,False,0.0,0.0,0.0,False,0.0,0.0,0.0,False,0.0,0.0,0.0,False,0.0
scenario_048,OH,local_income_tax,True,0.0,0.0,True,,,False,,0.0,0.0,False,,0.0,0.0,False,,0.0,0.0,False,,0.0,0.0,False,
scenario_048,OH,payroll_tax,True,585.6839599609375,585.6839599609375,True,,,False,,585.6839599609375,0.0,False,,585.6839599609375,0.0,False,,585.6839599609375,0.0,False,,585.6839599609375,0.0,False,
scenario_048,OH,head_chip_eligible,True,0.0,0.0,True,0.0,0.0,False,,0.0,0.0,False,0.0,0.0,0.0,False,0.0,0.0,0.0,False,0.0,0.0,0.0,False,0.0
scenario_048,OH,head_medicaid_eligible,True,0.0,0.0,True,0.0,0.0,False,,0.0,0.0,False,0.0,0.0,0.0,False,0.0,0.0,0.0,False,0.0,0.0,0.0,False,0.0
scenario_048,OH,head_medicare_eligible,True,1.0,1.0,True,5285.2001953125,12065.2001953125,False,,1.0,0.0,False,12065.2001953125,1.0,0.0,False,0.0,1.0,0.0,False,0.0,1.0,0.0,False,12065.2001953125
scenario_048,OH,head_wic_eligible,True,0.0,0.0,True,0.0,0.0,False,,0.0,0.0,False,0.0,0.0,0.0,False,0.0,0.0,0.0,False,0.0,0.0,0.0,False,0.0
scenario_048,OH,reduced_price_school_meals_eligible,True,0.0,0.0,True,0.0,0.0,False,,0.0,0.0,False,0.0,0.0,0.0,False,0.0,0.0,0.0,False,0.0,0.0,0.0,False,0.0
scenario_048,OH,self_employment_tax,True,0.0,0.0,True,,,False,,0.0,0.0,False,,0.0,0.0,False,,0.0,0.0,False,,0.0,0.0,False,
scenario_048,OH,snap,True,0.0,0.0,True,,,False,,0.0,0.0,False,,0.0,0.0,False,,0.0,0.0,False,,0.0,0.0,False,
scenario_048,OH,ssi,True,0.0,0.0,True,,,False,,0.0,0.0,False,,0.0,0.0,False,,0.0,0.0,False,,0.0,0.0,False,
scenario_048,OH,state_income_tax_before_refundable_credits,True,0.0,0.0,True,,,False,,0.0,0.0,False,,0.0,0.0,False,,0.0,0.0,False,,0.0,0.0,False,
scenario_048,OH,state_refundable_credits,True,0.0,0.0,True,,,False,,0.0,0.0,False,,0.0,0.0,False,,0.0,0.0,False,,0.0,0.0,False,
scenario_048,OH,tanf,True,0.0,0.0,True,,,False,,0.0,0.0,False,,0.0,0.0,False,,0.0,0.0,False,,0.0,0.0,False,
scenario_049,NH,federal_income_tax_before_refundable_credits,False,30543.908203125,30543.908203125,True,,,True,reference_engine_defect,30543.908203125,0.0,False,,30543.908203125,0.0,False,,30543.908203125,0.0,False,,30543.908203125,0.0,False,
scenario_049,NH,federal_refundable_credits,False,0.0,0.0,True,,,False,,0.0,0.0,False,,0.0,0.0,False,,0.0,0.0,False,,0.0,0.0,False,
scenario_049,NH,free_school_meals_eligible,False,0.0,0.0,True,0.0,0.0,False,,0.0,0.0,False,0.0,0.0,0.0,False,0.0,0.0,0.0,False,0.0,0.0,0.0,False,0.0
scenario_049,NH,local_income_tax,False,0.0,0.0,True,,,False,,0.0,0.0,False,,0.0,0.0,False,,0.0,0.0,False,,0.0,0.0,False,
scenario_049,NH,payroll_tax,False,15134.5,15134.5,True,,,False,,15134.5,0.0,False,,15134.5,0.0,False,,15134.5,0.0,False,,15134.5,0.0,False,
scenario_049,NH,head_chip_eligible,False,0.0,0.0,True,0.0,0.0,False,,0.0,0.0,False,0.0,0.0,0.0,False,0.0,0.0,0.0,False,0.0,0.0,0.0,False,0.0
scenario_049,NH,spouse_chip_eligible,False,0.0,0.0,True,0.0,0.0,False,,0.0,0.0,False,0.0,0.0,0.0,False,0.0,0.0,0.0,False,0.0,0.0,0.0,False,0.0
scenario_049,NH,head_medicaid_eligible,False,0.0,0.0,True,0.0,0.0,False,,0.0,0.0,False,0.0,0.0,0.0,False,0.0,0.0,0.0,False,0.0,0.0,0.0,False,0.0
scenario_049,NH,spouse_medicaid_eligible,False,0.0,0.0,True,0.0,0.0,False,,0.0,0.0,False,0.0,0.0,0.0,False,0.0,0.0,0.0,False,0.0,0.0,0.0,False,0.0
scenario_049,NH,head_medicare_eligible,False,0.0,0.0,True,0.0,0.0,False,,0.0,0.0,False,0.0,0.0,0.0,False,0.0,0.0,0.0,False,0.0,0.0,0.0,False,0.0
scenario_049,NH,spouse_medicare_eligible,False,0.0,0.0,True,0.0,0.0,False,,0.0,0.0,False,0.0,0.0,0.0,False,0.0,0.0,0.0,False,0.0,0.0,0.0,False,0.0
scenario_049,NH,head_wic_eligible,False,0.0,0.0,True,0.0,0.0,False,,0.0,0.0,False,0.0,0.0,0.0,False,0.0,0.0,0.0,False,0.0,0.0,0.0,False,0.0
scenario_049,NH,spouse_wic_eligible,False,0.0,0.0,True,0.0,0.0,False,,0.0,0.0,False,0.0,0.0,0.0,False,0.0,0.0,0.0,False,0.0,0.0,0.0,False,0.0
scenario_049,NH,reduced_price_school_meals_eligible,False,0.0,0.0,True,0.0,0.0,False,,0.0,0.0,False,0.0,0.0,0.0,False,0.0,0.0,0.0,False,0.0,0.0,0.0,False,0.0
scenario_049,NH,self_employment_tax,False,0.0,0.0,True,,,False,,0.0,0.0,False,,0.0,0.0,False,,0.0,0.0,False,,0.0,0.0,False,
scenario_049,NH,snap,False,0.0,0.0,True,,,False,,0.0,0.0,False,,0.0,0.0,False,,0.0,0.0,False,,0.0,0.0,False,
scenario_049,NH,ssi,False,0.0,0.0,True,,,False,,0.0,0.0,False,,0.0,0.0,False,,0.0,0.0,False,,0.0,0.0,False,
scenario_049,NH,state_income_tax_before_refundable_credits,False,0.0,0.0,True,,,False,,0.0,0.0,False,,0.0,0.0,False,,0.0,0.0,False,,0.0,0.0,False,
scenario_049,NH,state_refundable_credits,False,0.0,0.0,True,,,False,,0.0,0.0,False,,0.0,0.0,False,,0.0,0.0,False,,0.0,0.0,False,
scenario_049,NH,tanf,False,0.0,0.0,True,,,False,,0.0,0.0,False,,0.0,0.0,False,,0.0,0.0,False,,0.0,0.0,False,
scenario_051,LA,federal_income_tax_before_refundable_credits,False,2620.0,2620.0,True,,,False,,2620.0,0.0,False,,2620.0,0.0,False,,2620.0,0.0,False,,2620.0,0.0,False,
scenario_051,LA,federal_refundable_credits,False,0.0,0.0,True,,,False,,0.0,0.0,False,,0.0,0.0,False,,0.0,0.0,False,,0.0,0.0,False,
scenario_051,LA,free_school_meals_eligible,False,0.0,0.0,True,0.0,0.0,False,,0.0,0.0,False,0.0,0.0,0.0,False,0.0,0.0,0.0,False,0.0,0.0,0.0,False,0.0
scenario_051,LA,local_income_tax,False,0.0,0.0,True,,,False,,0.0,0.0,False,,0.0,0.0,False,,0.0,0.0,False,,0.0,0.0,False,
scenario_051,LA,payroll_tax,False,3060.0,3060.0,True,,,False,,3060.0,0.0,False,,3060.0,0.0,False,,3060.0,0.0,False,,3060.0,0.0,False,
scenario_051,LA,head_chip_eligible,False,0.0,0.0,True,0.0,0.0,False,,0.0,0.0,False,0.0,0.0,0.0,False,0.0,0.0,0.0,False,0.0,0.0,0.0,False,0.0
scenario_051,LA,head_medicaid_eligible,False,0.0,0.0,True,0.0,0.0,False,,0.0,0.0,False,0.0,0.0,0.0,False,0.0,0.0,0.0,False,0.0,0.0,0.0,False,0.0
scenario_051,LA,head_medicare_eligible,False,0.0,0.0,True,0.0,0.0,False,,0.0,0.0,False,0.0,0.0,0.0,False,0.0,0.0,0.0,False,0.0,0.0,0.0,False,0.0
scenario_051,LA,head_wic_eligible,False,0.0,0.0,True,0.0,0.0,False,,0.0,0.0,False,0.0,0.0,0.0,False,0.0,0.0,0.0,False,0.0,0.0,0.0,False,0.0
scenario_051,LA,reduced_price_school_meals_eligible,False,0.0,0.0,True,0.0,0.0,False,,0.0,0.0,False,0.0,0.0,0.0,False,0.0,0.0,0.0,False,0.0,0.0,0.0,False,0.0
scenario_051,LA,self_employment_tax,False,0.0,0.0,True,,,False,,0.0,0.0,False,,0.0,0.0,False,,0.0,0.0,False,,0.0,0.0,False,
scenario_051,LA,snap,False,0.0,0.0,True,,,False,,0.0,0.0,False,,0.0,0.0,False,,0.0,0.0,False,,0.0,0.0,False,
scenario_051,LA,ssi,False,0.0,0.0,True,,,False,,0.0,0.0,False,,0.0,0.0,False,,0.0,0.0,False,,0.0,0.0,False,
scenario_051,LA,state_income_tax_before_refundable_credits,False,820.3499755859375,820.3499755859375,True,,,False,,820.3499755859375,0.0,False,,820.3499755859375,0.0,False,,820.3499755859375,0.0,False,,820.3499755859375,0.0,False,
scenario_051,LA,state_refundable_credits,False,0.0,0.0,True,,,False,,0.0,0.0,False,,0.0,0.0,False,,0.0,0.0,False,,0.0,0.0,False,
scenario_051,LA,tanf,False,0.0,0.0,True,,,False,,0.0,0.0,False,,0.0,0.0,False,,0.0,0.0,False,,0.0,0.0,False,
scenario_052,TX,federal_income_tax_before_refundable_credits,False,104211.40625,104211.40625,True,,,True,reference_engine_defect,104211.40625,0.0,False,,104211.40625,0.0,False,,104211.40625,0.0,False,,104211.40625,0.0,False,
scenario_052,TX,federal_refundable_credits,False,0.0,0.0,True,,,False,,0.0,0.0,False,,0.0,0.0,False,,0.0,0.0,False,,0.0,0.0,False,
scenario_052,TX,free_school_meals_eligible,False,0.0,0.0,True,0.0,0.0,False,,0.0,0.0,False,0.0,0.0,0.0,False,0.0,0.0,0.0,False,0.0,0.0,0.0,False,0.0
scenario_052,TX,local_income_tax,False,0.0,0.0,True,,,False,,0.0,0.0,False,,0.0,0.0,False,,0.0,0.0,False,,0.0,0.0,False,
scenario_052,TX,payroll_tax,False,20939.0,20939.0,True,,,False,,20939.0,0.0,False,,20939.0,0.0,False,,20939.0,0.0,False,,20939.0,0.0,False,
scenario_052,TX,head_chip_eligible,False,0.0,0.0,True,0.0,0.0,False,,0.0,0.0,False,0.0,0.0,0.0,False,0.0,0.0,0.0,False,0.0,0.0,0.0,False,0.0
scenario_052,TX,spouse_chip_eligible,False,0.0,0.0,True,0.0,0.0,False,,0.0,0.0,False,0.0,0.0,0.0,False,0.0,0.0,0.0,False,0.0,0.0,0.0,False,0.0
scenario_052,TX,head_medicaid_eligible,False,0.0,0.0,True,0.0,0.0,False,,0.0,0.0,False,0.0,0.0,0.0,False,0.0,0.0,0.0,False,0.0,0.0,0.0,False,0.0
scenario_052,TX,spouse_medicaid_eligible,False,0.0,0.0,True,0.0,0.0,False,,0.0,0.0,False,0.0,0.0,0.0,False,0.0,0.0,0.0,False,0.0,0.0,0.0,False,0.0
scenario_052,TX,head_medicare_eligible,False,0.0,0.0,True,0.0,0.0,False,,0.0,0.0,False,0.0,0.0,0.0,False,0.0,0.0,0.0,False,0.0,0.0,0.0,False,0.0
scenario_052,TX,spouse_medicare_eligible,False,0.0,0.0,True,0.0,0.0,False,,0.0,0.0,False,0.0,0.0,0.0,False,0.0,0.0,0.0,False,0.0,0.0,0.0,False,0.0
scenario_052,TX,head_wic_eligible,False,0.0,0.0,True,0.0,0.0,False,,0.0,0.0,False,0.0,0.0,0.0,False,0.0,0.0,0.0,False,0.0,0.0,0.0,False,0.0
scenario_052,TX,spouse_wic_eligible,False,0.0,0.0,True,0.0,0.0,False,,0.0,0.0,False,0.0,0.0,0.0,False,0.0,0.0,0.0,False,0.0,0.0,0.0,False,0.0
scenario_052,TX,reduced_price_school_meals_eligible,False,0.0,0.0,True,0.0,0.0,False,,0.0,0.0,False,0.0,0.0,0.0,False,0.0,0.0,0.0,False,0.0,0.0,0.0,False,0.0
scenario_052,TX,self_employment_tax,False,0.0,0.0,True,,,False,,0.0,0.0,False,,0.0,0.0,False,,0.0,0.0,False,,0.0,0.0,False,
scenario_052,TX,snap,False,0.0,0.0,True,,,False,,0.0,0.0,False,,0.0,0.0,False,,0.0,0.0,False,,0.0,0.0,False,
scenario_052,TX,ssi,False,0.0,0.0,True,,,False,,0.0,0.0,False,,0.0,0.0,False,,0.0,0.0,False,,0.0,0.0,False,
scenario_052,TX,state_income_tax_before_refundable_credits,False,0.0,0.0,True,,,False,,0.0,0.0,False,,0.0,0.0,False,,0.0,0.0,False,,0.0,0.0,False,
scenario_052,TX,state_refundable_credits,False,0.0,0.0,True,,,False,,0.0,0.0,False,,0.0,0.0,False,,0.0,0.0,False,,0.0,0.0,False,
scenario_052,TX,tanf,False,0.0,0.0,True,,,False,,0.0,0.0,False,,0.0,0.0,False,,0.0,0.0,False,,0.0,0.0,False,
scenario_053,ID,federal_income_tax_before_refundable_credits,False,5903.109375,5903.109375,True,,,False,,5903.109375,0.0,False,,5903.109375,0.0,False,,5903.109375,0.0,False,,5903.109375,0.0,False,
scenario_053,ID,federal_refundable_credits,False,0.0,0.0,True,,,False,,0.0,0.0,False,,0.0,0.0,False,,0.0,0.0,False,,0.0,0.0,False,
scenario_053,ID,free_school_meals_eligible,False,0.0,0.0,True,0.0,0.0,False,,0.0,0.0,False,0.0,0.0,0.0,False,0.0,0.0,0.0,False,0.0,0.0,0.0,False,0.0
scenario_053,ID,local_income_tax,False,0.0,0.0,True,,,False,,0.0,0.0,False,,0.0,0.0,False,,0.0,0.0,False,,0.0,0.0,False,
scenario_053,ID,payroll_tax,False,5123.10400390625,5123.10400390625,True,,,False,,5123.10400390625,0.0,False,,5123.10400390625,0.0,False,,5123.10400390625,0.0,False,,5123.10400390625,0.0,False,
scenario_053,ID,head_chip_eligible,False,0.0,0.0,True,0.0,0.0,False,,0.0,0.0,False,0.0,0.0,0.0,False,0.0,0.0,0.0,False,0.0,0.0,0.0,False,0.0
scenario_053,ID,head_medicaid_eligible,False,0.0,0.0,True,0.0,0.0,False,,0.0,0.0,False,0.0,0.0,0.0,False,0.0,0.0,0.0,False,0.0,0.0,0.0,False,0.0
scenario_053,ID,head_medicare_eligible,False,0.0,0.0,True,0.0,0.0,False,,0.0,0.0,False,0.0,0.0,0.0,False,0.0,0.0,0.0,False,0.0,0.0,0.0,False,0.0
scenario_053,ID,head_wic_eligible,False,0.0,0.0,True,0.0,0.0,False,,0.0,0.0,False,0.0,0.0,0.0,False,0.0,0.0,0.0,False,0.0,0.0,0.0,False,0.0
scenario_053,ID,reduced_price_school_meals_eligible,False,0.0,0.0,True,0.0,0.0,False,,0.0,0.0,False,0.0,0.0,0.0,False,0.0,0.0,0.0,False,0.0,0.0,0.0,False,0.0
scenario_053,ID,self_employment_tax,False,0.0,0.0,True,,,False,,0.0,0.0,False,,0.0,0.0,False,,0.0,0.0,False,,0.0,0.0,False,
scenario_053,ID,snap,False,0.0,0.0,True,,,False,,0.0,0.0,False,,0.0,0.0,False,,0.0,0.0,False,,0.0,0.0,False,
scenario_053,ID,ssi,False,0.0,0.0,True,,,False,,0.0,0.0,False,,0.0,0.0,False,,0.0,0.0,False,,0.0,0.0,False,
scenario_053,ID,state_income_tax_before_refundable_credits,False,2435.2783203125,2441.05712890625,False,,,True,reference_engine_defect,2441.05712890625,0.0,False,,2441.05712890625,0.0,False,,2441.05712890625,0.0,False,,2441.05712890625,0.0,False,
scenario_053,ID,state_refundable_credits,False,155.0,155.0,True,,,False,,155.0,0.0,False,,155.0,0.0,False,,155.0,0.0,False,,155.0,0.0,False,
scenario_053,ID,tanf,False,0.0,0.0,True,,,False,,0.0,0.0,False,,0.0,0.0,False,,0.0,0.0,False,,0.0,0.0,False,
scenario_054,NC,federal_income_tax_before_refundable_credits,False,0.0,0.0,True,,,False,,0.0,0.0,False,,0.0,0.0,False,,0.0,0.0,False,,0.0,0.0,False,
scenario_054,NC,federal_refundable_credits,False,8365.55859375,8365.55859375,True,,,False,,8365.55859375,0.0,False,,8365.55859375,0.0,False,,8365.55859375,0.0,False,,8365.55859375,0.0,False,
scenario_054,NC,free_school_meals_eligible,False,1.0,1.0,True,1130.9622802734375,1142.2381591796875,False,,1.0,0.0,False,1142.2381591796875,1.0,0.0,False,1142.2381591796875,1.0,0.0,False,1142.2381591796875,1.0,0.0,False,1142.2381591796875
scenario_054,NC,local_income_tax,False,0.0,0.0,True,,,False,,0.0,0.0,False,,0.0,0.0,False,,0.0,0.0,False,,0.0,0.0,False,
scenario_054,NC,payroll_tax,False,0.0,0.0,True,,,False,,0.0,0.0,False,,0.0,0.0,False,,0.0,0.0,False,,0.0,0.0,False,
scenario_054,NC,head_chip_eligible,False,0.0,0.0,True,0.0,0.0,False,,0.0,0.0,False,0.0,0.0,0.0,False,0.0,0.0,0.0,False,0.0,0.0,0.0,False,0.0
scenario_054,NC,child1_chip_eligible,False,0.0,0.0,True,0.0,0.0,False,,0.0,0.0,False,0.0,0.0,0.0,False,0.0,0.0,0.0,False,0.0,0.0,0.0,False,0.0
scenario_054,NC,child2_chip_eligible,False,0.0,0.0,True,0.0,0.0,False,,0.0,0.0,False,0.0,0.0,0.0,False,0.0,0.0,0.0,False,0.0,0.0,0.0,False,0.0
scenario_054,NC,child1_early_head_start_eligible,False,0.0,0.0,True,0.0,0.0,False,,0.0,0.0,False,0.0,0.0,0.0,False,0.0,0.0,0.0,False,0.0,0.0,0.0,False,0.0
scenario_054,NC,child2_early_head_start_eligible,False,1.0,1.0,True,26084.623046875,26084.623046875,False,,1.0,0.0,False,26084.623046875,1.0,0.0,False,26084.623046875,1.0,0.0,False,26084.623046875,1.0,0.0,False,26084.623046875
scenario_054,NC,child1_head_start_eligible,False,0.0,0.0,True,0.0,0.0,False,,0.0,0.0,False,0.0,0.0,0.0,False,0.0,0.0,0.0,False,0.0,0.0,0.0,False,0.0
scenario_054,NC,child2_head_start_eligible,False,0.0,0.0,True,0.0,0.0,False,,0.0,0.0,False,0.0,0.0,0.0,False,0.0,0.0,0.0,False,0.0,0.0,0.0,False,0.0
scenario_054,NC,head_medicaid_eligible,False,1.0,1.0,True,6381.77099609375,9561.1484375,False,,1.0,0.0,False,9561.1484375,1.0,0.0,False,9561.1484375,1.0,0.0,False,9561.1484375,1.0,0.0,False,9561.1484375
scenario_054,NC,child1_medicaid_eligible,False,1.0,1.0,True,3820.046875,5723.18212890625,False,,1.0,0.0,False,5723.18212890625,1.0,0.0,False,5723.18212890625,1.0,0.0,False,5723.18212890625,1.0,0.0,False,5723.18212890625
scenario_054,NC,child2_medicaid_eligible,False,1.0,1.0,True,3820.046875,5723.18212890625,False,,1.0,0.0,False,5723.18212890625,1.0,0.0,False,5723.18212890625,1.0,0.0,False,5723.18212890625,1.0,0.0,False,5723.18212890625
scenario_054,NC,head_medicare_eligible,False,0.0,0.0,True,0.0,0.0,False,,0.0,0.0,False,0.0,0.0,0.0,False,0.0,0.0,0.0,False,0.0,0.0,0.0,False,0.0
scenario_054,NC,child1_medicare_eligible,False,0.0,0.0,True,0.0,0.0,False,,0.0,0.0,False,0.0,0.0,0.0,False,0.0,0.0,0.0,False,0.0,0.0,0.0,False,0.0
scenario_054,NC,child2_medicare_eligible,False,0.0,0.0,True,0.0,0.0,False,,0.0,0.0,False,0.0,0.0,0.0,False,0.0,0.0,0.0,False,0.0,0.0,0.0,False,0.0
scenario_054,NC,head_wic_eligible,False,0.0,0.0,True,0.0,0.0,False,,0.0,0.0,False,0.0,0.0,0.0,False,0.0,0.0,0.0,False,0.0,0.0,0.0,False,0.0
scenario_054,NC,child1_wic_eligible,False,0.0,0.0,True,0.0,0.0,False,,0.0,0.0,False,0.0,0.0,0.0,False,0.0,0.0,0.0,False,0.0,0.0,0.0,False,0.0
scenario_054,NC,child2_wic_eligible,False,1.0,1.0,True,723.1546020507812,723.727783203125,False,,1.0,0.0,False,723.727783203125,1.0,0.0,False,723.727783203125,1.0,0.0,False,723.727783203125,1.0,0.0,False,723.727783203125
scenario_054,NC,reduced_price_school_meals_eligible,False,0.0,0.0,True,0.0,0.0,False,,0.0,0.0,False,0.0,0.0,0.0,False,0.0,0.0,0.0,False,0.0,0.0,0.0,False,0.0
scenario_054,NC,self_employment_tax,False,2416.15283203125,2416.15283203125,True,,,False,,2416.15283203125,0.0,False,,2416.15283203125,0.0,False,,2416.15283203125,0.0,False,,2416.15283203125,0.0,False,
scenario_054,NC,snap,False,6060.0,6060.0,True,,,False,,6060.0,0.0,False,,6060.0,0.0,False,,6060.0,0.0,False,,6060.0,0.0,False,
scenario_054,NC,ssi,False,0.0,0.0,True,,,False,,0.0,0.0,False,,0.0,0.0,False,,0.0,0.0,False,,0.0,0.0,False,
scenario_054,NC,state_income_tax_before_refundable_credits,False,0.0,0.0,True,,,False,,0.0,0.0,False,,0.0,0.0,False,,0.0,0.0,False,,0.0,0.0,False,
scenario_054,NC,state_refundable_credits,False,0.0,0.0,True,,,False,,0.0,0.0,False,,0.0,0.0,False,,0.0,0.0,False,,0.0,0.0,False,
scenario_054,NC,tanf,False,0.0,0.0,True,,,False,,0.0,0.0,False,,0.0,0.0,False,,0.0,0.0,False,,0.0,0.0,False,
scenario_055,FL,federal_income_tax_before_refundable_credits,True,25238.578125,25238.578125,True,,,False,,25238.578125,0.0,False,,25238.578125,0.0,False,,25238.578125,0.0,False,,25238.578125,0.0,False,
scenario_055,FL,federal_refundable_credits,True,0.0,0.0,True,,,False,,0.0,0.0,False,,0.0,0.0,False,,0.0,0.0,False,,0.0,0.0,False,
scenario_055,FL,free_school_meals_eligible,True,0.0,0.0,True,0.0,0.0,False,,0.0,0.0,False,0.0,0.0,0.0,False,0.0,0.0,0.0,False,0.0,0.0,0.0,False,0.0
scenario_055,FL,local_income_tax,True,0.0,0.0,True,,,False,,0.0,0.0,False,,0.0,0.0,False,,0.0,0.0,False,,0.0,0.0,False,
scenario_055,FL,payroll_tax,True,6398.08837890625,6398.08837890625,True,,,False,,6398.08837890625,0.0,False,,6398.08837890625,0.0,False,,6398.08837890625,0.0,False,,6398.08837890625,0.0,False,
scenario_055,FL,head_chip_eligible,True,0.0,0.0,True,0.0,0.0,False,,0.0,0.0,False,0.0,0.0,0.0,False,0.0,0.0,0.0,False,0.0,0.0,0.0,False,0.0
scenario_055,FL,head_medicaid_eligible,True,0.0,0.0,True,0.0,0.0,False,,0.0,0.0,False,0.0,0.0,0.0,False,0.0,0.0,0.0,False,0.0,0.0,0.0,False,0.0
scenario_055,FL,head_medicare_eligible,True,1.0,1.0,True,5285.2001953125,12065.2001953125,False,,1.0,0.0,False,12065.2001953125,1.0,0.0,False,0.0,1.0,0.0,False,0.0,1.0,0.0,False,9630.400390625
scenario_055,FL,head_wic_eligible,True,0.0,0.0,True,0.0,0.0,False,,0.0,0.0,False,0.0,0.0,0.0,False,0.0,0.0,0.0,False,0.0,0.0,0.0,False,0.0
scenario_055,FL,reduced_price_school_meals_eligible,True,0.0,0.0,True,0.0,0.0,False,,0.0,0.0,False,0.0,0.0,0.0,False,0.0,0.0,0.0,False,0.0,0.0,0.0,False,0.0
scenario_055,FL,self_employment_tax,True,0.0,0.0,True,,,False,,0.0,0.0,False,,0.0,0.0,False,,0.0,0.0,False,,0.0,0.0,False,
scenario_055,FL,snap,True,0.0,0.0,True,,,False,,0.0,0.0,False,,0.0,0.0,False,,0.0,0.0,False,,0.0,0.0,False,
scenario_055,FL,ssi,True,0.0,0.0,True,,,False,,0.0,0.0,False,,0.0,0.0,False,,0.0,0.0,False,,0.0,0.0,False,
scenario_055,FL,state_income_tax_before_refundable_credits,True,0.0,0.0,True,,,False,,0.0,0.0,False,,0.0,0.0,False,,0.0,0.0,False,,0.0,0.0,False,
scenario_055,FL,state_refundable_credits,True,0.0,0.0,True,,,False,,0.0,0.0,False,,0.0,0.0,False,,0.0,0.0,False,,0.0,0.0,False,
scenario_055,FL,tanf,True,0.0,0.0,True,,,False,,0.0,0.0,False,,0.0,0.0,False,,0.0,0.0,False,,0.0,0.0,False,
scenario_056,NJ,federal_income_tax_before_refundable_credits,False,0.0,0.0,True,,,False,,0.0,0.0,False,,0.0,0.0,False,,0.0,0.0,False,,0.0,0.0,False,
scenario_056,NJ,federal_refundable_credits,False,0.0,0.0,True,,,False,,0.0,0.0,False,,0.0,0.0,False,,0.0,0.0,False,,0.0,0.0,False,
scenario_056,NJ,free_school_meals_eligible,False,0.0,0.0,True,0.0,0.0,False,,0.0,0.0,False,0.0,0.0,0.0,False,0.0,0.0,0.0,False,0.0,0.0,0.0,False,0.0
scenario_056,NJ,local_income_tax,False,0.0,0.0,True,,,False,,0.0,0.0,False,,0.0,0.0,False,,0.0,0.0,False,,0.0,0.0,False,
scenario_056,NJ,payroll_tax,False,0.0,0.0,True,,,False,,0.0,0.0,False,,0.0,0.0,False,,0.0,0.0,False,,0.0,0.0,False,
scenario_056,NJ,head_chip_eligible,False,0.0,0.0,True,0.0,0.0,False,,0.0,0.0,False,0.0,0.0,0.0,False,0.0,0.0,0.0,False,0.0,0.0,0.0,False,0.0
scenario_056,NJ,head_medicaid_eligible,False,1.0,1.0,True,10106.5751953125,12919.5771484375,False,,1.0,0.0,False,12919.5771484375,1.0,0.0,False,12919.5771484375,1.0,0.0,False,12919.5771484375,1.0,0.0,False,12919.5771484375
scenario_056,NJ,head_medicare_eligible,False,0.0,0.0,True,0.0,0.0,False,,0.0,0.0,False,0.0,0.0,0.0,False,0.0,0.0,0.0,False,0.0,0.0,0.0,False,0.0
scenario_056,NJ,head_wic_eligible,False,0.0,0.0,True,0.0,0.0,False,,0.0,0.0,False,0.0,0.0,0.0,False,0.0,0.0,0.0,False,0.0,0.0,0.0,False,0.0
scenario_056,NJ,reduced_price_school_meals_eligible,False,0.0,0.0,True,0.0,0.0,False,,0.0,0.0,False,0.0,0.0,0.0,False,0.0,0.0,0.0,False,0.0,0.0,0.0,False,0.0
scenario_056,NJ,self_employment_tax,False,613.2224731445312,613.2224731445312,True,,,False,,613.2224731445312,0.0,False,,613.2224731445312,0.0,False,,613.2224731445312,0.0,False,,613.2224731445312,0.0,False,
scenario_056,NJ,snap,False,1140.0,95.0,False,,,True,reference_depends_on_unlisted_input,95.0,0.0,False,,95.0,0.0,False,,95.0,0.0,False,,95.0,0.0,False,
scenario_056,NJ,ssi,False,0.0,0.0,True,,,False,,0.0,0.0,False,,0.0,0.0,False,,0.0,0.0,False,,0.0,0.0,False,
scenario_056,NJ,state_income_tax_before_refundable_credits,False,0.0,0.0,True,,,False,,0.0,0.0,False,,0.0,0.0,False,,0.0,0.0,False,,0.0,0.0,False,
scenario_056,NJ,state_refundable_credits,False,265.6000061035156,265.6000061035156,True,,,False,,265.6000061035156,0.0,False,,265.6000061035156,0.0,False,,265.6000061035156,0.0,False,,265.6000061035156,0.0,False,
scenario_056,NJ,tanf,False,0.0,0.0,True,,,False,,0.0,0.0,False,,0.0,0.0,False,,0.0,0.0,False,,0.0,0.0,False,
scenario_057,LA,federal_income_tax_before_refundable_credits,False,0.0,0.0,True,,,False,,0.0,0.0,False,,0.0,0.0,False,,0.0,0.0,False,,0.0,0.0,False,
scenario_057,LA,federal_refundable_credits,False,664.0,664.0,True,,,False,,664.0,0.0,False,,664.0,0.0,False,,664.0,0.0,False,,664.0,0.0,False,
scenario_057,LA,free_school_meals_eligible,False,0.0,0.0,True,0.0,0.0,False,,0.0,0.0,False,0.0,0.0,0.0,False,0.0,0.0,0.0,False,0.0,0.0,0.0,False,0.0
scenario_057,LA,local_income_tax,False,0.0,0.0,True,,,False,,0.0,0.0,False,,0.0,0.0,False,,0.0,0.0,False,,0.0,0.0,False,
scenario_057,LA,payroll_tax,False,0.0,0.0,True,,,False,,0.0,0.0,False,,0.0,0.0,False,,0.0,0.0,False,,0.0,0.0,False,
scenario_057,LA,head_chip_eligible,False,0.0,0.0,True,0.0,0.0,False,,0.0,0.0,False,0.0,0.0,0.0,False,0.0,0.0,0.0,False,0.0,0.0,0.0,False,0.0
scenario_057,LA,spouse_chip_eligible,False,0.0,0.0,True,0.0,0.0,False,,0.0,0.0,False,0.0,0.0,0.0,False,0.0,0.0,0.0,False,0.0,0.0,0.0,False,0.0
scenario_057,LA,head_medicaid_eligible,False,1.0,1.0,True,13041.474609375,12642.0439453125,False,,1.0,0.0,False,12642.0439453125,1.0,0.0,False,12642.0439453125,1.0,0.0,False,12642.0439453125,1.0,0.0,False,12642.0439453125
scenario_057,LA,spouse_medicaid_eligible,False,1.0,1.0,True,9322.166015625,9036.6494140625,False,,1.0,0.0,False,9036.6494140625,1.0,0.0,False,9036.6494140625,1.0,0.0,False,9036.6494140625,1.0,0.0,False,9036.6494140625
scenario_057,LA,head_medicare_eligible,False,0.0,0.0,True,0.0,0.0,False,,0.0,0.0,False,0.0,0.0,0.0,False,0.0,0.0,0.0,False,0.0,0.0,0.0,False,0.0
scenario_057,LA,spouse_medicare_eligible,False,0.0,0.0,True,0.0,0.0,False,,0.0,0.0,False,0.0,0.0,0.0,False,0.0,0.0,0.0,False,0.0,0.0,0.0,False,0.0
scenario_057,LA,head_wic_eligible,False,0.0,0.0,True,0.0,0.0,False,,0.0,0.0,False,0.0,0.0,0.0,False,0.0,0.0,0.0,False,0.0,0.0,0.0,False,0.0
scenario_057,LA,spouse_wic_eligible,False,0.0,0.0,True,0.0,0.0,False,,0.0,0.0,False,0.0,0.0,0.0,False,0.0,0.0,0.0,False,0.0,0.0,0.0,False,0.0
scenario_057,LA,reduced_price_school_meals_eligible,False,0.0,0.0,True,0.0,0.0,False,,0.0,0.0,False,0.0,0.0,0.0,False,0.0,0.0,0.0,False,0.0,0.0,0.0,False,0.0
scenario_057,LA,self_employment_tax,False,1469.4732666015625,1469.4732666015625,True,,,False,,1469.4732666015625,0.0,False,,1469.4732666015625,0.0,False,,1469.4732666015625,0.0,False,,1469.4732666015625,0.0,False,
scenario_057,LA,snap,False,2669.217041015625,2628.0,False,,,True,reference_depends_on_unlisted_input,2628.0,0.0,False,,2628.0,0.0,False,,2628.0,0.0,False,,2628.0,0.0,False,
scenario_057,LA,ssi,False,7231.00146484375,7231.00146484375,True,,,True,reference_depends_on_unlisted_input,7231.00146484375,0.0,False,,7231.00146484375,0.0,False,,7231.00146484375,0.0,False,,7231.00146484375,0.0,False,
scenario_057,LA,state_income_tax_before_refundable_credits,False,0.0,0.0,True,,,False,,0.0,0.0,False,,0.0,0.0,False,,0.0,0.0,False,,0.0,0.0,False,
scenario_057,LA,state_refundable_credits,False,33.20000076293945,33.20000076293945,True,,,False,,33.20000076293945,0.0,False,,33.20000076293945,0.0,False,,33.20000076293945,0.0,False,,33.20000076293945,0.0,False,
scenario_057,LA,tanf,False,0.0,0.0,True,,,False,,0.0,0.0,False,,0.0,0.0,False,,0.0,0.0,False,,0.0,0.0,False,
scenario_059,FL,federal_income_tax_before_refundable_credits,True,0.0,0.0,True,,,False,,0.0,0.0,False,,0.0,0.0,False,,0.0,0.0,False,,0.0,0.0,False,
scenario_059,FL,federal_refundable_credits,True,0.0,0.0,True,,,False,,0.0,0.0,False,,0.0,0.0,False,,0.0,0.0,False,,0.0,0.0,False,
scenario_059,FL,free_school_meals_eligible,True,0.0,0.0,True,0.0,0.0,False,,0.0,0.0,False,0.0,0.0,0.0,False,0.0,0.0,0.0,False,0.0,0.0,0.0,False,0.0
scenario_059,FL,local_income_tax,True,0.0,0.0,True,,,False,,0.0,0.0,False,,0.0,0.0,False,,0.0,0.0,False,,0.0,0.0,False,
scenario_059,FL,payroll_tax,True,0.0,0.0,True,,,False,,0.0,0.0,False,,0.0,0.0,False,,0.0,0.0,False,,0.0,0.0,False,
scenario_059,FL,head_chip_eligible,True,0.0,0.0,True,0.0,0.0,False,,0.0,0.0,False,0.0,0.0,0.0,False,0.0,0.0,0.0,False,0.0,0.0,0.0,False,0.0
scenario_059,FL,spouse_chip_eligible,True,0.0,0.0,True,0.0,0.0,False,,0.0,0.0,False,0.0,0.0,0.0,False,0.0,0.0,0.0,False,0.0,0.0,0.0,False,0.0
scenario_059,FL,head_medicaid_eligible,True,0.0,0.0,True,0.0,0.0,False,,0.0,0.0,False,0.0,0.0,0.0,False,0.0,0.0,0.0,False,0.0,0.0,0.0,False,0.0
scenario_059,FL,spouse_medicaid_eligible,True,0.0,0.0,True,0.0,0.0,False,,0.0,0.0,False,0.0,0.0,0.0,False,0.0,0.0,0.0,False,0.0,0.0,0.0,False,0.0
scenario_059,FL,head_medicare_eligible,True,1.0,1.0,True,5285.2001953125,12065.2001953125,False,,1.0,0.0,False,12065.2001953125,1.0,0.0,False,0.0,1.0,0.0,False,0.0,1.0,0.0,False,12065.2001953125
scenario_059,FL,spouse_medicare_eligible,True,1.0,1.0,True,5285.2001953125,12065.2001953125,False,,1.0,0.0,False,12065.2001953125,1.0,0.0,False,0.0,1.0,0.0,False,0.0,1.0,0.0,False,12065.2001953125
scenario_059,FL,head_wic_eligible,True,0.0,0.0,True,0.0,0.0,False,,0.0,0.0,False,0.0,0.0,0.0,False,0.0,0.0,0.0,False,0.0,0.0,0.0,False,0.0
scenario_059,FL,spouse_wic_eligible,True,0.0,0.0,True,0.0,0.0,False,,0.0,0.0,False,0.0,0.0,0.0,False,0.0,0.0,0.0,False,0.0,0.0,0.0,False,0.0
scenario_059,FL,reduced_price_school_meals_eligible,True,0.0,0.0,True,0.0,0.0,False,,0.0,0.0,False,0.0,0.0,0.0,False,0.0,0.0,0.0,False,0.0,0.0,0.0,False,0.0
scenario_059,FL,self_employment_tax,True,0.0,0.0,True,,,False,,0.0,0.0,False,,0.0,0.0,False,,0.0,0.0,False,,0.0,0.0,False,
scenario_059,FL,snap,True,0.0,0.0,True,,,False,,0.0,0.0,False,,0.0,0.0,False,,0.0,0.0,False,,0.0,0.0,False,
scenario_059,FL,ssi,True,0.0,0.0,True,,,False,,0.0,0.0,False,,0.0,0.0,False,,0.0,0.0,False,,0.0,0.0,False,
scenario_059,FL,state_income_tax_before_refundable_credits,True,0.0,0.0,True,,,False,,0.0,0.0,False,,0.0,0.0,False,,0.0,0.0,False,,0.0,0.0,False,
scenario_059,FL,state_refundable_credits,True,0.0,0.0,True,,,False,,0.0,0.0,False,,0.0,0.0,False,,0.0,0.0,False,,0.0,0.0,False,
scenario_059,FL,tanf,True,0.0,0.0,True,,,False,,0.0,0.0,False,,0.0,0.0,False,,0.0,0.0,False,,0.0,0.0,False,
scenario_060,TX,federal_income_tax_before_refundable_credits,True,0.0,0.0,True,,,False,,0.0,0.0,False,,0.0,0.0,False,,0.0,0.0,False,,0.0,0.0,False,
scenario_060,TX,federal_refundable_credits,True,0.0,0.0,True,,,False,,0.0,0.0,False,,0.0,0.0,False,,0.0,0.0,False,,0.0,0.0,False,
scenario_060,TX,free_school_meals_eligible,True,0.0,0.0,True,0.0,0.0,False,,0.0,0.0,False,0.0,0.0,0.0,False,0.0,0.0,0.0,False,0.0,0.0,0.0,False,0.0
scenario_060,TX,local_income_tax,True,0.0,0.0,True,,,False,,0.0,0.0,False,,0.0,0.0,False,,0.0,0.0,False,,0.0,0.0,False,
scenario_060,TX,payroll_tax,True,229.5,229.5,True,,,False,,229.5,0.0,False,,229.5,0.0,False,,229.5,0.0,False,,229.5,0.0,False,
scenario_060,TX,head_chip_eligible,True,0.0,0.0,True,0.0,0.0,False,,0.0,0.0,False,0.0,0.0,0.0,False,0.0,0.0,0.0,False,0.0,0.0,0.0,False,0.0
scenario_060,TX,head_medicaid_eligible,True,0.0,0.0,True,0.0,0.0,False,,0.0,0.0,False,0.0,0.0,0.0,False,0.0,0.0,0.0,False,0.0,0.0,0.0,False,0.0
scenario_060,TX,head_medicare_eligible,True,1.0,1.0,True,5285.2001953125,12065.2001953125,False,,1.0,0.0,False,12065.2001953125,1.0,0.0,False,0.0,1.0,0.0,False,0.0,1.0,0.0,False,12065.2001953125
scenario_060,TX,head_wic_eligible,True,0.0,0.0,True,0.0,0.0,False,,0.0,0.0,False,0.0,0.0,0.0,False,0.0,0.0,0.0,False,0.0,0.0,0.0,False,0.0
scenario_060,TX,reduced_price_school_meals_eligible,True,0.0,0.0,True,0.0,0.0,False,,0.0,0.0,False,0.0,0.0,0.0,False,0.0,0.0,0.0,False,0.0,0.0,0.0,False,0.0
scenario_060,TX,self_employment_tax,True,0.0,0.0,True,,,False,,0.0,0.0,False,,0.0,0.0,False,,0.0,0.0,False,,0.0,0.0,False,
scenario_060,TX,snap,True,0.0,0.0,True,,,False,,0.0,0.0,False,,0.0,0.0,False,,0.0,0.0,False,,0.0,0.0,False,
scenario_060,TX,ssi,True,0.0,0.0,True,,,False,,0.0,0.0,False,,0.0,0.0,False,,0.0,0.0,False,,0.0,0.0,False,
scenario_060,TX,state_income_tax_before_refundable_credits,True,0.0,0.0,True,,,False,,0.0,0.0,False,,0.0,0.0,False,,0.0,0.0,False,,0.0,0.0,False,
scenario_060,TX,state_refundable_credits,True,0.0,0.0,True,,,False,,0.0,0.0,False,,0.0,0.0,False,,0.0,0.0,False,,0.0,0.0,False,
scenario_060,TX,tanf,True,0.0,0.0,True,,,False,,0.0,0.0,False,,0.0,0.0,False,,0.0,0.0,False,,0.0,0.0,False,
scenario_062,FL,federal_income_tax_before_refundable_credits,True,0.0,0.0,True,,,True,reference_depends_on_unlisted_input,0.0,0.0,False,,0.0,0.0,False,,0.0,0.0,False,,0.0,0.0,False,
scenario_062,FL,federal_refundable_credits,True,0.0,0.0,True,,,False,,0.0,0.0,False,,0.0,0.0,False,,0.0,0.0,False,,0.0,0.0,False,
scenario_062,FL,free_school_meals_eligible,True,0.0,0.0,True,0.0,0.0,False,,0.0,0.0,False,0.0,0.0,0.0,False,0.0,0.0,0.0,False,0.0,0.0,0.0,False,0.0
scenario_062,FL,local_income_tax,True,0.0,0.0,True,,,False,,0.0,0.0,False,,0.0,0.0,False,,0.0,0.0,False,,0.0,0.0,False,
scenario_062,FL,payroll_tax,True,0.0,0.0,True,,,False,,0.0,0.0,False,,0.0,0.0,False,,0.0,0.0,False,,0.0,0.0,False,
scenario_062,FL,head_chip_eligible,True,0.0,0.0,True,0.0,0.0,False,,0.0,0.0,False,0.0,0.0,0.0,False,0.0,0.0,0.0,False,0.0,0.0,0.0,False,0.0
scenario_062,FL,head_medicaid_eligible,True,0.0,0.0,True,0.0,0.0,False,,0.0,0.0,False,0.0,0.0,0.0,False,0.0,0.0,0.0,False,0.0,0.0,0.0,False,0.0
scenario_062,FL,head_medicare_eligible,True,1.0,1.0,True,5285.2001953125,12065.2001953125,False,,1.0,0.0,False,12065.2001953125,1.0,0.0,False,0.0,1.0,0.0,False,0.0,1.0,0.0,False,12065.2001953125
scenario_062,FL,head_wic_eligible,True,0.0,0.0,True,0.0,0.0,False,,0.0,0.0,False,0.0,0.0,0.0,False,0.0,0.0,0.0,False,0.0,0.0,0.0,False,0.0
scenario_062,FL,reduced_price_school_meals_eligible,True,0.0,0.0,True,0.0,0.0,False,,0.0,0.0,False,0.0,0.0,0.0,False,0.0,0.0,0.0,False,0.0,0.0,0.0,False,0.0
scenario_062,FL,self_employment_tax,True,0.0,0.0,True,,,False,,0.0,0.0,False,,0.0,0.0,False,,0.0,0.0,False,,0.0,0.0,False,
scenario_062,FL,snap,True,0.0,0.0,True,,,False,,0.0,0.0,False,,0.0,0.0,False,,0.0,0.0,False,,0.0,0.0,False,
scenario_062,FL,ssi,True,0.0,0.0,True,,,False,,0.0,0.0,False,,0.0,0.0,False,,0.0,0.0,False,,0.0,0.0,False,
scenario_062,FL,state_income_tax_before_refundable_credits,True,0.0,0.0,True,,,False,,0.0,0.0,False,,0.0,0.0,False,,0.0,0.0,False,,0.0,0.0,False,
scenario_062,FL,state_refundable_credits,True,0.0,0.0,True,,,False,,0.0,0.0,False,,0.0,0.0,False,,0.0,0.0,False,,0.0,0.0,False,
scenario_062,FL,tanf,True,0.0,0.0,True,,,False,,0.0,0.0,False,,0.0,0.0,False,,0.0,0.0,False,,0.0,0.0,False,
scenario_064,WI,federal_income_tax_before_refundable_credits,False,4439.28955078125,4439.28955078125,True,,,True,reference_engine_defect,4439.28955078125,0.0,False,,4439.28955078125,0.0,False,,4439.28955078125,0.0,False,,4439.28955078125,0.0,False,
scenario_064,WI,federal_refundable_credits,False,0.0,0.0,True,,,False,,0.0,0.0,False,,0.0,0.0,False,,0.0,0.0,False,,0.0,0.0,False,
scenario_064,WI,free_school_meals_eligible,False,0.0,0.0,True,0.0,0.0,False,,0.0,0.0,False,0.0,0.0,0.0,False,0.0,0.0,0.0,False,0.0,0.0,0.0,False,0.0
scenario_064,WI,local_income_tax,False,0.0,0.0,True,,,False,,0.0,0.0,False,,0.0,0.0,False,,0.0,0.0,False,,0.0,0.0,False,
scenario_064,WI,payroll_tax,False,7443.0673828125,7443.0673828125,True,,,False,,7443.0673828125,0.0,False,,7443.0673828125,0.0,False,,7443.0673828125,0.0,False,,7443.0673828125,0.0,False,
scenario_064,WI,head_chip_eligible,False,0.0,0.0,True,0.0,0.0,False,,0.0,0.0,False,0.0,0.0,0.0,False,0.0,0.0,0.0,False,0.0,0.0,0.0,False,0.0
scenario_064,WI,spouse_chip_eligible,False,0.0,0.0,True,0.0,0.0,False,,0.0,0.0,False,0.0,0.0,0.0,False,0.0,0.0,0.0,False,0.0,0.0,0.0,False,0.0
scenario_064,WI,dependent1_chip_eligible,False,0.0,0.0,True,0.0,0.0,False,,0.0,0.0,False,0.0,0.0,0.0,False,0.0,0.0,0.0,False,0.0,0.0,0.0,False,0.0
scenario_064,WI,dependent2_chip_eligible,False,0.0,0.0,True,0.0,0.0,False,,0.0,0.0,False,0.0,0.0,0.0,False,0.0,0.0,0.0,False,0.0,0.0,0.0,False,0.0
scenario_064,WI,child1_chip_eligible,False,0.0,0.0,True,0.0,0.0,False,,0.0,0.0,False,0.0,0.0,0.0,False,0.0,0.0,0.0,False,0.0,0.0,0.0,False,0.0
scenario_064,WI,child1_early_head_start_eligible,False,0.0,0.0,True,0.0,0.0,False,,0.0,0.0,False,0.0,0.0,0.0,False,0.0,0.0,0.0,False,0.0,0.0,0.0,False,0.0
scenario_064,WI,child1_head_start_eligible,False,0.0,0.0,True,0.0,0.0,False,,0.0,0.0,False,0.0,0.0,0.0,False,0.0,0.0,0.0,False,0.0,0.0,0.0,False,0.0
scenario_064,WI,head_medicaid_eligible,False,0.0,0.0,True,0.0,0.0,False,,0.0,0.0,False,0.0,0.0,0.0,False,0.0,0.0,0.0,False,0.0,0.0,0.0,False,0.0
scenario_064,WI,spouse_medicaid_eligible,False,0.0,0.0,True,0.0,0.0,False,,0.0,0.0,False,0.0,0.0,0.0,False,0.0,0.0,0.0,False,0.0,0.0,0.0,False,0.0
scenario_064,WI,dependent1_medicaid_eligible,False,1.0,1.0,True,6584.33984375,8977.9208984375,True,reference_depends_on_unlisted_input,1.0,0.0,False,8977.9208984375,1.0,0.0,False,8977.9208984375,1.0,0.0,False,8977.9208984375,1.0,0.0,False,8977.9208984375
scenario_064,WI,dependent2_medicaid_eligible,False,0.0,0.0,True,0.0,0.0,True,reference_depends_on_unlisted_input,0.0,0.0,False,0.0,0.0,0.0,False,0.0,0.0,0.0,False,0.0,0.0,0.0,False,0.0
scenario_064,WI,child1_medicaid_eligible,False,0.0,0.0,True,0.0,0.0,False,,0.0,0.0,False,0.0,0.0,0.0,False,0.0,0.0,0.0,False,0.0,0.0,0.0,False,0.0
scenario_064,WI,head_medicare_eligible,False,0.0,0.0,True,0.0,0.0,False,,0.0,0.0,False,0.0,0.0,0.0,False,0.0,0.0,0.0,False,0.0,0.0,0.0,False,0.0
scenario_064,WI,spouse_medicare_eligible,False,0.0,0.0,True,0.0,0.0,False,,0.0,0.0,False,0.0,0.0,0.0,False,0.0,0.0,0.0,False,0.0,0.0,0.0,False,0.0
scenario_064,WI,dependent1_medicare_eligible,False,0.0,0.0,True,0.0,0.0,False,,0.0,0.0,False,0.0,0.0,0.0,False,0.0,0.0,0.0,False,0.0,0.0,0.0,False,0.0
scenario_064,WI,dependent2_medicare_eligible,False,0.0,0.0,True,0.0,0.0,False,,0.0,0.0,False,0.0,0.0,0.0,False,0.0,0.0,0.0,False,0.0,0.0,0.0,False,0.0
scenario_064,WI,child1_medicare_eligible,False,0.0,0.0,True,0.0,0.0,False,,0.0,0.0,False,0.0,0.0,0.0,False,0.0,0.0,0.0,False,0.0,0.0,0.0,False,0.0
scenario_064,WI,head_wic_eligible,False,0.0,0.0,True,0.0,0.0,False,,0.0,0.0,False,0.0,0.0,0.0,False,0.0,0.0,0.0,False,0.0,0.0,0.0,False,0.0
scenario_064,WI,spouse_wic_eligible,False,0.0,0.0,True,0.0,0.0,False,,0.0,0.0,False,0.0,0.0,0.0,False,0.0,0.0,0.0,False,0.0,0.0,0.0,False,0.0
scenario_064,WI,dependent1_wic_eligible,False,0.0,0.0,True,0.0,0.0,False,,0.0,0.0,False,0.0,0.0,0.0,False,0.0,0.0,0.0,False,0.0,0.0,0.0,False,0.0
scenario_064,WI,dependent2_wic_eligible,False,0.0,0.0,True,0.0,0.0,False,,0.0,0.0,False,0.0,0.0,0.0,False,0.0,0.0,0.0,False,0.0,0.0,0.0,False,0.0
scenario_064,WI,child1_wic_eligible,False,0.0,0.0,True,0.0,0.0,False,,0.0,0.0,False,0.0,0.0,0.0,False,0.0,0.0,0.0,False,0.0,0.0,0.0,False,0.0
scenario_064,WI,reduced_price_school_meals_eligible,False,0.0,0.0,True,0.0,0.0,False,,0.0,0.0,False,0.0,0.0,0.0,False,0.0,0.0,0.0,False,0.0,0.0,0.0,False,0.0
scenario_064,WI,self_employment_tax,False,0.0,0.0,True,,,False,,0.0,0.0,False,,0.0,0.0,False,,0.0,0.0,False,,0.0,0.0,False,
scenario_064,WI,snap,False,0.0,0.0,True,,,False,,0.0,0.0,False,,0.0,0.0,False,,0.0,0.0,False,,0.0,0.0,False,
scenario_064,WI,ssi,False,0.0,0.0,True,,,True,reference_depends_on_unlisted_input,0.0,0.0,False,,0.0,0.0,False,,0.0,0.0,False,,0.0,0.0,False,
scenario_064,WI,state_income_tax_before_refundable_credits,False,4605.9970703125,4598.47607421875,False,,,True,reference_engine_defect,4598.47607421875,0.0,False,,4598.47607421875,0.0,False,,4598.47607421875,0.0,False,,4598.47607421875,0.0,False,
scenario_064,WI,state_refundable_credits,False,0.0,0.0,True,,,False,,0.0,0.0,False,,0.0,0.0,False,,0.0,0.0,False,,0.0,0.0,False,
scenario_064,WI,tanf,False,0.0,0.0,True,,,False,,0.0,0.0,False,,0.0,0.0,False,,0.0,0.0,False,,0.0,0.0,False,
scenario_066,VA,federal_income_tax_before_refundable_credits,False,0.0,0.0,True,,,False,,0.0,0.0,False,,0.0,0.0,False,,0.0,0.0,False,,0.0,0.0,False,
scenario_066,VA,federal_refundable_credits,False,39.779998779296875,39.779998779296875,True,,,False,,39.779998779296875,0.0,False,,39.779998779296875,0.0,False,,39.779998779296875,0.0,False,,39.779998779296875,0.0,False,
scenario_066,VA,free_school_meals_eligible,False,0.0,0.0,True,0.0,0.0,False,,0.0,0.0,False,0.0,0.0,0.0,False,0.0,0.0,0.0,False,0.0,0.0,0.0,False,0.0
scenario_066,VA,local_income_tax,False,0.0,0.0,True,,,False,,0.0,0.0,False,,0.0,0.0,False,,0.0,0.0,False,,0.0,0.0,False,
scenario_066,VA,payroll_tax,False,39.779998779296875,39.779998779296875,True,,,False,,39.779998779296875,0.0,False,,39.779998779296875,0.0,False,,39.779998779296875,0.0,False,,39.779998779296875,0.0,False,
scenario_066,VA,head_chip_eligible,False,0.0,0.0,True,0.0,0.0,False,,0.0,0.0,False,0.0,0.0,0.0,False,0.0,0.0,0.0,False,0.0,0.0,0.0,False,0.0
scenario_066,VA,head_medicaid_eligible,False,1.0,1.0,True,7680.8876953125,12066.7314453125,False,,1.0,0.0,False,12066.7314453125,1.0,0.0,False,12066.7314453125,1.0,0.0,False,12066.7314453125,1.0,0.0,False,12066.7314453125
scenario_066,VA,head_medicare_eligible,False,0.0,0.0,True,0.0,0.0,False,,0.0,0.0,False,0.0,0.0,0.0,False,0.0,0.0,0.0,False,0.0,0.0,0.0,False,0.0
scenario_066,VA,head_wic_eligible,False,0.0,0.0,True,0.0,0.0,False,,0.0,0.0,False,0.0,0.0,0.0,False,0.0,0.0,0.0,False,0.0,0.0,0.0,False,0.0
scenario_066,VA,reduced_price_school_meals_eligible,False,0.0,0.0,True,0.0,0.0,False,,0.0,0.0,False,0.0,0.0,0.0,False,0.0,0.0,0.0,False,0.0,0.0,0.0,False,0.0
scenario_066,VA,self_employment_tax,False,0.0,0.0,True,,,False,,0.0,0.0,False,,0.0,0.0,False,,0.0,0.0,False,,0.0,0.0,False,
scenario_066,VA,snap,False,3576.0,3576.0,True,,,False,,3576.0,0.0,False,,3576.0,0.0,False,,3576.0,0.0,False,,3576.0,0.0,False,
scenario_066,VA,ssi,False,0.0,0.0,True,,,False,,0.0,0.0,False,,0.0,0.0,False,,0.0,0.0,False,,0.0,0.0,False,
scenario_066,VA,state_income_tax_before_refundable_credits,False,0.0,0.0,True,,,False,,0.0,0.0,False,,0.0,0.0,False,,0.0,0.0,False,,0.0,0.0,False,
scenario_066,VA,state_refundable_credits,False,7.955999851226807,7.955999851226807,True,,,False,,7.955999851226807,0.0,False,,7.955999851226807,0.0,False,,7.955999851226807,0.0,False,,7.955999851226807,0.0,False,
scenario_066,VA,tanf,False,0.0,0.0,True,,,False,,0.0,0.0,False,,0.0,0.0,False,,0.0,0.0,False,,0.0,0.0,False,
scenario_067,IN,federal_income_tax_before_refundable_credits,False,5616.240234375,5616.240234375,True,,,False,,5616.240234375,0.0,False,,5616.240234375,0.0,False,,5616.240234375,0.0,False,,5616.240234375,0.0,False,
scenario_067,IN,federal_refundable_credits,False,0.0,0.0,True,,,False,,0.0,0.0,False,,0.0,0.0,False,,0.0,0.0,False,,0.0,0.0,False,
scenario_067,IN,free_school_meals_eligible,False,0.0,0.0,True,0.0,0.0,False,,0.0,0.0,False,0.0,0.0,0.0,False,0.0,0.0,0.0,False,0.0,0.0,0.0,False,0.0
scenario_067,IN,local_income_tax,False,0.0,0.0,True,,,False,,0.0,0.0,False,,0.0,0.0,False,,0.0,0.0,False,,0.0,0.0,False,
scenario_067,IN,payroll_tax,False,6300.5400390625,6300.5400390625,True,,,False,,6300.5400390625,0.0,False,,6300.5400390625,0.0,False,,6300.5400390625,0.0,False,,6300.5400390625,0.0,False,
scenario_067,IN,head_chip_eligible,False,0.0,0.0,True,0.0,0.0,False,,0.0,0.0,False,0.0,0.0,0.0,False,0.0,0.0,0.0,False,0.0,0.0,0.0,False,0.0
scenario_067,IN,spouse_chip_eligible,False,0.0,0.0,True,0.0,0.0,False,,0.0,0.0,False,0.0,0.0,0.0,False,0.0,0.0,0.0,False,0.0,0.0,0.0,False,0.0
scenario_067,IN,dependent1_chip_eligible,False,0.0,0.0,True,0.0,0.0,False,,0.0,0.0,False,0.0,0.0,0.0,False,0.0,0.0,0.0,False,0.0,0.0,0.0,False,0.0
scenario_067,IN,head_medicaid_eligible,False,0.0,0.0,True,0.0,0.0,False,,0.0,0.0,False,0.0,0.0,0.0,False,0.0,0.0,0.0,False,0.0,0.0,0.0,False,0.0
scenario_067,IN,spouse_medicaid_eligible,False,0.0,0.0,True,0.0,0.0,False,,0.0,0.0,False,0.0,0.0,0.0,False,0.0,0.0,0.0,False,0.0,0.0,0.0,False,0.0
scenario_067,IN,dependent1_medicaid_eligible,False,1.0,1.0,True,5132.95166015625,4605.86767578125,True,reference_depends_on_unlisted_input,1.0,0.0,False,4605.86767578125,1.0,0.0,False,4605.86767578125,1.0,0.0,False,4605.86767578125,1.0,0.0,False,4605.86767578125
scenario_067,IN,head_medicare_eligible,False,0.0,0.0,True,0.0,0.0,False,,0.0,0.0,False,0.0,0.0,0.0,False,0.0,0.0,0.0,False,0.0,0.0,0.0,False,0.0
scenario_067,IN,spouse_medicare_eligible,False,0.0,0.0,True,0.0,0.0,False,,0.0,0.0,False,0.0,0.0,0.0,False,0.0,0.0,0.0,False,0.0,0.0,0.0,False,0.0
scenario_067,IN,dependent1_medicare_eligible,False,0.0,0.0,True,0.0,0.0,False,,0.0,0.0,False,0.0,0.0,0.0,False,0.0,0.0,0.0,False,0.0,0.0,0.0,False,0.0
scenario_067,IN,head_wic_eligible,False,0.0,0.0,True,0.0,0.0,False,,0.0,0.0,False,0.0,0.0,0.0,False,0.0,0.0,0.0,False,0.0,0.0,0.0,False,0.0
scenario_067,IN,spouse_wic_eligible,False,0.0,0.0,True,0.0,0.0,False,,0.0,0.0,False,0.0,0.0,0.0,False,0.0,0.0,0.0,False,0.0,0.0,0.0,False,0.0
scenario_067,IN,dependent1_wic_eligible,False,0.0,0.0,True,0.0,0.0,False,,0.0,0.0,False,0.0,0.0,0.0,False,0.0,0.0,0.0,False,0.0,0.0,0.0,False,0.0
scenario_067,IN,reduced_price_school_meals_eligible,False,0.0,0.0,True,0.0,0.0,False,,0.0,0.0,False,0.0,0.0,0.0,False,0.0,0.0,0.0,False,0.0,0.0,0.0,False,0.0
scenario_067,IN,self_employment_tax,False,0.0,0.0,True,,,False,,0.0,0.0,False,,0.0,0.0,False,,0.0,0.0,False,,0.0,0.0,False,
scenario_067,IN,snap,False,0.0,0.0,True,,,False,,0.0,0.0,False,,0.0,0.0,False,,0.0,0.0,False,,0.0,0.0,False,
scenario_067,IN,ssi,False,0.0,0.0,True,,,True,reference_depends_on_unlisted_input,0.0,0.0,False,,0.0,0.0,False,,0.0,0.0,False,,0.0,0.0,False,
scenario_067,IN,state_income_tax_before_refundable_credits,False,2486.908935546875,2486.908935546875,True,,,False,,2486.908935546875,0.0,False,,2486.908935546875,0.0,False,,2486.908935546875,0.0,False,,2486.908935546875,0.0,False,
scenario_067,IN,state_refundable_credits,False,0.0,0.0,True,,,False,,0.0,0.0,False,,0.0,0.0,False,,0.0,0.0,False,,0.0,0.0,False,
scenario_067,IN,tanf,False,0.0,0.0,True,,,False,,0.0,0.0,False,,0.0,0.0,False,,0.0,0.0,False,,0.0,0.0,False,
scenario_068,MD,federal_income_tax_before_refundable_credits,False,1910.0238037109375,1910.0238037109375,True,,,False,,1910.0238037109375,0.0,False,,1910.0238037109375,0.0,False,,1910.0238037109375,0.0,False,,1910.0238037109375,0.0,False,
scenario_068,MD,federal_refundable_credits,False,0.0,0.0,True,,,False,,0.0,0.0,False,,0.0,0.0,False,,0.0,0.0,False,,0.0,0.0,False,
scenario_068,MD,free_school_meals_eligible,False,0.0,0.0,True,0.0,0.0,False,,0.0,0.0,False,0.0,0.0,0.0,False,0.0,0.0,0.0,False,0.0,0.0,0.0,False,0.0
scenario_068,MD,local_income_tax,False,0.0,0.0,True,,,False,,0.0,0.0,False,,0.0,0.0,False,,0.0,0.0,False,,0.0,0.0,False,
scenario_068,MD,payroll_tax,False,2607.39013671875,2607.39013671875,True,,,False,,2607.39013671875,0.0,False,,2607.39013671875,0.0,False,,2607.39013671875,0.0,False,,2607.39013671875,0.0,False,
scenario_068,MD,head_chip_eligible,False,0.0,0.0,True,0.0,0.0,False,,0.0,0.0,False,0.0,0.0,0.0,False,0.0,0.0,0.0,False,0.0,0.0,0.0,False,0.0
scenario_068,MD,head_medicaid_eligible,False,0.0,0.0,True,0.0,0.0,False,,0.0,0.0,False,0.0,0.0,0.0,False,0.0,0.0,0.0,False,0.0,0.0,0.0,False,0.0
scenario_068,MD,head_medicare_eligible,False,0.0,0.0,True,0.0,0.0,False,,0.0,0.0,False,0.0,0.0,0.0,False,0.0,0.0,0.0,False,0.0,0.0,0.0,False,0.0
scenario_068,MD,head_wic_eligible,False,0.0,0.0,True,0.0,0.0,False,,0.0,0.0,False,0.0,0.0,0.0,False,0.0,0.0,0.0,False,0.0,0.0,0.0,False,0.0
scenario_068,MD,reduced_price_school_meals_eligible,False,0.0,0.0,True,0.0,0.0,False,,0.0,0.0,False,0.0,0.0,0.0,False,0.0,0.0,0.0,False,0.0,0.0,0.0,False,0.0
scenario_068,MD,self_employment_tax,False,0.0,0.0,True,,,False,,0.0,0.0,False,,0.0,0.0,False,,0.0,0.0,False,,0.0,0.0,False,
scenario_068,MD,snap,False,0.0,0.0,True,,,False,,0.0,0.0,False,,0.0,0.0,False,,0.0,0.0,False,,0.0,0.0,False,
scenario_068,MD,ssi,False,0.0,0.0,True,,,False,,0.0,0.0,False,,0.0,0.0,False,,0.0,0.0,False,,0.0,0.0,False,
scenario_068,MD,state_income_tax_before_refundable_credits,False,1255.3427734375,1255.3427734375,True,,,False,,1255.3427734375,0.0,False,,1255.3427734375,0.0,False,,1255.3427734375,0.0,False,,1255.3427734375,0.0,False,
scenario_068,MD,state_refundable_credits,False,0.0,0.0,True,,,False,,0.0,0.0,False,,0.0,0.0,False,,0.0,0.0,False,,0.0,0.0,False,
scenario_068,MD,tanf,False,0.0,0.0,True,,,False,,0.0,0.0,False,,0.0,0.0,False,,0.0,0.0,False,,0.0,0.0,False,
scenario_070,IL,federal_income_tax_before_refundable_credits,False,1979.9605712890625,1979.9605712890625,True,,,False,,1979.9605712890625,0.0,False,,1979.9605712890625,0.0,False,,1979.9605712890625,0.0,False,,1979.9605712890625,0.0,False,
scenario_070,IL,federal_refundable_credits,False,0.0,0.0,True,,,False,,0.0,0.0,False,,0.0,0.0,False,,0.0,0.0,False,,0.0,0.0,False,
scenario_070,IL,free_school_meals_eligible,False,0.0,0.0,True,0.0,0.0,False,,0.0,0.0,False,0.0,0.0,0.0,False,0.0,0.0,0.0,False,0.0,0.0,0.0,False,0.0
scenario_070,IL,local_income_tax,False,0.0,0.0,True,,,False,,0.0,0.0,False,,0.0,0.0,False,,0.0,0.0,False,,0.0,0.0,False,
scenario_070,IL,payroll_tax,False,2907.0,2907.0,True,,,False,,2907.0,0.0,False,,2907.0,0.0,False,,2907.0,0.0,False,,2907.0,0.0,False,
scenario_070,IL,head_chip_eligible,False,0.0,0.0,True,0.0,0.0,False,,0.0,0.0,False,0.0,0.0,0.0,False,0.0,0.0,0.0,False,0.0,0.0,0.0,False,0.0
scenario_070,IL,head_medicaid_eligible,False,0.0,0.0,True,0.0,0.0,False,,0.0,0.0,False,0.0,0.0,0.0,False,0.0,0.0,0.0,False,0.0,0.0,0.0,False,0.0
scenario_070,IL,head_medicare_eligible,False,0.0,0.0,True,0.0,0.0,False,,0.0,0.0,False,0.0,0.0,0.0,False,0.0,0.0,0.0,False,0.0,0.0,0.0,False,0.0
scenario_070,IL,head_wic_eligible,False,0.0,0.0,True,0.0,0.0,False,,0.0,0.0,False,0.0,0.0,0.0,False,0.0,0.0,0.0,False,0.0,0.0,0.0,False,0.0
scenario_070,IL,reduced_price_school_meals_eligible,False,0.0,0.0,True,0.0,0.0,False,,0.0,0.0,False,0.0,0.0,0.0,False,0.0,0.0,0.0,False,0.0,0.0,0.0,False,0.0
scenario_070,IL,self_employment_tax,False,0.0,0.0,True,,,False,,0.0,0.0,False,,0.0,0.0,False,,0.0,0.0,False,,0.0,0.0,False,
scenario_070,IL,snap,False,0.0,0.0,True,,,False,,0.0,0.0,False,,0.0,0.0,False,,0.0,0.0,False,,0.0,0.0,False,
scenario_070,IL,ssi,False,0.0,0.0,True,,,False,,0.0,0.0,False,,0.0,0.0,False,,0.0,0.0,False,,0.0,0.0,False,
scenario_070,IL,state_income_tax_before_refundable_credits,False,1650.561279296875,1650.561279296875,True,,,False,,1650.561279296875,0.0,False,,1650.561279296875,0.0,False,,1650.561279296875,0.0,False,,1650.561279296875,0.0,False,
scenario_070,IL,state_refundable_credits,False,0.0,0.0,True,,,False,,0.0,0.0,False,,0.0,0.0,False,,0.0,0.0,False,,0.0,0.0,False,
scenario_070,IL,tanf,False,0.0,0.0,True,,,False,,0.0,0.0,False,,0.0,0.0,False,,0.0,0.0,False,,0.0,0.0,False,
scenario_071,NY,federal_income_tax_before_refundable_credits,True,0.0,0.0,True,,,False,,0.0,0.0,False,,0.0,0.0,False,,0.0,0.0,False,,0.0,0.0,False,
scenario_071,NY,federal_refundable_credits,True,0.0,0.0,True,,,False,,0.0,0.0,False,,0.0,0.0,False,,0.0,0.0,False,,0.0,0.0,False,
scenario_071,NY,free_school_meals_eligible,True,0.0,0.0,True,0.0,0.0,False,,0.0,0.0,False,0.0,0.0,0.0,False,0.0,0.0,0.0,False,0.0,0.0,0.0,False,0.0
scenario_071,NY,local_income_tax,True,0.0,0.0,True,,,False,,0.0,0.0,False,,0.0,0.0,False,,0.0,0.0,False,,0.0,0.0,False,
scenario_071,NY,payroll_tax,True,0.0,0.0,True,,,False,,0.0,0.0,False,,0.0,0.0,False,,0.0,0.0,False,,0.0,0.0,False,
scenario_071,NY,head_chip_eligible,True,0.0,0.0,True,0.0,0.0,False,,0.0,0.0,False,0.0,0.0,0.0,False,0.0,0.0,0.0,False,0.0,0.0,0.0,False,0.0
scenario_071,NY,head_medicaid_eligible,True,0.0,0.0,True,0.0,0.0,False,,0.0,0.0,False,0.0,0.0,0.0,False,0.0,0.0,0.0,False,0.0,0.0,0.0,False,0.0
scenario_071,NY,head_medicare_eligible,True,1.0,1.0,True,5285.2001953125,12065.2001953125,False,,1.0,0.0,False,12065.2001953125,1.0,0.0,False,0.0,1.0,0.0,False,0.0,1.0,0.0,False,12065.2001953125
scenario_071,NY,head_wic_eligible,True,0.0,0.0,True,0.0,0.0,False,,0.0,0.0,False,0.0,0.0,0.0,False,0.0,0.0,0.0,False,0.0,0.0,0.0,False,0.0
scenario_071,NY,reduced_price_school_meals_eligible,True,0.0,0.0,True,0.0,0.0,False,,0.0,0.0,False,0.0,0.0,0.0,False,0.0,0.0,0.0,False,0.0,0.0,0.0,False,0.0
scenario_071,NY,self_employment_tax,True,0.0,0.0,True,,,False,,0.0,0.0,False,,0.0,0.0,False,,0.0,0.0,False,,0.0,0.0,False,
scenario_071,NY,snap,True,0.0,0.0,True,,,False,,0.0,0.0,False,,0.0,0.0,False,,0.0,0.0,False,,0.0,0.0,False,
scenario_071,NY,ssi,True,0.0,0.0,True,,,False,,0.0,0.0,False,,0.0,0.0,False,,0.0,0.0,False,,0.0,0.0,False,
scenario_071,NY,state_income_tax_before_refundable_credits,True,0.0,0.0,True,,,False,,0.0,0.0,False,,0.0,0.0,False,,0.0,0.0,False,,0.0,0.0,False,
scenario_071,NY,state_refundable_credits,True,0.0,0.0,True,,,False,,0.0,0.0,False,,0.0,0.0,False,,0.0,0.0,False,,0.0,0.0,False,
scenario_071,NY,tanf,True,0.0,0.0,True,,,False,,0.0,0.0,False,,0.0,0.0,False,,0.0,0.0,False,,0.0,0.0,False,
scenario_072,MI,federal_income_tax_before_refundable_credits,True,0.0,0.0,True,,,False,,0.0,0.0,False,,0.0,0.0,False,,0.0,0.0,False,,0.0,0.0,False,
scenario_072,MI,federal_refundable_credits,True,0.0,0.0,True,,,False,,0.0,0.0,False,,0.0,0.0,False,,0.0,0.0,False,,0.0,0.0,False,
scenario_072,MI,free_school_meals_eligible,True,0.0,0.0,True,0.0,0.0,False,,0.0,0.0,False,0.0,0.0,0.0,False,0.0,0.0,0.0,False,0.0,0.0,0.0,False,0.0
scenario_072,MI,local_income_tax,True,0.0,0.0,True,,,False,,0.0,0.0,False,,0.0,0.0,False,,0.0,0.0,False,,0.0,0.0,False,
scenario_072,MI,payroll_tax,True,1530.0,1530.0,True,,,False,,1530.0,0.0,False,,1530.0,0.0,False,,1530.0,0.0,False,,1530.0,0.0,False,
scenario_072,MI,head_chip_eligible,True,0.0,0.0,True,0.0,0.0,False,,0.0,0.0,False,0.0,0.0,0.0,False,0.0,0.0,0.0,False,0.0,0.0,0.0,False,0.0
scenario_072,MI,spouse_chip_eligible,True,0.0,0.0,True,0.0,0.0,False,,0.0,0.0,False,0.0,0.0,0.0,False,0.0,0.0,0.0,False,0.0,0.0,0.0,False,0.0
scenario_072,MI,head_medicaid_eligible,True,0.0,0.0,True,0.0,0.0,False,,0.0,0.0,False,0.0,0.0,0.0,False,0.0,0.0,0.0,False,0.0,0.0,0.0,False,0.0
scenario_072,MI,spouse_medicaid_eligible,True,0.0,0.0,True,0.0,0.0,False,,0.0,0.0,False,0.0,0.0,0.0,False,0.0,0.0,0.0,False,0.0,0.0,0.0,False,0.0
scenario_072,MI,head_medicare_eligible,True,1.0,1.0,True,5285.2001953125,12065.2001953125,False,,1.0,0.0,False,12065.2001953125,1.0,0.0,False,0.0,1.0,0.0,False,0.0,1.0,0.0,False,12065.2001953125
scenario_072,MI,spouse_medicare_eligible,True,1.0,1.0,True,5285.2001953125,12065.2001953125,False,,1.0,0.0,False,12065.2001953125,1.0,0.0,False,0.0,1.0,0.0,False,0.0,1.0,0.0,False,12065.2001953125
scenario_072,MI,head_wic_eligible,True,0.0,0.0,True,0.0,0.0,False,,0.0,0.0,False,0.0,0.0,0.0,False,0.0,0.0,0.0,False,0.0,0.0,0.0,False,0.0
scenario_072,MI,spouse_wic_eligible,True,0.0,0.0,True,0.0,0.0,False,,0.0,0.0,False,0.0,0.0,0.0,False,0.0,0.0,0.0,False,0.0,0.0,0.0,False,0.0
scenario_072,MI,reduced_price_school_meals_eligible,True,0.0,0.0,True,0.0,0.0,False,,0.0,0.0,False,0.0,0.0,0.0,False,0.0,0.0,0.0,False,0.0,0.0,0.0,False,0.0
scenario_072,MI,self_employment_tax,True,0.0,0.0,True,,,False,,0.0,0.0,False,,0.0,0.0,False,,0.0,0.0,False,,0.0,0.0,False,
scenario_072,MI,snap,True,0.0,0.0,True,,,False,,0.0,0.0,False,,0.0,0.0,False,,0.0,0.0,False,,0.0,0.0,False,
scenario_072,MI,ssi,True,0.0,0.0,True,,,False,,0.0,0.0,False,,0.0,0.0,False,,0.0,0.0,False,,0.0,0.0,False,
scenario_072,MI,state_income_tax_before_refundable_credits,True,0.0,0.0,True,,,False,,0.0,0.0,False,,0.0,0.0,False,,0.0,0.0,False,,0.0,0.0,False,
scenario_072,MI,state_refundable_credits,True,0.0,0.0,True,,,False,,0.0,0.0,False,,0.0,0.0,False,,0.0,0.0,False,,0.0,0.0,False,
scenario_072,MI,tanf,True,0.0,0.0,True,,,False,,0.0,0.0,False,,0.0,0.0,False,,0.0,0.0,False,,0.0,0.0,False,
scenario_073,MI,federal_income_tax_before_refundable_credits,False,0.0,0.0,True,,,False,,0.0,0.0,False,,0.0,0.0,False,,0.0,0.0,False,,0.0,0.0,False,
scenario_073,MI,federal_refundable_credits,False,0.0,0.0,True,,,False,,0.0,0.0,False,,0.0,0.0,False,,0.0,0.0,False,,0.0,0.0,False,
scenario_073,MI,free_school_meals_eligible,False,0.0,0.0,True,0.0,0.0,False,,0.0,0.0,False,0.0,0.0,0.0,False,0.0,0.0,0.0,False,0.0,0.0,0.0,False,0.0
scenario_073,MI,local_income_tax,False,0.0,0.0,True,,,False,,0.0,0.0,False,,0.0,0.0,False,,0.0,0.0,False,,0.0,0.0,False,
scenario_073,MI,payroll_tax,False,0.0,0.0,True,,,False,,0.0,0.0,False,,0.0,0.0,False,,0.0,0.0,False,,0.0,0.0,False,
scenario_073,MI,head_chip_eligible,False,0.0,0.0,True,0.0,0.0,False,,0.0,0.0,False,0.0,0.0,0.0,False,0.0,0.0,0.0,False,0.0,0.0,0.0,False,0.0
scenario_073,MI,head_medicaid_eligible,False,0.0,0.0,True,0.0,0.0,False,,0.0,0.0,False,0.0,0.0,0.0,False,0.0,0.0,0.0,False,0.0,0.0,0.0,False,0.0
scenario_073,MI,head_medicare_eligible,False,0.0,0.0,True,0.0,0.0,True,reference_depends_on_unlisted_input,0.0,0.0,False,0.0,0.0,0.0,False,0.0,0.0,0.0,False,0.0,0.0,0.0,False,0.0
scenario_073,MI,head_wic_eligible,False,0.0,0.0,True,0.0,0.0,False,,0.0,0.0,False,0.0,0.0,0.0,False,0.0,0.0,0.0,False,0.0,0.0,0.0,False,0.0
scenario_073,MI,reduced_price_school_meals_eligible,False,0.0,0.0,True,0.0,0.0,False,,0.0,0.0,False,0.0,0.0,0.0,False,0.0,0.0,0.0,False,0.0,0.0,0.0,False,0.0
scenario_073,MI,self_employment_tax,False,0.0,0.0,True,,,False,,0.0,0.0,False,,0.0,0.0,False,,0.0,0.0,False,,0.0,0.0,False,
scenario_073,MI,snap,False,288.0,288.0,True,,,False,,288.0,0.0,False,,288.0,0.0,False,,288.0,0.0,False,,288.0,0.0,False,
scenario_073,MI,ssi,False,0.0,0.0,True,,,False,,0.0,0.0,False,,0.0,0.0,False,,0.0,0.0,False,,0.0,0.0,False,
scenario_073,MI,state_income_tax_before_refundable_credits,False,0.0,0.0,True,,,False,,0.0,0.0,False,,0.0,0.0,False,,0.0,0.0,False,,0.0,0.0,False,
scenario_073,MI,state_refundable_credits,False,0.0,0.0,True,,,False,,0.0,0.0,False,,0.0,0.0,False,,0.0,0.0,False,,0.0,0.0,False,
scenario_073,MI,tanf,False,0.0,0.0,True,,,False,,0.0,0.0,False,,0.0,0.0,False,,0.0,0.0,False,,0.0,0.0,False,
scenario_074,LA,federal_income_tax_before_refundable_credits,False,0.0,0.0,True,,,False,,0.0,0.0,False,,0.0,0.0,False,,0.0,0.0,False,,0.0,0.0,False,
scenario_074,LA,federal_refundable_credits,False,0.0,0.0,True,,,False,,0.0,0.0,False,,0.0,0.0,False,,0.0,0.0,False,,0.0,0.0,False,
scenario_074,LA,free_school_meals_eligible,False,0.0,0.0,True,0.0,0.0,False,,0.0,0.0,False,0.0,0.0,0.0,False,0.0,0.0,0.0,False,0.0,0.0,0.0,False,0.0
scenario_074,LA,local_income_tax,False,0.0,0.0,True,,,False,,0.0,0.0,False,,0.0,0.0,False,,0.0,0.0,False,,0.0,0.0,False,
scenario_074,LA,payroll_tax,False,0.0,0.0,True,,,False,,0.0,0.0,False,,0.0,0.0,False,,0.0,0.0,False,,0.0,0.0,False,
scenario_074,LA,head_chip_eligible,False,0.0,0.0,True,0.0,0.0,False,,0.0,0.0,False,0.0,0.0,0.0,False,0.0,0.0,0.0,False,0.0,0.0,0.0,False,0.0
scenario_074,LA,head_medicaid_eligible,False,0.0,0.0,True,0.0,0.0,False,,0.0,0.0,False,0.0,0.0,0.0,False,0.0,0.0,0.0,False,0.0,0.0,0.0,False,0.0
scenario_074,LA,head_medicare_eligible,False,0.0,0.0,True,0.0,0.0,True,reference_depends_on_unlisted_input,0.0,0.0,False,0.0,0.0,0.0,False,0.0,0.0,0.0,False,0.0,0.0,0.0,False,0.0
scenario_074,LA,head_wic_eligible,False,0.0,0.0,True,0.0,0.0,False,,0.0,0.0,False,0.0,0.0,0.0,False,0.0,0.0,0.0,False,0.0,0.0,0.0,False,0.0
scenario_074,LA,reduced_price_school_meals_eligible,False,0.0,0.0,True,0.0,0.0,False,,0.0,0.0,False,0.0,0.0,0.0,False,0.0,0.0,0.0,False,0.0,0.0,0.0,False,0.0
scenario_074,LA,self_employment_tax,False,0.0,0.0,True,,,False,,0.0,0.0,False,,0.0,0.0,False,,0.0,0.0,False,,0.0,0.0,False,
scenario_074,LA,snap,False,0.0,0.0,True,,,False,,0.0,0.0,False,,0.0,0.0,False,,0.0,0.0,False,,0.0,0.0,False,
scenario_074,LA,ssi,False,0.0,0.0,True,,,False,,0.0,0.0,False,,0.0,0.0,False,,0.0,0.0,False,,0.0,0.0,False,
scenario_074,LA,state_income_tax_before_refundable_credits,False,0.0,0.0,True,,,False,,0.0,0.0,False,,0.0,0.0,False,,0.0,0.0,False,,0.0,0.0,False,
scenario_074,LA,state_refundable_credits,False,0.0,0.0,True,,,False,,0.0,0.0,False,,0.0,0.0,False,,0.0,0.0,False,,0.0,0.0,False,
scenario_074,LA,tanf,False,0.0,0.0,True,,,False,,0.0,0.0,False,,0.0,0.0,False,,0.0,0.0,False,,0.0,0.0,False,
scenario_075,FL,federal_income_tax_before_refundable_credits,False,14777.1455078125,14777.1455078125,True,,,False,,14777.1455078125,0.0,False,,14777.1455078125,0.0,False,,14777.1455078125,0.0,False,,14777.1455078125,0.0,False,
scenario_075,FL,federal_refundable_credits,False,0.0,0.0,True,,,False,,0.0,0.0,False,,0.0,0.0,False,,0.0,0.0,False,,0.0,0.0,False,
scenario_075,FL,free_school_meals_eligible,False,0.0,0.0,True,0.0,0.0,False,,0.0,0.0,False,0.0,0.0,0.0,False,0.0,0.0,0.0,False,0.0,0.0,0.0,False,0.0
scenario_075,FL,local_income_tax,False,0.0,0.0,True,,,False,,0.0,0.0,False,,0.0,0.0,False,,0.0,0.0,False,,0.0,0.0,False,
scenario_075,FL,payroll_tax,False,968.2120971679688,968.2120971679688,True,,,False,,968.2120971679688,0.0,False,,968.2120971679688,0.0,False,,968.2120971679688,0.0,False,,968.2120971679688,0.0,False,
scenario_075,FL,head_chip_eligible,False,0.0,0.0,True,0.0,0.0,False,,0.0,0.0,False,0.0,0.0,0.0,False,0.0,0.0,0.0,False,0.0,0.0,0.0,False,0.0
scenario_075,FL,head_medicaid_eligible,False,0.0,0.0,True,0.0,0.0,False,,0.0,0.0,False,0.0,0.0,0.0,False,0.0,0.0,0.0,False,0.0,0.0,0.0,False,0.0
scenario_075,FL,head_medicare_eligible,False,0.0,0.0,True,0.0,0.0,False,,0.0,0.0,False,0.0,0.0,0.0,False,0.0,0.0,0.0,False,0.0,0.0,0.0,False,0.0
scenario_075,FL,head_wic_eligible,False,0.0,0.0,True,0.0,0.0,False,,0.0,0.0,False,0.0,0.0,0.0,False,0.0,0.0,0.0,False,0.0,0.0,0.0,False,0.0
scenario_075,FL,reduced_price_school_meals_eligible,False,0.0,0.0,True,0.0,0.0,False,,0.0,0.0,False,0.0,0.0,0.0,False,0.0,0.0,0.0,False,0.0,0.0,0.0,False,0.0
scenario_075,FL,self_employment_tax,False,0.0,0.0,True,,,False,,0.0,0.0,False,,0.0,0.0,False,,0.0,0.0,False,,0.0,0.0,False,
scenario_075,FL,snap,False,0.0,0.0,True,,,False,,0.0,0.0,False,,0.0,0.0,False,,0.0,0.0,False,,0.0,0.0,False,
scenario_075,FL,ssi,False,0.0,0.0,True,,,False,,0.0,0.0,False,,0.0,0.0,False,,0.0,0.0,False,,0.0,0.0,False,
scenario_075,FL,state_income_tax_before_refundable_credits,False,0.0,0.0,True,,,False,,0.0,0.0,False,,0.0,0.0,False,,0.0,0.0,False,,0.0,0.0,False,
scenario_075,FL,state_refundable_credits,False,0.0,0.0,True,,,False,,0.0,0.0,False,,0.0,0.0,False,,0.0,0.0,False,,0.0,0.0,False,
scenario_075,FL,tanf,False,0.0,0.0,True,,,False,,0.0,0.0,False,,0.0,0.0,False,,0.0,0.0,False,,0.0,0.0,False,
scenario_076,ID,federal_income_tax_before_refundable_credits,False,19611.80078125,19611.80078125,True,,,False,,19611.80078125,0.0,False,,19611.80078125,0.0,False,,19611.80078125,0.0,False,,19611.80078125,0.0,False,
scenario_076,ID,federal_refundable_credits,False,0.0,0.0,True,,,False,,0.0,0.0,False,,0.0,0.0,False,,0.0,0.0,False,,0.0,0.0,False,
scenario_076,ID,free_school_meals_eligible,False,0.0,0.0,True,0.0,0.0,False,,0.0,0.0,False,0.0,0.0,0.0,False,0.0,0.0,0.0,False,0.0,0.0,0.0,False,0.0
scenario_076,ID,local_income_tax,False,0.0,0.0,True,,,False,,0.0,0.0,False,,0.0,0.0,False,,0.0,0.0,False,,0.0,0.0,False,
scenario_076,ID,payroll_tax,False,12240.0,12240.0,True,,,False,,12240.0,0.0,False,,12240.0,0.0,False,,12240.0,0.0,False,,12240.0,0.0,False,
scenario_076,ID,head_chip_eligible,False,0.0,0.0,True,0.0,0.0,False,,0.0,0.0,False,0.0,0.0,0.0,False,0.0,0.0,0.0,False,0.0,0.0,0.0,False,0.0
scenario_076,ID,child1_chip_eligible,False,0.0,0.0,True,0.0,0.0,False,,0.0,0.0,False,0.0,0.0,0.0,False,0.0,0.0,0.0,False,0.0,0.0,0.0,False,0.0
scenario_076,ID,child2_chip_eligible,False,0.0,0.0,True,0.0,0.0,False,,0.0,0.0,False,0.0,0.0,0.0,False,0.0,0.0,0.0,False,0.0,0.0,0.0,False,0.0
scenario_076,ID,child1_early_head_start_eligible,False,0.0,0.0,True,0.0,0.0,False,,0.0,0.0,False,0.0,0.0,0.0,False,0.0,0.0,0.0,False,0.0,0.0,0.0,False,0.0
scenario_076,ID,child2_early_head_start_eligible,False,0.0,0.0,True,0.0,0.0,False,,0.0,0.0,False,0.0,0.0,0.0,False,0.0,0.0,0.0,False,0.0,0.0,0.0,False,0.0
scenario_076,ID,child1_head_start_eligible,False,0.0,0.0,True,0.0,0.0,False,,0.0,0.0,False,0.0,0.0,0.0,False,0.0,0.0,0.0,False,0.0,0.0,0.0,False,0.0
scenario_076,ID,child2_head_start_eligible,False,0.0,0.0,True,0.0,0.0,False,,0.0,0.0,False,0.0,0.0,0.0,False,0.0,0.0,0.0,False,0.0,0.0,0.0,False,0.0
scenario_076,ID,head_medicaid_eligible,False,0.0,0.0,True,0.0,0.0,False,,0.0,0.0,False,0.0,0.0,0.0,False,0.0,0.0,0.0,False,0.0,0.0,0.0,False,0.0
scenario_076,ID,child1_medicaid_eligible,False,0.0,0.0,True,0.0,0.0,False,,0.0,0.0,False,0.0,0.0,0.0,False,0.0,0.0,0.0,False,0.0,0.0,0.0,False,0.0
scenario_076,ID,child2_medicaid_eligible,False,0.0,0.0,True,0.0,0.0,False,,0.0,0.0,False,0.0,0.0,0.0,False,0.0,0.0,0.0,False,0.0,0.0,0.0,False,0.0
scenario_076,ID,head_medicare_eligible,False,0.0,0.0,True,0.0,0.0,False,,0.0,0.0,False,0.0,0.0,0.0,False,0.0,0.0,0.0,False,0.0,0.0,0.0,False,0.0
scenario_076,ID,child1_medicare_eligible,False,0.0,0.0,True,0.0,0.0,False,,0.0,0.0,False,0.0,0.0,0.0,False,0.0,0.0,0.0,False,0.0,0.0,0.0,False,0.0
scenario_076,ID,child2_medicare_eligible,False,0.0,0.0,True,0.0,0.0,False,,0.0,0.0,False,0.0,0.0,0.0,False,0.0,0.0,0.0,False,0.0,0.0,0.0,False,0.0
scenario_076,ID,head_wic_eligible,False,0.0,0.0,True,0.0,0.0,False,,0.0,0.0,False,0.0,0.0,0.0,False,0.0,0.0,0.0,False,0.0,0.0,0.0,False,0.0
scenario_076,ID,child1_wic_eligible,False,0.0,0.0,True,0.0,0.0,False,,0.0,0.0,False,0.0,0.0,0.0,False,0.0,0.0,0.0,False,0.0,0.0,0.0,False,0.0
scenario_076,ID,child2_wic_eligible,False,0.0,0.0,True,0.0,0.0,False,,0.0,0.0,False,0.0,0.0,0.0,False,0.0,0.0,0.0,False,0.0,0.0,0.0,False,0.0
scenario_076,ID,reduced_price_school_meals_eligible,False,0.0,0.0,True,0.0,0.0,False,,0.0,0.0,False,0.0,0.0,0.0,False,0.0,0.0,0.0,False,0.0,0.0,0.0,False,0.0
scenario_076,ID,self_employment_tax,False,0.0,0.0,True,,,False,,0.0,0.0,False,,0.0,0.0,False,,0.0,0.0,False,,0.0,0.0,False,
scenario_076,ID,snap,False,0.0,0.0,True,,,False,,0.0,0.0,False,,0.0,0.0,False,,0.0,0.0,False,,0.0,0.0,False,
scenario_076,ID,ssi,False,0.0,0.0,True,,,False,,0.0,0.0,False,,0.0,0.0,False,,0.0,0.0,False,,0.0,0.0,False,
scenario_076,ID,state_income_tax_before_refundable_credits,False,6818.34423828125,6818.34423828125,True,,,False,,6818.34423828125,0.0,False,,6818.34423828125,0.0,False,,6818.34423828125,0.0,False,,6818.34423828125,0.0,False,
scenario_076,ID,state_refundable_credits,False,465.0,465.0,True,,,False,,465.0,0.0,False,,465.0,0.0,False,,465.0,0.0,False,,465.0,0.0,False,
scenario_076,ID,tanf,False,0.0,0.0,True,,,False,,0.0,0.0,False,,0.0,0.0,False,,0.0,0.0,False,,0.0,0.0,False,
scenario_077,LA,federal_income_tax_before_refundable_credits,False,690.6175537109375,690.6175537109375,True,,,False,,690.6175537109375,0.0,False,,690.6175537109375,0.0,False,,690.6175537109375,0.0,False,,690.6175537109375,0.0,False,
scenario_077,LA,federal_refundable_credits,False,0.0,0.0,True,,,False,,0.0,0.0,False,,0.0,0.0,False,,0.0,0.0,False,,0.0,0.0,False,
scenario_077,LA,free_school_meals_eligible,False,0.0,0.0,True,0.0,0.0,False,,0.0,0.0,False,0.0,0.0,0.0,False,0.0,0.0,0.0,False,0.0,0.0,0.0,False,0.0
scenario_077,LA,local_income_tax,False,0.0,0.0,True,,,False,,0.0,0.0,False,,0.0,0.0,False,,0.0,0.0,False,,0.0,0.0,False,
scenario_077,LA,payroll_tax,False,1989.472412109375,1989.472412109375,True,,,False,,1989.472412109375,0.0,False,,1989.472412109375,0.0,False,,1989.472412109375,0.0,False,,1989.472412109375,0.0,False,
scenario_077,LA,head_chip_eligible,False,0.0,0.0,True,0.0,0.0,False,,0.0,0.0,False,0.0,0.0,0.0,False,0.0,0.0,0.0,False,0.0,0.0,0.0,False,0.0
scenario_077,LA,head_medicaid_eligible,False,0.0,0.0,True,0.0,0.0,False,,0.0,0.0,False,0.0,0.0,0.0,False,0.0,0.0,0.0,False,0.0,0.0,0.0,False,0.0
scenario_077,LA,head_medicare_eligible,False,0.0,0.0,True,0.0,0.0,False,,0.0,0.0,False,0.0,0.0,0.0,False,0.0,0.0,0.0,False,0.0,0.0,0.0,False,0.0
scenario_077,LA,head_wic_eligible,False,0.0,0.0,True,0.0,0.0,False,,0.0,0.0,False,0.0,0.0,0.0,False,0.0,0.0,0.0,False,0.0,0.0,0.0,False,0.0
scenario_077,LA,reduced_price_school_meals_eligible,False,0.0,0.0,True,0.0,0.0,False,,0.0,0.0,False,0.0,0.0,0.0,False,0.0,0.0,0.0,False,0.0,0.0,0.0,False,0.0
scenario_077,LA,self_employment_tax,False,0.0,0.0,True,,,False,,0.0,0.0,False,,0.0,0.0,False,,0.0,0.0,False,,0.0,0.0,False,
scenario_077,LA,snap,False,0.0,0.0,True,,,False,,0.0,0.0,False,,0.0,0.0,False,,0.0,0.0,False,,0.0,0.0,False,
scenario_077,LA,ssi,False,0.0,0.0,True,,,False,,0.0,0.0,False,,0.0,0.0,False,,0.0,0.0,False,,0.0,0.0,False,
scenario_077,LA,state_income_tax_before_refundable_credits,False,305.13525390625,305.13525390625,True,,,False,,305.13525390625,0.0,False,,305.13525390625,0.0,False,,305.13525390625,0.0,False,,305.13525390625,0.0,False,
scenario_077,LA,state_refundable_credits,False,0.0,0.0,True,,,False,,0.0,0.0,False,,0.0,0.0,False,,0.0,0.0,False,,0.0,0.0,False,
scenario_077,LA,tanf,False,0.0,0.0,True,,,False,,0.0,0.0,False,,0.0,0.0,False,,0.0,0.0,False,,0.0,0.0,False,
scenario_078,MD,federal_income_tax_before_refundable_credits,False,24164.45703125,24164.45703125,True,,,True,reference_depends_on_unlisted_input,24164.45703125,0.0,False,,24164.45703125,0.0,False,,24164.45703125,0.0,False,,24164.45703125,0.0,False,
scenario_078,MD,federal_refundable_credits,False,0.0,0.0,True,,,False,,0.0,0.0,False,,0.0,0.0,False,,0.0,0.0,False,,0.0,0.0,False,
scenario_078,MD,free_school_meals_eligible,False,0.0,0.0,True,0.0,0.0,False,,0.0,0.0,False,0.0,0.0,0.0,False,0.0,0.0,0.0,False,0.0,0.0,0.0,False,0.0
scenario_078,MD,local_income_tax,False,0.0,0.0,True,,,False,,0.0,0.0,False,,0.0,0.0,False,,0.0,0.0,False,,0.0,0.0,False,
scenario_078,MD,payroll_tax,False,14317.322265625,14317.322265625,True,,,False,,14317.322265625,0.0,False,,14317.322265625,0.0,False,,14317.322265625,0.0,False,,14317.322265625,0.0,False,
scenario_078,MD,head_chip_eligible,False,0.0,0.0,True,0.0,0.0,False,,0.0,0.0,False,0.0,0.0,0.0,False,0.0,0.0,0.0,False,0.0,0.0,0.0,False,0.0
scenario_078,MD,head_medicaid_eligible,False,0.0,0.0,True,0.0,0.0,False,,0.0,0.0,False,0.0,0.0,0.0,False,0.0,0.0,0.0,False,0.0,0.0,0.0,False,0.0
scenario_078,MD,head_medicare_eligible,False,0.0,0.0,True,0.0,0.0,False,,0.0,0.0,False,0.0,0.0,0.0,False,0.0,0.0,0.0,False,0.0,0.0,0.0,False,0.0
scenario_078,MD,head_wic_eligible,False,0.0,0.0,True,0.0,0.0,False,,0.0,0.0,False,0.0,0.0,0.0,False,0.0,0.0,0.0,False,0.0,0.0,0.0,False,0.0
scenario_078,MD,reduced_price_school_meals_eligible,False,0.0,0.0,True,0.0,0.0,False,,0.0,0.0,False,0.0,0.0,0.0,False,0.0,0.0,0.0,False,0.0,0.0,0.0,False,0.0
scenario_078,MD,self_employment_tax,False,0.0,0.0,True,,,False,,0.0,0.0,False,,0.0,0.0,False,,0.0,0.0,False,,0.0,0.0,False,
scenario_078,MD,snap,False,0.0,0.0,True,,,False,,0.0,0.0,False,,0.0,0.0,False,,0.0,0.0,False,,0.0,0.0,False,
scenario_078,MD,ssi,False,0.0,0.0,True,,,False,,0.0,0.0,False,,0.0,0.0,False,,0.0,0.0,False,,0.0,0.0,False,
scenario_078,MD,state_income_tax_before_refundable_credits,False,6936.87646484375,6936.87646484375,True,,,False,,6936.87646484375,0.0,False,,6936.87646484375,0.0,False,,6936.87646484375,0.0,False,,6936.87646484375,0.0,False,
scenario_078,MD,state_refundable_credits,False,0.0,0.0,True,,,False,,0.0,0.0,False,,0.0,0.0,False,,0.0,0.0,False,,0.0,0.0,False,
scenario_078,MD,tanf,False,0.0,0.0,True,,,False,,0.0,0.0,False,,0.0,0.0,False,,0.0,0.0,False,,0.0,0.0,False,
scenario_079,AZ,federal_income_tax_before_refundable_credits,False,0.0,0.0,True,,,False,,0.0,0.0,False,,0.0,0.0,False,,0.0,0.0,False,,0.0,0.0,False,
scenario_079,AZ,federal_refundable_credits,False,0.0,0.0,True,,,False,,0.0,0.0,False,,0.0,0.0,False,,0.0,0.0,False,,0.0,0.0,False,
scenario_079,AZ,free_school_meals_eligible,False,0.0,0.0,True,0.0,0.0,False,,0.0,0.0,False,0.0,0.0,0.0,False,0.0,0.0,0.0,False,0.0,0.0,0.0,False,0.0
scenario_079,AZ,local_income_tax,False,0.0,0.0,True,,,False,,0.0,0.0,False,,0.0,0.0,False,,0.0,0.0,False,,0.0,0.0,False,
scenario_079,AZ,payroll_tax,False,0.0,0.0,True,,,False,,0.0,0.0,False,,0.0,0.0,False,,0.0,0.0,False,,0.0,0.0,False,
scenario_079,AZ,head_chip_eligible,False,0.0,0.0,True,0.0,0.0,False,,0.0,0.0,False,0.0,0.0,0.0,False,0.0,0.0,0.0,False,0.0,0.0,0.0,False,0.0
scenario_079,AZ,spouse_chip_eligible,False,0.0,0.0,True,0.0,0.0,False,,0.0,0.0,False,0.0,0.0,0.0,False,0.0,0.0,0.0,False,0.0,0.0,0.0,False,0.0
scenario_079,AZ,head_medicaid_eligible,False,1.0,1.0,True,10921.8173828125,12052.697265625,False,,1.0,0.0,False,12052.697265625,1.0,0.0,False,12052.697265625,1.0,0.0,False,12052.697265625,1.0,0.0,False,12052.697265625
scenario_079,AZ,spouse_medicaid_eligible,False,1.0,1.0,True,9558.6806640625,10548.416015625,False,,1.0,0.0,False,10548.416015625,1.0,0.0,False,10548.416015625,1.0,0.0,False,10548.416015625,1.0,0.0,False,10548.416015625
scenario_079,AZ,head_medicare_eligible,False,0.0,0.0,True,0.0,0.0,True,reference_depends_on_unlisted_input,0.0,0.0,False,0.0,0.0,0.0,False,0.0,0.0,0.0,False,0.0,0.0,0.0,False,0.0
scenario_079,AZ,spouse_medicare_eligible,False,0.0,0.0,True,0.0,0.0,False,,0.0,0.0,False,0.0,0.0,0.0,False,0.0,0.0,0.0,False,0.0,0.0,0.0,False,0.0
scenario_079,AZ,head_wic_eligible,False,0.0,0.0,True,0.0,0.0,False,,0.0,0.0,False,0.0,0.0,0.0,False,0.0,0.0,0.0,False,0.0,0.0,0.0,False,0.0
scenario_079,AZ,spouse_wic_eligible,False,0.0,0.0,True,0.0,0.0,False,,0.0,0.0,False,0.0,0.0,0.0,False,0.0,0.0,0.0,False,0.0,0.0,0.0,False,0.0
scenario_079,AZ,reduced_price_school_meals_eligible,False,0.0,0.0,True,0.0,0.0,False,,0.0,0.0,False,0.0,0.0,0.0,False,0.0,0.0,0.0,False,0.0,0.0,0.0,False,0.0
scenario_079,AZ,self_employment_tax,False,0.0,0.0,True,,,False,,0.0,0.0,False,,0.0,0.0,False,,0.0,0.0,False,,0.0,0.0,False,
scenario_079,AZ,snap,False,2376.0,2376.0,True,,,False,,2376.0,0.0,False,,2376.0,0.0,False,,2376.0,0.0,False,,2376.0,0.0,False,
scenario_079,AZ,ssi,False,10572.0,10572.0,True,,,False,,10572.0,0.0,False,,10572.0,0.0,False,,10572.0,0.0,False,,10572.0,0.0,False,
scenario_079,AZ,state_income_tax_before_refundable_credits,False,0.0,0.0,True,,,False,,0.0,0.0,False,,0.0,0.0,False,,0.0,0.0,False,,0.0,0.0,False,
scenario_079,AZ,state_refundable_credits,False,50.0,50.0,True,,,False,,50.0,0.0,False,,50.0,0.0,False,,50.0,0.0,False,,50.0,0.0,False,
scenario_079,AZ,tanf,False,0.0,0.0,True,,,False,,0.0,0.0,False,,0.0,0.0,False,,0.0,0.0,False,,0.0,0.0,False,
scenario_080,PA,federal_income_tax_before_refundable_credits,False,0.0,0.0,True,,,False,,0.0,0.0,False,,0.0,0.0,False,,0.0,0.0,False,,0.0,0.0,False,
scenario_080,PA,federal_refundable_credits,False,0.0,0.0,True,,,False,,0.0,0.0,False,,0.0,0.0,False,,0.0,0.0,False,,0.0,0.0,False,
scenario_080,PA,free_school_meals_eligible,False,0.0,0.0,True,0.0,0.0,False,,0.0,0.0,False,0.0,0.0,0.0,False,0.0,0.0,0.0,False,0.0,0.0,0.0,False,0.0
scenario_080,PA,local_income_tax,False,0.0,0.0,True,,,False,,0.0,0.0,False,,0.0,0.0,False,,0.0,0.0,False,,0.0,0.0,False,
scenario_080,PA,payroll_tax,False,0.0,0.0,True,,,False,,0.0,0.0,False,,0.0,0.0,False,,0.0,0.0,False,,0.0,0.0,False,
scenario_080,PA,head_chip_eligible,False,0.0,0.0,True,0.0,0.0,False,,0.0,0.0,False,0.0,0.0,0.0,False,0.0,0.0,0.0,False,0.0,0.0,0.0,False,0.0
scenario_080,PA,head_medicaid_eligible,False,1.0,1.0,True,14526.80078125,14162.1591796875,False,,1.0,0.0,False,14162.1591796875,1.0,0.0,False,14162.1591796875,1.0,0.0,False,14162.1591796875,1.0,0.0,False,14162.1591796875
scenario_080,PA,head_medicare_eligible,False,0.0,0.0,True,0.0,0.0,False,,0.0,0.0,False,0.0,0.0,0.0,False,0.0,0.0,0.0,False,0.0,0.0,0.0,False,0.0
scenario_080,PA,head_wic_eligible,False,0.0,0.0,True,0.0,0.0,False,,0.0,0.0,False,0.0,0.0,0.0,False,0.0,0.0,0.0,False,0.0,0.0,0.0,False,0.0
scenario_080,PA,reduced_price_school_meals_eligible,False,0.0,0.0,True,0.0,0.0,False,,0.0,0.0,False,0.0,0.0,0.0,False,0.0,0.0,0.0,False,0.0,0.0,0.0,False,0.0
scenario_080,PA,self_employment_tax,False,0.0,0.0,True,,,False,,0.0,0.0,False,,0.0,0.0,False,,0.0,0.0,False,,0.0,0.0,False,
scenario_080,PA,snap,False,3596.039794921875,3576.0,False,,,True,reference_engine_defect,3576.0,0.0,False,,3576.0,0.0,False,,3576.0,0.0,False,,3576.0,0.0,False,
scenario_080,PA,ssi,False,0.0,0.0,True,,,False,,0.0,0.0,False,,0.0,0.0,False,,0.0,0.0,False,,0.0,0.0,False,
scenario_080,PA,state_income_tax_before_refundable_credits,False,0.0,0.0,True,,,False,,0.0,0.0,False,,0.0,0.0,False,,0.0,0.0,False,,0.0,0.0,False,
scenario_080,PA,state_refundable_credits,False,0.0,0.0,True,,,False,,0.0,0.0,False,,0.0,0.0,False,,0.0,0.0,False,,0.0,0.0,False,
scenario_080,PA,tanf,False,0.0,0.0,True,,,False,,0.0,0.0,False,,0.0,0.0,False,,0.0,0.0,False,,0.0,0.0,False,
scenario_081,MA,federal_income_tax_before_refundable_credits,False,26932.2734375,26932.2734375,True,,,False,,26932.2734375,0.0,False,,26932.2734375,0.0,False,,26932.2734375,0.0,False,,26932.2734375,0.0,False,
scenario_081,MA,federal_refundable_credits,False,0.0,0.0,True,,,False,,0.0,0.0,False,,0.0,0.0,False,,0.0,0.0,False,,0.0,0.0,False,
scenario_081,MA,free_school_meals_eligible,False,0.0,0.0,True,0.0,0.0,False,,0.0,0.0,False,0.0,0.0,0.0,False,0.0,0.0,0.0,False,0.0,0.0,0.0,False,0.0
scenario_081,MA,local_income_tax,False,0.0,0.0,True,,,False,,0.0,0.0,False,,0.0,0.0,False,,0.0,0.0,False,,0.0,0.0,False,
scenario_081,MA,payroll_tax,False,14192.662109375,14192.662109375,True,,,False,,14192.662109375,0.0,False,,14192.662109375,0.0,False,,14192.662109375,0.0,False,,14192.662109375,0.0,False,
scenario_081,MA,head_chip_eligible,False,0.0,0.0,True,0.0,0.0,False,,0.0,0.0,False,0.0,0.0,0.0,False,0.0,0.0,0.0,False,0.0,0.0,0.0,False,0.0
scenario_081,MA,head_medicaid_eligible,False,0.0,0.0,True,0.0,0.0,False,,0.0,0.0,False,0.0,0.0,0.0,False,0.0,0.0,0.0,False,0.0,0.0,0.0,False,0.0
scenario_081,MA,head_medicare_eligible,False,0.0,0.0,True,0.0,0.0,False,,0.0,0.0,False,0.0,0.0,0.0,False,0.0,0.0,0.0,False,0.0,0.0,0.0,False,0.0
scenario_081,MA,head_wic_eligible,False,0.0,0.0,True,0.0,0.0,False,,0.0,0.0,False,0.0,0.0,0.0,False,0.0,0.0,0.0,False,0.0,0.0,0.0,False,0.0
scenario_081,MA,reduced_price_school_meals_eligible,False,0.0,0.0,True,0.0,0.0,False,,0.0,0.0,False,0.0,0.0,0.0,False,0.0,0.0,0.0,False,0.0,0.0,0.0,False,0.0
scenario_081,MA,self_employment_tax,False,0.0,0.0,True,,,False,,0.0,0.0,False,,0.0,0.0,False,,0.0,0.0,False,,0.0,0.0,False,
scenario_081,MA,snap,False,0.0,0.0,True,,,False,,0.0,0.0,False,,0.0,0.0,False,,0.0,0.0,False,,0.0,0.0,False,
scenario_081,MA,ssi,False,0.0,0.0,True,,,False,,0.0,0.0,False,,0.0,0.0,False,,0.0,0.0,False,,0.0,0.0,False,
scenario_081,MA,state_income_tax_before_refundable_credits,False,8238.40625,8238.40625,True,,,True,reference_engine_defect,8238.40625,0.0,False,,8238.40625,0.0,False,,8238.40625,0.0,False,,8238.40625,0.0,False,
scenario_081,MA,state_refundable_credits,False,0.0,0.0,True,,,False,,0.0,0.0,False,,0.0,0.0,False,,0.0,0.0,False,,0.0,0.0,False,
scenario_081,MA,tanf,False,0.0,0.0,True,,,False,,0.0,0.0,False,,0.0,0.0,False,,0.0,0.0,False,,0.0,0.0,False,
scenario_082,NY,federal_income_tax_before_refundable_credits,False,9563.052734375,9577.90234375,False,,,True,reference_engine_defect,9577.90234375,0.0,False,,9577.90234375,0.0,False,,9577.90234375,0.0,False,,9577.90234375,0.0,False,
scenario_082,NY,federal_refundable_credits,False,0.0,0.0,True,,,False,,0.0,0.0,False,,0.0,0.0,False,,0.0,0.0,False,,0.0,0.0,False,
scenario_082,NY,free_school_meals_eligible,False,0.0,0.0,True,0.0,0.0,False,,0.0,0.0,False,0.0,0.0,0.0,False,0.0,0.0,0.0,False,0.0,0.0,0.0,False,0.0
scenario_082,NY,local_income_tax,False,0.0,0.0,True,,,False,,0.0,0.0,False,,0.0,0.0,False,,0.0,0.0,False,,0.0,0.0,False,
scenario_082,NY,payroll_tax,False,8108.02734375,8108.02734375,True,,,False,,8108.02734375,0.0,False,,8108.02734375,0.0,False,,8108.02734375,0.0,False,,8108.02734375,0.0,False,
scenario_082,NY,head_chip_eligible,False,0.0,0.0,True,0.0,0.0,False,,0.0,0.0,False,0.0,0.0,0.0,False,0.0,0.0,0.0,False,0.0,0.0,0.0,False,0.0
scenario_082,NY,child1_chip_eligible,False,0.0,0.0,True,0.0,0.0,False,,0.0,0.0,False,0.0,0.0,0.0,False,0.0,0.0,0.0,False,0.0,0.0,0.0,False,0.0
scenario_082,NY,child1_early_head_start_eligible,False,0.0,0.0,True,0.0,0.0,False,,0.0,0.0,False,0.0,0.0,0.0,False,0.0,0.0,0.0,False,0.0,0.0,0.0,False,0.0
scenario_082,NY,child1_head_start_eligible,False,0.0,0.0,True,0.0,0.0,False,,0.0,0.0,False,0.0,0.0,0.0,False,0.0,0.0,0.0,False,0.0,0.0,0.0,False,0.0
scenario_082,NY,head_medicaid_eligible,False,0.0,0.0,True,0.0,0.0,False,,0.0,0.0,False,0.0,0.0,0.0,False,0.0,0.0,0.0,False,0.0,0.0,0.0,False,0.0
scenario_082,NY,child1_medicaid_eligible,False,0.0,0.0,True,0.0,0.0,False,,0.0,0.0,False,0.0,0.0,0.0,False,0.0,0.0,0.0,False,0.0,0.0,0.0,False,0.0
scenario_082,NY,head_medicare_eligible,False,0.0,0.0,True,0.0,0.0,False,,0.0,0.0,False,0.0,0.0,0.0,False,0.0,0.0,0.0,False,0.0,0.0,0.0,False,0.0
scenario_082,NY,child1_medicare_eligible,False,0.0,0.0,True,0.0,0.0,False,,0.0,0.0,False,0.0,0.0,0.0,False,0.0,0.0,0.0,False,0.0,0.0,0.0,False,0.0
scenario_082,NY,head_wic_eligible,False,0.0,0.0,True,0.0,0.0,False,,0.0,0.0,False,0.0,0.0,0.0,False,0.0,0.0,0.0,False,0.0,0.0,0.0,False,0.0
scenario_082,NY,child1_wic_eligible,False,0.0,0.0,True,0.0,0.0,False,,0.0,0.0,False,0.0,0.0,0.0,False,0.0,0.0,0.0,False,0.0,0.0,0.0,False,0.0
scenario_082,NY,reduced_price_school_meals_eligible,False,0.0,0.0,True,0.0,0.0,False,,0.0,0.0,False,0.0,0.0,0.0,False,0.0,0.0,0.0,False,0.0,0.0,0.0,False,0.0
scenario_082,NY,self_employment_tax,False,0.0,0.0,True,,,False,,0.0,0.0,False,,0.0,0.0,False,,0.0,0.0,False,,0.0,0.0,False,
scenario_082,NY,snap,False,0.0,0.0,True,,,False,,0.0,0.0,False,,0.0,0.0,False,,0.0,0.0,False,,0.0,0.0,False,
scenario_082,NY,ssi,False,0.0,0.0,True,,,False,,0.0,0.0,False,,0.0,0.0,False,,0.0,0.0,False,,0.0,0.0,False,
scenario_082,NY,state_income_tax_before_refundable_credits,False,5598.55224609375,5598.55224609375,True,,,False,,5598.55224609375,0.0,False,,5598.55224609375,0.0,False,,5598.55224609375,0.0,False,,5598.55224609375,0.0,False,
scenario_082,NY,state_refundable_credits,False,667.0,667.0,True,,,False,,667.0,0.0,False,,667.0,0.0,False,,667.0,0.0,False,,667.0,0.0,False,
scenario_082,NY,tanf,False,0.0,0.0,True,,,False,,0.0,0.0,False,,0.0,0.0,False,,0.0,0.0,False,,0.0,0.0,False,
scenario_083,TX,federal_income_tax_before_refundable_credits,False,0.0,0.0,True,,,False,,0.0,0.0,False,,0.0,0.0,False,,0.0,0.0,False,,0.0,0.0,False,
scenario_083,TX,federal_refundable_credits,False,0.0,0.0,True,,,False,,0.0,0.0,False,,0.0,0.0,False,,0.0,0.0,False,,0.0,0.0,False,
scenario_083,TX,free_school_meals_eligible,False,0.0,0.0,True,0.0,0.0,False,,0.0,0.0,False,0.0,0.0,0.0,False,0.0,0.0,0.0,False,0.0,0.0,0.0,False,0.0
scenario_083,TX,local_income_tax,False,0.0,0.0,True,,,False,,0.0,0.0,False,,0.0,0.0,False,,0.0,0.0,False,,0.0,0.0,False,
scenario_083,TX,payroll_tax,False,539.3250122070312,539.3250122070312,True,,,False,,539.3250122070312,0.0,False,,539.3250122070312,0.0,False,,539.3250122070312,0.0,False,,539.3250122070312,0.0,False,
scenario_083,TX,head_chip_eligible,False,0.0,0.0,True,0.0,0.0,False,,0.0,0.0,False,0.0,0.0,0.0,False,0.0,0.0,0.0,False,0.0,0.0,0.0,False,0.0
scenario_083,TX,head_medicaid_eligible,False,0.0,0.0,True,0.0,0.0,False,,0.0,0.0,False,0.0,0.0,0.0,False,0.0,0.0,0.0,False,0.0,0.0,0.0,False,0.0
scenario_083,TX,head_medicare_eligible,False,0.0,0.0,True,0.0,0.0,False,,0.0,0.0,False,0.0,0.0,0.0,False,0.0,0.0,0.0,False,0.0,0.0,0.0,False,0.0
scenario_083,TX,head_wic_eligible,False,0.0,0.0,True,0.0,0.0,False,,0.0,0.0,False,0.0,0.0,0.0,False,0.0,0.0,0.0,False,0.0,0.0,0.0,False,0.0
scenario_083,TX,reduced_price_school_meals_eligible,False,0.0,0.0,True,0.0,0.0,False,,0.0,0.0,False,0.0,0.0,0.0,False,0.0,0.0,0.0,False,0.0,0.0,0.0,False,0.0
scenario_083,TX,self_employment_tax,False,0.0,0.0,True,,,False,,0.0,0.0,False,,0.0,0.0,False,,0.0,0.0,False,,0.0,0.0,False,
scenario_083,TX,snap,False,0.0,0.0,True,,,False,,0.0,0.0,False,,0.0,0.0,False,,0.0,0.0,False,,0.0,0.0,False,
scenario_083,TX,ssi,False,0.0,0.0,True,,,False,,0.0,0.0,False,,0.0,0.0,False,,0.0,0.0,False,,0.0,0.0,False,
scenario_083,TX,state_income_tax_before_refundable_credits,False,0.0,0.0,True,,,False,,0.0,0.0,False,,0.0,0.0,False,,0.0,0.0,False,,0.0,0.0,False,
scenario_083,TX,state_refundable_credits,False,0.0,0.0,True,,,False,,0.0,0.0,False,,0.0,0.0,False,,0.0,0.0,False,,0.0,0.0,False,
scenario_083,TX,tanf,False,0.0,0.0,True,,,False,,0.0,0.0,False,,0.0,0.0,False,,0.0,0.0,False,,0.0,0.0,False,
scenario_084,NC,federal_income_tax_before_refundable_credits,False,0.0,0.0,True,,,False,,0.0,0.0,False,,0.0,0.0,False,,0.0,0.0,False,,0.0,0.0,False,
scenario_084,NC,federal_refundable_credits,False,0.0,0.0,True,,,False,,0.0,0.0,False,,0.0,0.0,False,,0.0,0.0,False,,0.0,0.0,False,
scenario_084,NC,free_school_meals_eligible,False,0.0,0.0,True,0.0,0.0,False,,0.0,0.0,False,0.0,0.0,0.0,False,0.0,0.0,0.0,False,0.0,0.0,0.0,False,0.0
scenario_084,NC,local_income_tax,False,0.0,0.0,True,,,False,,0.0,0.0,False,,0.0,0.0,False,,0.0,0.0,False,,0.0,0.0,False,
scenario_084,NC,payroll_tax,False,0.0,0.0,True,,,False,,0.0,0.0,False,,0.0,0.0,False,,0.0,0.0,False,,0.0,0.0,False,
scenario_084,NC,head_chip_eligible,False,0.0,0.0,True,0.0,0.0,False,,0.0,0.0,False,0.0,0.0,0.0,False,0.0,0.0,0.0,False,0.0,0.0,0.0,False,0.0
scenario_084,NC,head_medicaid_eligible,False,0.0,0.0,True,0.0,0.0,False,,0.0,0.0,False,0.0,0.0,0.0,False,0.0,0.0,0.0,False,0.0,0.0,0.0,False,0.0
scenario_084,NC,head_medicare_eligible,False,0.0,0.0,True,0.0,0.0,True,reference_depends_on_unlisted_input,0.0,0.0,False,0.0,0.0,0.0,False,0.0,0.0,0.0,False,0.0,0.0,0.0,False,0.0
scenario_084,NC,head_wic_eligible,False,0.0,0.0,True,0.0,0.0,False,,0.0,0.0,False,0.0,0.0,0.0,False,0.0,0.0,0.0,False,0.0,0.0,0.0,False,0.0
scenario_084,NC,reduced_price_school_meals_eligible,False,0.0,0.0,True,0.0,0.0,False,,0.0,0.0,False,0.0,0.0,0.0,False,0.0,0.0,0.0,False,0.0,0.0,0.0,False,0.0
scenario_084,NC,self_employment_tax,False,0.0,0.0,True,,,False,,0.0,0.0,False,,0.0,0.0,False,,0.0,0.0,False,,0.0,0.0,False,
scenario_084,NC,snap,False,0.0,0.0,True,,,False,,0.0,0.0,False,,0.0,0.0,False,,0.0,0.0,False,,0.0,0.0,False,
scenario_084,NC,ssi,False,0.0,0.0,True,,,False,,0.0,0.0,False,,0.0,0.0,False,,0.0,0.0,False,,0.0,0.0,False,
scenario_084,NC,state_income_tax_before_refundable_credits,False,0.0,0.0,True,,,False,,0.0,0.0,False,,0.0,0.0,False,,0.0,0.0,False,,0.0,0.0,False,
scenario_084,NC,state_refundable_credits,False,0.0,0.0,True,,,False,,0.0,0.0,False,,0.0,0.0,False,,0.0,0.0,False,,0.0,0.0,False,
scenario_084,NC,tanf,False,0.0,0.0,True,,,False,,0.0,0.0,False,,0.0,0.0,False,,0.0,0.0,False,,0.0,0.0,False,
scenario_085,PA,federal_income_tax_before_refundable_credits,True,2322.760009765625,2322.760009765625,True,,,False,,2322.760009765625,0.0,False,,2322.760009765625,0.0,False,,2322.760009765625,0.0,False,,2322.760009765625,0.0,False,
scenario_085,PA,federal_refundable_credits,True,0.0,0.0,True,,,False,,0.0,0.0,False,,0.0,0.0,False,,0.0,0.0,False,,0.0,0.0,False,
scenario_085,PA,free_school_meals_eligible,True,0.0,0.0,True,0.0,0.0,False,,0.0,0.0,False,0.0,0.0,0.0,False,0.0,0.0,0.0,False,0.0,0.0,0.0,False,0.0
scenario_085,PA,local_income_tax,True,0.0,0.0,True,,,False,,0.0,0.0,False,,0.0,0.0,False,,0.0,0.0,False,,0.0,0.0,False,
scenario_085,PA,payroll_tax,True,0.0,0.0,True,,,False,,0.0,0.0,False,,0.0,0.0,False,,0.0,0.0,False,,0.0,0.0,False,
scenario_085,PA,head_chip_eligible,True,0.0,0.0,True,0.0,0.0,False,,0.0,0.0,False,0.0,0.0,0.0,False,0.0,0.0,0.0,False,0.0,0.0,0.0,False,0.0
scenario_085,PA,head_medicaid_eligible,True,0.0,0.0,True,0.0,0.0,False,,0.0,0.0,False,0.0,0.0,0.0,False,0.0,0.0,0.0,False,0.0,0.0,0.0,False,0.0
scenario_085,PA,head_medicare_eligible,True,1.0,1.0,True,5285.2001953125,12065.2001953125,False,,1.0,0.0,False,12065.2001953125,1.0,0.0,False,0.0,1.0,0.0,False,0.0,1.0,0.0,False,12065.2001953125
scenario_085,PA,head_wic_eligible,True,0.0,0.0,True,0.0,0.0,False,,0.0,0.0,False,0.0,0.0,0.0,False,0.0,0.0,0.0,False,0.0,0.0,0.0,False,0.0
scenario_085,PA,reduced_price_school_meals_eligible,True,0.0,0.0,True,0.0,0.0,False,,0.0,0.0,False,0.0,0.0,0.0,False,0.0,0.0,0.0,False,0.0,0.0,0.0,False,0.0
scenario_085,PA,self_employment_tax,True,0.0,0.0,True,,,False,,0.0,0.0,False,,0.0,0.0,False,,0.0,0.0,False,,0.0,0.0,False,
scenario_085,PA,snap,True,0.0,0.0,True,,,False,,0.0,0.0,False,,0.0,0.0,False,,0.0,0.0,False,,0.0,0.0,False,
scenario_085,PA,ssi,True,0.0,0.0,True,,,False,,0.0,0.0,False,,0.0,0.0,False,,0.0,0.0,False,,0.0,0.0,False,
scenario_085,PA,state_income_tax_before_refundable_credits,True,0.0,0.0,True,,,False,,0.0,0.0,False,,0.0,0.0,False,,0.0,0.0,False,,0.0,0.0,False,
scenario_085,PA,state_refundable_credits,True,0.0,0.0,True,,,False,,0.0,0.0,False,,0.0,0.0,False,,0.0,0.0,False,,0.0,0.0,False,
scenario_085,PA,tanf,True,0.0,0.0,True,,,False,,0.0,0.0,False,,0.0,0.0,False,,0.0,0.0,False,,0.0,0.0,False,
scenario_086,GA,federal_income_tax_before_refundable_credits,False,3255.5478515625,3255.5478515625,True,,,False,,3255.5478515625,0.0,False,,3255.5478515625,0.0,False,,3255.5478515625,0.0,False,,3255.5478515625,0.0,False,
scenario_086,GA,federal_refundable_credits,False,0.0,0.0,True,,,False,,0.0,0.0,False,,0.0,0.0,False,,0.0,0.0,False,,0.0,0.0,False,
scenario_086,GA,free_school_meals_eligible,False,0.0,0.0,True,0.0,0.0,False,,0.0,0.0,False,0.0,0.0,0.0,False,0.0,0.0,0.0,False,0.0,0.0,0.0,False,0.0
scenario_086,GA,local_income_tax,False,0.0,0.0,True,,,False,,0.0,0.0,False,,0.0,0.0,False,,0.0,0.0,False,,0.0,0.0,False,
scenario_086,GA,payroll_tax,False,4743.0,4743.0,True,,,False,,4743.0,0.0,False,,4743.0,0.0,False,,4743.0,0.0,False,,4743.0,0.0,False,
scenario_086,GA,head_chip_eligible,False,0.0,0.0,True,0.0,0.0,False,,0.0,0.0,False,0.0,0.0,0.0,False,0.0,0.0,0.0,False,0.0,0.0,0.0,False,0.0
scenario_086,GA,child1_chip_eligible,False,0.0,0.0,True,0.0,0.0,False,,0.0,0.0,False,0.0,0.0,0.0,False,0.0,0.0,0.0,False,0.0,0.0,0.0,False,0.0
scenario_086,GA,child1_early_head_start_eligible,False,0.0,0.0,True,0.0,0.0,False,,0.0,0.0,False,0.0,0.0,0.0,False,0.0,0.0,0.0,False,0.0,0.0,0.0,False,0.0
scenario_086,GA,child1_head_start_eligible,False,0.0,0.0,True,0.0,0.0,False,,0.0,0.0,False,0.0,0.0,0.0,False,0.0,0.0,0.0,False,0.0,0.0,0.0,False,0.0
scenario_086,GA,head_medicaid_eligible,False,0.0,0.0,True,0.0,0.0,False,,0.0,0.0,False,0.0,0.0,0.0,False,0.0,0.0,0.0,False,0.0,0.0,0.0,False,0.0
scenario_086,GA,child1_medicaid_eligible,False,0.0,0.0,True,0.0,0.0,False,,0.0,0.0,False,0.0,0.0,0.0,False,0.0,0.0,0.0,False,0.0,0.0,0.0,False,0.0
scenario_086,GA,head_medicare_eligible,False,0.0,0.0,True,0.0,0.0,False,,0.0,0.0,False,0.0,0.0,0.0,False,0.0,0.0,0.0,False,0.0,0.0,0.0,False,0.0
scenario_086,GA,child1_medicare_eligible,False,0.0,0.0,True,0.0,0.0,False,,0.0,0.0,False,0.0,0.0,0.0,False,0.0,0.0,0.0,False,0.0,0.0,0.0,False,0.0
scenario_086,GA,head_wic_eligible,False,0.0,0.0,True,0.0,0.0,False,,0.0,0.0,False,0.0,0.0,0.0,False,0.0,0.0,0.0,False,0.0,0.0,0.0,False,0.0
scenario_086,GA,child1_wic_eligible,False,0.0,0.0,True,0.0,0.0,False,,0.0,0.0,False,0.0,0.0,0.0,False,0.0,0.0,0.0,False,0.0,0.0,0.0,False,0.0
scenario_086,GA,reduced_price_school_meals_eligible,False,0.0,0.0,True,0.0,0.0,False,,0.0,0.0,False,0.0,0.0,0.0,False,0.0,0.0,0.0,False,0.0,0.0,0.0,False,0.0
scenario_086,GA,self_employment_tax,False,0.0,0.0,True,,,False,,0.0,0.0,False,,0.0,0.0,False,,0.0,0.0,False,,0.0,0.0,False,
scenario_086,GA,snap,False,0.0,0.0,True,,,False,,0.0,0.0,False,,0.0,0.0,False,,0.0,0.0,False,,0.0,0.0,False,
scenario_086,GA,ssi,False,0.0,0.0,True,,,False,,0.0,0.0,False,,0.0,0.0,False,,0.0,0.0,False,,0.0,0.0,False,
scenario_086,GA,state_income_tax_before_refundable_credits,False,2078.958740234375,2078.958740234375,True,,,False,,2078.958740234375,0.0,False,,2078.958740234375,0.0,False,,2078.958740234375,0.0,False,,2078.958740234375,0.0,False,
scenario_086,GA,state_refundable_credits,False,0.0,0.0,True,,,False,,0.0,0.0,False,,0.0,0.0,False,,0.0,0.0,False,,0.0,0.0,False,
scenario_086,GA,tanf,False,0.0,0.0,True,,,False,,0.0,0.0,False,,0.0,0.0,False,,0.0,0.0,False,,0.0,0.0,False,
scenario_088,TX,federal_income_tax_before_refundable_credits,False,0.0,0.0,True,,,False,,0.0,0.0,False,,0.0,0.0,False,,0.0,0.0,False,,0.0,0.0,False,
scenario_088,TX,federal_refundable_credits,False,0.0,0.0,True,,,False,,0.0,0.0,False,,0.0,0.0,False,,0.0,0.0,False,,0.0,0.0,False,
scenario_088,TX,free_school_meals_eligible,False,0.0,0.0,True,0.0,0.0,False,,0.0,0.0,False,0.0,0.0,0.0,False,0.0,0.0,0.0,False,0.0,0.0,0.0,False,0.0
scenario_088,TX,local_income_tax,False,0.0,0.0,True,,,False,,0.0,0.0,False,,0.0,0.0,False,,0.0,0.0,False,,0.0,0.0,False,
scenario_088,TX,payroll_tax,False,1421.1448974609375,1421.1448974609375,True,,,False,,1421.1448974609375,0.0,False,,1421.1448974609375,0.0,False,,1421.1448974609375,0.0,False,,1421.1448974609375,0.0,False,
scenario_088,TX,head_chip_eligible,False,0.0,0.0,True,0.0,0.0,False,,0.0,0.0,False,0.0,0.0,0.0,False,0.0,0.0,0.0,False,0.0,0.0,0.0,False,0.0
scenario_088,TX,head_medicaid_eligible,False,0.0,0.0,True,0.0,0.0,False,,0.0,0.0,False,0.0,0.0,0.0,False,0.0,0.0,0.0,False,0.0,0.0,0.0,False,0.0
scenario_088,TX,head_medicare_eligible,False,0.0,0.0,True,0.0,0.0,False,,0.0,0.0,False,0.0,0.0,0.0,False,0.0,0.0,0.0,False,0.0,0.0,0.0,False,0.0
scenario_088,TX,head_wic_eligible,False,0.0,0.0,True,0.0,0.0,False,,0.0,0.0,False,0.0,0.0,0.0,False,0.0,0.0,0.0,False,0.0,0.0,0.0,False,0.0
scenario_088,TX,reduced_price_school_meals_eligible,False,0.0,0.0,True,0.0,0.0,False,,0.0,0.0,False,0.0,0.0,0.0,False,0.0,0.0,0.0,False,0.0,0.0,0.0,False,0.0
scenario_088,TX,self_employment_tax,False,0.0,0.0,True,,,False,,0.0,0.0,False,,0.0,0.0,False,,0.0,0.0,False,,0.0,0.0,False,
scenario_088,TX,snap,False,0.0,0.0,True,,,False,,0.0,0.0,False,,0.0,0.0,False,,0.0,0.0,False,,0.0,0.0,False,
scenario_088,TX,ssi,False,0.0,0.0,True,,,False,,0.0,0.0,False,,0.0,0.0,False,,0.0,0.0,False,,0.0,0.0,False,
scenario_088,TX,state_income_tax_before_refundable_credits,False,0.0,0.0,True,,,False,,0.0,0.0,False,,0.0,0.0,False,,0.0,0.0,False,,0.0,0.0,False,
scenario_088,TX,state_refundable_credits,False,0.0,0.0,True,,,False,,0.0,0.0,False,,0.0,0.0,False,,0.0,0.0,False,,0.0,0.0,False,
scenario_088,TX,tanf,False,0.0,0.0,True,,,False,,0.0,0.0,False,,0.0,0.0,False,,0.0,0.0,False,,0.0,0.0,False,
scenario_089,NC,federal_income_tax_before_refundable_credits,False,6819.7119140625,6819.7119140625,True,,,False,,6819.7119140625,0.0,False,,6819.7119140625,0.0,False,,6819.7119140625,0.0,False,,6819.7119140625,0.0,False,
scenario_089,NC,federal_refundable_credits,False,0.0,0.0,True,,,False,,0.0,0.0,False,,0.0,0.0,False,,0.0,0.0,False,,0.0,0.0,False,
scenario_089,NC,free_school_meals_eligible,False,0.0,0.0,True,0.0,0.0,False,,0.0,0.0,False,0.0,0.0,0.0,False,0.0,0.0,0.0,False,0.0,0.0,0.0,False,0.0
scenario_089,NC,local_income_tax,False,0.0,0.0,True,,,False,,0.0,0.0,False,,0.0,0.0,False,,0.0,0.0,False,,0.0,0.0,False,
scenario_089,NC,payroll_tax,False,5039.91015625,5039.91015625,True,,,False,,5039.91015625,0.0,False,,5039.91015625,0.0,False,,5039.91015625,0.0,False,,5039.91015625,0.0,False,
scenario_089,NC,head_chip_eligible,False,0.0,0.0,True,0.0,0.0,False,,0.0,0.0,False,0.0,0.0,0.0,False,0.0,0.0,0.0,False,0.0,0.0,0.0,False,0.0
scenario_089,NC,spouse_chip_eligible,False,0.0,0.0,True,0.0,0.0,False,,0.0,0.0,False,0.0,0.0,0.0,False,0.0,0.0,0.0,False,0.0,0.0,0.0,False,0.0
scenario_089,NC,head_medicaid_eligible,False,0.0,0.0,True,0.0,0.0,False,,0.0,0.0,False,0.0,0.0,0.0,False,0.0,0.0,0.0,False,0.0,0.0,0.0,False,0.0
scenario_089,NC,spouse_medicaid_eligible,False,0.0,0.0,True,0.0,0.0,False,,0.0,0.0,False,0.0,0.0,0.0,False,0.0,0.0,0.0,False,0.0,0.0,0.0,False,0.0
scenario_089,NC,head_medicare_eligible,False,0.0,0.0,True,0.0,0.0,False,,0.0,0.0,False,0.0,0.0,0.0,False,0.0,0.0,0.0,False,0.0,0.0,0.0,False,0.0
scenario_089,NC,spouse_medicare_eligible,False,0.0,0.0,True,0.0,0.0,False,,0.0,0.0,False,0.0,0.0,0.0,False,0.0,0.0,0.0,False,0.0,0.0,0.0,False,0.0
scenario_089,NC,head_wic_eligible,False,0.0,0.0,True,0.0,0.0,False,,0.0,0.0,False,0.0,0.0,0.0,False,0.0,0.0,0.0,False,0.0,0.0,0.0,False,0.0
scenario_089,NC,spouse_wic_eligible,False,0.0,0.0,True,0.0,0.0,False,,0.0,0.0,False,0.0,0.0,0.0,False,0.0,0.0,0.0,False,0.0,0.0,0.0,False,0.0
scenario_089,NC,reduced_price_school_meals_eligible,False,0.0,0.0,True,0.0,0.0,False,,0.0,0.0,False,0.0,0.0,0.0,False,0.0,0.0,0.0,False,0.0,0.0,0.0,False,0.0
scenario_089,NC,self_employment_tax,False,4286.24072265625,4286.24072265625,True,,,False,,4286.24072265625,0.0,False,,4286.24072265625,0.0,False,,4286.24072265625,0.0,False,,4286.24072265625,0.0,False,
scenario_089,NC,snap,False,0.0,0.0,True,,,False,,0.0,0.0,False,,0.0,0.0,False,,0.0,0.0,False,,0.0,0.0,False,
scenario_089,NC,ssi,False,0.0,0.0,True,,,False,,0.0,0.0,False,,0.0,0.0,False,,0.0,0.0,False,,0.0,0.0,False,
scenario_089,NC,state_income_tax_before_refundable_credits,False,3219.935302734375,3219.935302734375,True,,,False,,3219.935302734375,0.0,False,,3219.935302734375,0.0,False,,3219.935302734375,0.0,False,,3219.935302734375,0.0,False,
scenario_089,NC,state_refundable_credits,False,0.0,0.0,True,,,False,,0.0,0.0,False,,0.0,0.0,False,,0.0,0.0,False,,0.0,0.0,False,
scenario_089,NC,tanf,False,0.0,0.0,True,,,False,,0.0,0.0,False,,0.0,0.0,False,,0.0,0.0,False,,0.0,0.0,False,
scenario_090,KS,federal_income_tax_before_refundable_credits,False,0.0,0.0,True,,,False,,0.0,0.0,False,,0.0,0.0,False,,0.0,0.0,False,,0.0,0.0,False,
scenario_090,KS,federal_refundable_credits,False,0.0,0.0,True,,,False,,0.0,0.0,False,,0.0,0.0,False,,0.0,0.0,False,,0.0,0.0,False,
scenario_090,KS,free_school_meals_eligible,False,0.0,0.0,True,0.0,0.0,False,,0.0,0.0,False,0.0,0.0,0.0,False,0.0,0.0,0.0,False,0.0,0.0,0.0,False,0.0
scenario_090,KS,local_income_tax,False,0.0,0.0,True,,,False,,0.0,0.0,False,,0.0,0.0,False,,0.0,0.0,False,,0.0,0.0,False,
scenario_090,KS,payroll_tax,False,535.5,535.5,True,,,False,,535.5,0.0,False,,535.5,0.0,False,,535.5,0.0,False,,535.5,0.0,False,
scenario_090,KS,head_chip_eligible,False,0.0,0.0,True,0.0,0.0,False,,0.0,0.0,False,0.0,0.0,0.0,False,0.0,0.0,0.0,False,0.0,0.0,0.0,False,0.0
scenario_090,KS,head_medicaid_eligible,False,0.0,0.0,True,0.0,0.0,False,,0.0,0.0,False,0.0,0.0,0.0,False,0.0,0.0,0.0,False,0.0,0.0,0.0,False,0.0
scenario_090,KS,head_medicare_eligible,False,0.0,0.0,True,0.0,0.0,False,,0.0,0.0,False,0.0,0.0,0.0,False,0.0,0.0,0.0,False,0.0,0.0,0.0,False,0.0
scenario_090,KS,head_wic_eligible,False,0.0,0.0,True,0.0,0.0,False,,0.0,0.0,False,0.0,0.0,0.0,False,0.0,0.0,0.0,False,0.0,0.0,0.0,False,0.0
scenario_090,KS,reduced_price_school_meals_eligible,False,0.0,0.0,True,0.0,0.0,False,,0.0,0.0,False,0.0,0.0,0.0,False,0.0,0.0,0.0,False,0.0,0.0,0.0,False,0.0
scenario_090,KS,self_employment_tax,False,0.0,0.0,True,,,False,,0.0,0.0,False,,0.0,0.0,False,,0.0,0.0,False,,0.0,0.0,False,
scenario_090,KS,snap,False,0.0,0.0,True,,,False,,0.0,0.0,False,,0.0,0.0,False,,0.0,0.0,False,,0.0,0.0,False,
scenario_090,KS,ssi,False,0.0,0.0,True,,,False,,0.0,0.0,False,,0.0,0.0,False,,0.0,0.0,False,,0.0,0.0,False,
scenario_090,KS,state_income_tax_before_refundable_credits,False,0.0,0.0,True,,,False,,0.0,0.0,False,,0.0,0.0,False,,0.0,0.0,False,,0.0,0.0,False,
scenario_090,KS,state_refundable_credits,False,0.0,0.0,True,,,False,,0.0,0.0,False,,0.0,0.0,False,,0.0,0.0,False,,0.0,0.0,False,
scenario_090,KS,tanf,False,0.0,0.0,True,,,False,,0.0,0.0,False,,0.0,0.0,False,,0.0,0.0,False,,0.0,0.0,False,
scenario_091,WI,federal_income_tax_before_refundable_credits,False,1349.998779296875,1349.998779296875,True,,,False,,1349.998779296875,0.0,False,,1349.998779296875,0.0,False,,1349.998779296875,0.0,False,,1349.998779296875,0.0,False,
scenario_091,WI,federal_refundable_credits,False,0.0,0.0,True,,,False,,0.0,0.0,False,,0.0,0.0,False,,0.0,0.0,False,,0.0,0.0,False,
scenario_091,WI,free_school_meals_eligible,False,0.0,0.0,True,0.0,0.0,False,,0.0,0.0,False,0.0,0.0,0.0,False,0.0,0.0,0.0,False,0.0,0.0,0.0,False,0.0
scenario_091,WI,local_income_tax,False,0.0,0.0,True,,,False,,0.0,0.0,False,,0.0,0.0,False,,0.0,0.0,False,,0.0,0.0,False,
scenario_091,WI,payroll_tax,False,2065.5,2065.5,True,,,False,,2065.5,0.0,False,,2065.5,0.0,False,,2065.5,0.0,False,,2065.5,0.0,False,
scenario_091,WI,head_chip_eligible,False,0.0,0.0,True,0.0,0.0,False,,0.0,0.0,False,0.0,0.0,0.0,False,0.0,0.0,0.0,False,0.0,0.0,0.0,False,0.0
scenario_091,WI,head_medicaid_eligible,False,0.0,0.0,True,0.0,0.0,False,,0.0,0.0,False,0.0,0.0,0.0,False,0.0,0.0,0.0,False,0.0,0.0,0.0,False,0.0
scenario_091,WI,head_medicare_eligible,False,0.0,0.0,True,0.0,0.0,False,,0.0,0.0,False,0.0,0.0,0.0,False,0.0,0.0,0.0,False,0.0,0.0,0.0,False,0.0
scenario_091,WI,head_wic_eligible,False,0.0,0.0,True,0.0,0.0,False,,0.0,0.0,False,0.0,0.0,0.0,False,0.0,0.0,0.0,False,0.0,0.0,0.0,False,0.0
scenario_091,WI,reduced_price_school_meals_eligible,False,0.0,0.0,True,0.0,0.0,False,,0.0,0.0,False,0.0,0.0,0.0,False,0.0,0.0,0.0,False,0.0,0.0,0.0,False,0.0
scenario_091,WI,self_employment_tax,False,0.0,0.0,True,,,False,,0.0,0.0,False,,0.0,0.0,False,,0.0,0.0,False,,0.0,0.0,False,
scenario_091,WI,snap,False,0.0,0.0,True,,,False,,0.0,0.0,False,,0.0,0.0,False,,0.0,0.0,False,,0.0,0.0,False,
scenario_091,WI,ssi,False,0.0,0.0,True,,,False,,0.0,0.0,False,,0.0,0.0,False,,0.0,0.0,False,,0.0,0.0,False,
scenario_091,WI,state_income_tax_before_refundable_credits,False,843.6614990234375,895.8131103515625,False,,,True,reference_engine_defect,895.8131103515625,0.0,False,,895.8131103515625,0.0,False,,895.8131103515625,0.0,False,,895.8131103515625,0.0,False,
scenario_091,WI,state_refundable_credits,False,0.0,0.0,True,,,False,,0.0,0.0,False,,0.0,0.0,False,,0.0,0.0,False,,0.0,0.0,False,
scenario_091,WI,tanf,False,0.0,0.0,True,,,False,,0.0,0.0,False,,0.0,0.0,False,,0.0,0.0,False,,0.0,0.0,False,
scenario_092,AL,federal_income_tax_before_refundable_credits,True,0.0,0.0,True,,,False,,0.0,0.0,False,,0.0,0.0,False,,0.0,0.0,False,,0.0,0.0,False,
scenario_092,AL,federal_refundable_credits,True,0.0,0.0,True,,,False,,0.0,0.0,False,,0.0,0.0,False,,0.0,0.0,False,,0.0,0.0,False,
scenario_092,AL,free_school_meals_eligible,True,0.0,0.0,True,0.0,0.0,False,,0.0,0.0,False,0.0,0.0,0.0,False,0.0,0.0,0.0,False,0.0,0.0,0.0,False,0.0
scenario_092,AL,local_income_tax,True,0.0,0.0,True,,,False,,0.0,0.0,False,,0.0,0.0,False,,0.0,0.0,False,,0.0,0.0,False,
scenario_092,AL,payroll_tax,True,0.0,0.0,True,,,False,,0.0,0.0,False,,0.0,0.0,False,,0.0,0.0,False,,0.0,0.0,False,
scenario_092,AL,head_chip_eligible,True,0.0,0.0,True,0.0,0.0,False,,0.0,0.0,False,0.0,0.0,0.0,False,0.0,0.0,0.0,False,0.0,0.0,0.0,False,0.0
scenario_092,AL,head_medicaid_eligible,True,0.0,0.0,True,0.0,0.0,False,,0.0,0.0,False,0.0,0.0,0.0,False,0.0,0.0,0.0,False,0.0,0.0,0.0,False,0.0
scenario_092,AL,head_medicare_eligible,True,1.0,1.0,True,5285.2001953125,12065.2001953125,False,,1.0,0.0,False,12065.2001953125,1.0,0.0,False,0.0,1.0,0.0,False,0.0,1.0,0.0,False,12065.2001953125
scenario_092,AL,head_wic_eligible,True,0.0,0.0,True,0.0,0.0,False,,0.0,0.0,False,0.0,0.0,0.0,False,0.0,0.0,0.0,False,0.0,0.0,0.0,False,0.0
scenario_092,AL,reduced_price_school_meals_eligible,True,0.0,0.0,True,0.0,0.0,False,,0.0,0.0,False,0.0,0.0,0.0,False,0.0,0.0,0.0,False,0.0,0.0,0.0,False,0.0
scenario_092,AL,self_employment_tax,True,0.0,0.0,True,,,False,,0.0,0.0,False,,0.0,0.0,False,,0.0,0.0,False,,0.0,0.0,False,
scenario_092,AL,snap,True,0.0,0.0,True,,,False,,0.0,0.0,False,,0.0,0.0,False,,0.0,0.0,False,,0.0,0.0,False,
scenario_092,AL,ssi,True,0.0,0.0,True,,,False,,0.0,0.0,False,,0.0,0.0,False,,0.0,0.0,False,,0.0,0.0,False,
scenario_092,AL,state_income_tax_before_refundable_credits,True,0.0,0.0,True,,,False,,0.0,0.0,False,,0.0,0.0,False,,0.0,0.0,False,,0.0,0.0,False,
scenario_092,AL,state_refundable_credits,True,0.0,0.0,True,,,False,,0.0,0.0,False,,0.0,0.0,False,,0.0,0.0,False,,0.0,0.0,False,
scenario_092,AL,tanf,True,0.0,0.0,True,,,False,,0.0,0.0,False,,0.0,0.0,False,,0.0,0.0,False,,0.0,0.0,False,
scenario_093,MO,federal_income_tax_before_refundable_credits,False,8628.990234375,8628.990234375,True,,,False,,8628.990234375,0.0,False,,8628.990234375,0.0,False,,8628.990234375,0.0,False,,8628.990234375,0.0,False,
scenario_093,MO,federal_refundable_credits,False,0.0,0.0,True,,,False,,0.0,0.0,False,,0.0,0.0,False,,0.0,0.0,False,,0.0,0.0,False,
scenario_093,MO,free_school_meals_eligible,False,0.0,0.0,True,0.0,0.0,False,,0.0,0.0,False,0.0,0.0,0.0,False,0.0,0.0,0.0,False,0.0,0.0,0.0,False,0.0
scenario_093,MO,local_income_tax,False,0.0,0.0,True,,,False,,0.0,0.0,False,,0.0,0.0,False,,0.0,0.0,False,,0.0,0.0,False,
scenario_093,MO,payroll_tax,False,12469.5,12469.5,True,,,False,,12469.5,0.0,False,,12469.5,0.0,False,,12469.5,0.0,False,,12469.5,0.0,False,
scenario_093,MO,head_chip_eligible,False,0.0,0.0,True,0.0,0.0,False,,0.0,0.0,False,0.0,0.0,0.0,False,0.0,0.0,0.0,False,0.0,0.0,0.0,False,0.0
scenario_093,MO,spouse_chip_eligible,False,0.0,0.0,True,0.0,0.0,False,,0.0,0.0,False,0.0,0.0,0.0,False,0.0,0.0,0.0,False,0.0,0.0,0.0,False,0.0
scenario_093,MO,dependent1_chip_eligible,False,0.0,0.0,True,0.0,0.0,False,,0.0,0.0,False,0.0,0.0,0.0,False,0.0,0.0,0.0,False,0.0,0.0,0.0,False,0.0
scenario_093,MO,head_medicaid_eligible,False,0.0,0.0,True,0.0,0.0,False,,0.0,0.0,False,0.0,0.0,0.0,False,0.0,0.0,0.0,False,0.0,0.0,0.0,False,0.0
scenario_093,MO,spouse_medicaid_eligible,False,0.0,0.0,True,0.0,0.0,False,,0.0,0.0,False,0.0,0.0,0.0,False,0.0,0.0,0.0,False,0.0,0.0,0.0,False,0.0
scenario_093,MO,dependent1_medicaid_eligible,False,0.0,0.0,True,0.0,0.0,False,,0.0,0.0,False,0.0,0.0,0.0,False,0.0,0.0,0.0,False,0.0,0.0,0.0,False,0.0
scenario_093,MO,head_medicare_eligible,False,0.0,0.0,True,0.0,0.0,False,,0.0,0.0,False,0.0,0.0,0.0,False,0.0,0.0,0.0,False,0.0,0.0,0.0,False,0.0
scenario_093,MO,spouse_medicare_eligible,False,0.0,0.0,True,0.0,0.0,False,,0.0,0.0,False,0.0,0.0,0.0,False,0.0,0.0,0.0,False,0.0,0.0,0.0,False,0.0
scenario_093,MO,dependent1_medicare_eligible,False,0.0,0.0,True,0.0,0.0,False,,0.0,0.0,False,0.0,0.0,0.0,False,0.0,0.0,0.0,False,0.0,0.0,0.0,False,0.0
scenario_093,MO,head_wic_eligible,False,0.0,0.0,True,0.0,0.0,False,,0.0,0.0,False,0.0,0.0,0.0,False,0.0,0.0,0.0,False,0.0,0.0,0.0,False,0.0
scenario_093,MO,spouse_wic_eligible,False,0.0,0.0,True,0.0,0.0,False,,0.0,0.0,False,0.0,0.0,0.0,False,0.0,0.0,0.0,False,0.0,0.0,0.0,False,0.0
scenario_093,MO,dependent1_wic_eligible,False,0.0,0.0,True,0.0,0.0,False,,0.0,0.0,False,0.0,0.0,0.0,False,0.0,0.0,0.0,False,0.0,0.0,0.0,False,0.0
scenario_093,MO,reduced_price_school_meals_eligible,False,0.0,0.0,True,0.0,0.0,False,,0.0,0.0,False,0.0,0.0,0.0,False,0.0,0.0,0.0,False,0.0,0.0,0.0,False,0.0
scenario_093,MO,self_employment_tax,False,0.0,0.0,True,,,False,,0.0,0.0,False,,0.0,0.0,False,,0.0,0.0,False,,0.0,0.0,False,
scenario_093,MO,snap,False,0.0,0.0,True,,,False,,0.0,0.0,False,,0.0,0.0,False,,0.0,0.0,False,,0.0,0.0,False,
scenario_093,MO,ssi,False,0.0,0.0,True,,,False,,0.0,0.0,False,,0.0,0.0,False,,0.0,0.0,False,,0.0,0.0,False,
scenario_093,MO,state_income_tax_before_refundable_credits,False,3388.24560546875,3388.24560546875,True,,,False,,3388.24560546875,0.0,False,,3388.24560546875,0.0,False,,3388.24560546875,0.0,False,,3388.24560546875,0.0,False,
scenario_093,MO,state_refundable_credits,False,0.0,0.0,True,,,False,,0.0,0.0,False,,0.0,0.0,False,,0.0,0.0,False,,0.0,0.0,False,
scenario_093,MO,tanf,False,0.0,0.0,True,,,False,,0.0,0.0,False,,0.0,0.0,False,,0.0,0.0,False,,0.0,0.0,False,
scenario_095,NJ,federal_income_tax_before_refundable_credits,True,0.0,0.0,True,,,False,,0.0,0.0,False,,0.0,0.0,False,,0.0,0.0,False,,0.0,0.0,False,
scenario_095,NJ,federal_refundable_credits,True,0.0,0.0,True,,,False,,0.0,0.0,False,,0.0,0.0,False,,0.0,0.0,False,,0.0,0.0,False,
scenario_095,NJ,free_school_meals_eligible,True,0.0,0.0,True,0.0,0.0,False,,0.0,0.0,False,0.0,0.0,0.0,False,0.0,0.0,0.0,False,0.0,0.0,0.0,False,0.0
scenario_095,NJ,local_income_tax,True,0.0,0.0,True,,,False,,0.0,0.0,False,,0.0,0.0,False,,0.0,0.0,False,,0.0,0.0,False,
scenario_095,NJ,payroll_tax,True,0.0,0.0,True,,,False,,0.0,0.0,False,,0.0,0.0,False,,0.0,0.0,False,,0.0,0.0,False,
scenario_095,NJ,head_chip_eligible,True,0.0,0.0,True,0.0,0.0,False,,0.0,0.0,False,0.0,0.0,0.0,False,0.0,0.0,0.0,False,0.0,0.0,0.0,False,0.0
scenario_095,NJ,head_medicaid_eligible,True,0.0,0.0,True,0.0,0.0,False,,0.0,0.0,False,0.0,0.0,0.0,False,0.0,0.0,0.0,False,0.0,0.0,0.0,False,0.0
scenario_095,NJ,head_medicare_eligible,True,1.0,1.0,True,5285.2001953125,12065.2001953125,False,,1.0,0.0,False,12065.2001953125,1.0,0.0,False,0.0,1.0,0.0,False,0.0,1.0,0.0,False,12065.2001953125
scenario_095,NJ,head_wic_eligible,True,0.0,0.0,True,0.0,0.0,False,,0.0,0.0,False,0.0,0.0,0.0,False,0.0,0.0,0.0,False,0.0,0.0,0.0,False,0.0
scenario_095,NJ,reduced_price_school_meals_eligible,True,0.0,0.0,True,0.0,0.0,False,,0.0,0.0,False,0.0,0.0,0.0,False,0.0,0.0,0.0,False,0.0,0.0,0.0,False,0.0
scenario_095,NJ,self_employment_tax,True,593.2291259765625,593.2291259765625,True,,,False,,593.2291259765625,0.0,False,,593.2291259765625,0.0,False,,593.2291259765625,0.0,False,,593.2291259765625,0.0,False,
scenario_095,NJ,snap,True,0.0,0.0,True,,,False,,0.0,0.0,False,,0.0,0.0,False,,0.0,0.0,False,,0.0,0.0,False,
scenario_095,NJ,ssi,True,0.0,0.0,True,,,False,,0.0,0.0,False,,0.0,0.0,False,,0.0,0.0,False,,0.0,0.0,False,
scenario_095,NJ,state_income_tax_before_refundable_credits,True,0.0,0.0,True,,,False,,0.0,0.0,False,,0.0,0.0,False,,0.0,0.0,False,,0.0,0.0,False,
scenario_095,NJ,state_refundable_credits,True,0.0,0.0,True,,,False,,0.0,0.0,False,,0.0,0.0,False,,0.0,0.0,False,,0.0,0.0,False,
scenario_095,NJ,tanf,True,0.0,0.0,True,,,False,,0.0,0.0,False,,0.0,0.0,False,,0.0,0.0,False,,0.0,0.0,False,
scenario_098,IL,federal_income_tax_before_refundable_credits,True,0.0,0.0,True,,,False,,0.0,0.0,False,,0.0,0.0,False,,0.0,0.0,False,,0.0,0.0,False,
scenario_098,IL,federal_refundable_credits,True,0.0,0.0,True,,,False,,0.0,0.0,False,,0.0,0.0,False,,0.0,0.0,False,,0.0,0.0,False,
scenario_098,IL,free_school_meals_eligible,True,0.0,0.0,True,0.0,0.0,False,,0.0,0.0,False,0.0,0.0,0.0,False,0.0,0.0,0.0,False,0.0,0.0,0.0,False,0.0
scenario_098,IL,local_income_tax,True,0.0,0.0,True,,,False,,0.0,0.0,False,,0.0,0.0,False,,0.0,0.0,False,,0.0,0.0,False,
scenario_098,IL,payroll_tax,True,0.0,0.0,True,,,False,,0.0,0.0,False,,0.0,0.0,False,,0.0,0.0,False,,0.0,0.0,False,
scenario_098,IL,head_chip_eligible,True,0.0,0.0,True,0.0,0.0,False,,0.0,0.0,False,0.0,0.0,0.0,False,0.0,0.0,0.0,False,0.0,0.0,0.0,False,0.0
scenario_098,IL,head_medicaid_eligible,True,0.0,0.0,True,0.0,0.0,False,,0.0,0.0,False,0.0,0.0,0.0,False,0.0,0.0,0.0,False,0.0,0.0,0.0,False,0.0
scenario_098,IL,head_medicare_eligible,True,1.0,1.0,True,5285.2001953125,12065.2001953125,False,,1.0,0.0,False,12065.2001953125,1.0,0.0,False,0.0,1.0,0.0,False,0.0,1.0,0.0,False,12065.2001953125
scenario_098,IL,head_wic_eligible,True,0.0,0.0,True,0.0,0.0,False,,0.0,0.0,False,0.0,0.0,0.0,False,0.0,0.0,0.0,False,0.0,0.0,0.0,False,0.0
scenario_098,IL,reduced_price_school_meals_eligible,True,0.0,0.0,True,0.0,0.0,False,,0.0,0.0,False,0.0,0.0,0.0,False,0.0,0.0,0.0,False,0.0,0.0,0.0,False,0.0
scenario_098,IL,self_employment_tax,True,0.0,0.0,True,,,False,,0.0,0.0,False,,0.0,0.0,False,,0.0,0.0,False,,0.0,0.0,False,
scenario_098,IL,snap,True,0.0,0.0,True,,,False,,0.0,0.0,False,,0.0,0.0,False,,0.0,0.0,False,,0.0,0.0,False,
scenario_098,IL,ssi,True,0.0,0.0,True,,,False,,0.0,0.0,False,,0.0,0.0,False,,0.0,0.0,False,,0.0,0.0,False,
scenario_098,IL,state_income_tax_before_refundable_credits,True,0.0,0.0,True,,,False,,0.0,0.0,False,,0.0,0.0,False,,0.0,0.0,False,,0.0,0.0,False,
scenario_098,IL,state_refundable_credits,True,0.0,0.0,True,,,False,,0.0,0.0,False,,0.0,0.0,False,,0.0,0.0,False,,0.0,0.0,False,
scenario_098,IL,tanf,True,0.0,0.0,True,,,False,,0.0,0.0,False,,0.0,0.0,False,,0.0,0.0,False,,0.0,0.0,False,
scenario_099,CA,federal_income_tax_before_refundable_credits,False,10679.75,10679.75,True,,,True,reference_engine_defect,10679.75,0.0,False,,10679.75,0.0,False,,10679.75,0.0,False,,10679.75,0.0,False,
scenario_099,CA,federal_refundable_credits,False,0.0,0.0,True,,,False,,0.0,0.0,False,,0.0,0.0,False,,0.0,0.0,False,,0.0,0.0,False,
scenario_099,CA,free_school_meals_eligible,False,1.0,1.0,True,1130.9622802734375,1142.2381591796875,False,,1.0,0.0,False,1142.2381591796875,1.0,0.0,False,1142.2381591796875,1.0,0.0,False,1142.2381591796875,1.0,0.0,False,1142.2381591796875
scenario_099,CA,local_income_tax,False,0.0,0.0,True,,,False,,0.0,0.0,False,,0.0,0.0,False,,0.0,0.0,False,,0.0,0.0,False,
scenario_099,CA,payroll_tax,False,14767.5,14767.5,True,,,False,,14767.5,0.0,False,,14767.5,0.0,False,,14767.5,0.0,False,,14767.5,0.0,False,
scenario_099,CA,head_chip_eligible,False,0.0,0.0,True,0.0,0.0,False,,0.0,0.0,False,0.0,0.0,0.0,False,0.0,0.0,0.0,False,0.0,0.0,0.0,False,0.0
scenario_099,CA,spouse_chip_eligible,False,0.0,0.0,True,0.0,0.0,False,,0.0,0.0,False,0.0,0.0,0.0,False,0.0,0.0,0.0,False,0.0,0.0,0.0,False,0.0
scenario_099,CA,child1_chip_eligible,False,0.0,0.0,True,0.0,0.0,False,,0.0,0.0,False,0.0,0.0,0.0,False,0.0,0.0,0.0,False,0.0,0.0,0.0,False,0.0
scenario_099,CA,child2_chip_eligible,False,0.0,0.0,True,0.0,0.0,False,,0.0,0.0,False,0.0,0.0,0.0,False,0.0,0.0,0.0,False,0.0,0.0,0.0,False,0.0
scenario_099,CA,child1_early_head_start_eligible,False,0.0,0.0,True,0.0,0.0,False,,0.0,0.0,False,0.0,0.0,0.0,False,0.0,0.0,0.0,False,0.0,0.0,0.0,False,0.0
scenario_099,CA,child2_early_head_start_eligible,False,0.0,0.0,True,0.0,0.0,False,,0.0,0.0,False,0.0,0.0,0.0,False,0.0,0.0,0.0,False,0.0,0.0,0.0,False,0.0
scenario_099,CA,child1_head_start_eligible,False,0.0,0.0,True,0.0,0.0,False,,0.0,0.0,False,0.0,0.0,0.0,False,0.0,0.0,0.0,False,0.0,0.0,0.0,False,0.0
scenario_099,CA,child2_head_start_eligible,False,0.0,0.0,True,0.0,0.0,False,,0.0,0.0,False,0.0,0.0,0.0,False,0.0,0.0,0.0,False,0.0,0.0,0.0,False,0.0
scenario_099,CA,head_medicaid_eligible,False,0.0,0.0,True,0.0,0.0,False,,0.0,0.0,False,0.0,0.0,0.0,False,0.0,0.0,0.0,False,0.0,0.0,0.0,False,0.0
scenario_099,CA,spouse_medicaid_eligible,False,0.0,0.0,True,0.0,0.0,False,,0.0,0.0,False,0.0,0.0,0.0,False,0.0,0.0,0.0,False,0.0,0.0,0.0,False,0.0
scenario_099,CA,child1_medicaid_eligible,False,0.0,0.0,True,0.0,0.0,False,,0.0,0.0,False,0.0,0.0,0.0,False,0.0,0.0,0.0,False,0.0,0.0,0.0,False,0.0
scenario_099,CA,child2_medicaid_eligible,False,0.0,0.0,True,0.0,0.0,False,,0.0,0.0,False,0.0,0.0,0.0,False,0.0,0.0,0.0,False,0.0,0.0,0.0,False,0.0
scenario_099,CA,head_medicare_eligible,False,0.0,0.0,True,0.0,0.0,False,,0.0,0.0,False,0.0,0.0,0.0,False,0.0,0.0,0.0,False,0.0,0.0,0.0,False,0.0
scenario_099,CA,spouse_medicare_eligible,False,0.0,0.0,True,0.0,0.0,False,,0.0,0.0,False,0.0,0.0,0.0,False,0.0,0.0,0.0,False,0.0,0.0,0.0,False,0.0
scenario_099,CA,child1_medicare_eligible,False,0.0,0.0,True,0.0,0.0,False,,0.0,0.0,False,0.0,0.0,0.0,False,0.0,0.0,0.0,False,0.0,0.0,0.0,False,0.0
scenario_099,CA,child2_medicare_eligible,False,0.0,0.0,True,0.0,0.0,False,,0.0,0.0,False,0.0,0.0,0.0,False,0.0,0.0,0.0,False,0.0,0.0,0.0,False,0.0
scenario_099,CA,head_wic_eligible,False,0.0,0.0,True,0.0,0.0,False,,0.0,0.0,False,0.0,0.0,0.0,False,0.0,0.0,0.0,False,0.0,0.0,0.0,False,0.0
scenario_099,CA,spouse_wic_eligible,False,0.0,0.0,True,0.0,0.0,False,,0.0,0.0,False,0.0,0.0,0.0,False,0.0,0.0,0.0,False,0.0,0.0,0.0,False,0.0
scenario_099,CA,child1_wic_eligible,False,0.0,0.0,True,0.0,0.0,False,,0.0,0.0,False,0.0,0.0,0.0,False,0.0,0.0,0.0,False,0.0,0.0,0.0,False,0.0
scenario_099,CA,child2_wic_eligible,False,0.0,0.0,True,0.0,0.0,False,,0.0,0.0,False,0.0,0.0,0.0,False,0.0,0.0,0.0,False,0.0,0.0,0.0,False,0.0
scenario_099,CA,reduced_price_school_meals_eligible,False,0.0,0.0,True,0.0,0.0,False,,0.0,0.0,False,0.0,0.0,0.0,False,0.0,0.0,0.0,False,0.0,0.0,0.0,False,0.0
scenario_099,CA,self_employment_tax,False,0.0,0.0,True,,,False,,0.0,0.0,False,,0.0,0.0,False,,0.0,0.0,False,,0.0,0.0,False,
scenario_099,CA,snap,False,0.0,0.0,True,,,False,,0.0,0.0,False,,0.0,0.0,False,,0.0,0.0,False,,0.0,0.0,False,
scenario_099,CA,ssi,False,0.0,0.0,True,,,False,,0.0,0.0,False,,0.0,0.0,False,,0.0,0.0,False,,0.0,0.0,False,
scenario_099,CA,state_income_tax_before_refundable_credits,False,4493.7431640625,4640.77734375,False,,,True,reference_engine_defect,4640.77734375,0.0,False,,4640.77734375,0.0,False,,4640.77734375,0.0,False,,4640.77734375,0.0,False,
scenario_099,CA,state_refundable_credits,False,0.0,0.0,True,,,False,,0.0,0.0,False,,0.0,0.0,False,,0.0,0.0,False,,0.0,0.0,False,
scenario_099,CA,tanf,False,0.0,0.0,True,,,False,,0.0,0.0,False,,0.0,0.0,False,,0.0,0.0,False,,0.0,0.0,False,
scenario_100,MT,federal_income_tax_before_refundable_credits,False,0.0,0.0,True,,,False,,0.0,0.0,False,,0.0,0.0,False,,0.0,0.0,False,,0.0,0.0,False,
scenario_100,MT,federal_refundable_credits,False,2878.0966796875,2878.0966796875,True,,,True,reference_engine_defect,2878.0966796875,0.0,False,,2878.0966796875,0.0,False,,2878.0966796875,0.0,False,,2878.0966796875,0.0,False,
scenario_100,MT,free_school_meals_eligible,False,1.0,1.0,True,2261.924560546875,2284.476318359375,False,,1.0,0.0,False,2284.476318359375,1.0,0.0,False,2284.476318359375,1.0,0.0,False,2284.476318359375,1.0,0.0,False,2284.476318359375
scenario_100,MT,local_income_tax,False,0.0,0.0,True,,,False,,0.0,0.0,False,,0.0,0.0,False,,0.0,0.0,False,,0.0,0.0,False,
scenario_100,MT,payroll_tax,False,452.47613525390625,452.47613525390625,True,,,False,,452.47613525390625,0.0,False,,452.47613525390625,0.0,False,,452.47613525390625,0.0,False,,452.47613525390625,0.0,False,
scenario_100,MT,head_chip_eligible,False,0.0,0.0,True,0.0,0.0,False,,0.0,0.0,False,0.0,0.0,0.0,False,0.0,0.0,0.0,False,0.0,0.0,0.0,False,0.0
scenario_100,MT,child1_chip_eligible,False,0.0,0.0,True,0.0,0.0,False,,0.0,0.0,False,0.0,0.0,0.0,False,0.0,0.0,0.0,False,0.0,0.0,0.0,False,0.0
scenario_100,MT,child2_chip_eligible,False,0.0,0.0,True,0.0,0.0,False,,0.0,0.0,False,0.0,0.0,0.0,False,0.0,0.0,0.0,False,0.0,0.0,0.0,False,0.0
scenario_100,MT,child1_early_head_start_eligible,False,0.0,0.0,True,0.0,0.0,False,,0.0,0.0,False,0.0,0.0,0.0,False,0.0,0.0,0.0,False,0.0,0.0,0.0,False,0.0
scenario_100,MT,child2_early_head_start_eligible,False,0.0,0.0,True,0.0,0.0,False,,0.0,0.0,False,0.0,0.0,0.0,False,0.0,0.0,0.0,False,0.0,0.0,0.0,False,0.0
scenario_100,MT,child1_head_start_eligible,False,0.0,0.0,True,0.0,0.0,False,,0.0,0.0,False,0.0,0.0,0.0,False,0.0,0.0,0.0,False,0.0,0.0,0.0,False,0.0
scenario_100,MT,child2_head_start_eligible,False,1.0,1.0,True,19273.044921875,19273.044921875,False,,1.0,0.0,False,19273.044921875,1.0,0.0,False,19273.044921875,1.0,0.0,False,19273.044921875,1.0,0.0,False,19273.044921875
scenario_100,MT,head_medicaid_eligible,False,1.0,1.0,True,16038.5244140625,16038.5244140625,False,,1.0,0.0,False,16038.5244140625,1.0,0.0,False,16038.5244140625,1.0,0.0,False,16038.5244140625,1.0,0.0,False,16038.5244140625
scenario_100,MT,child1_medicaid_eligible,False,1.0,1.0,True,8179.58154296875,8179.58154296875,False,,1.0,0.0,False,8179.58154296875,1.0,0.0,False,8179.58154296875,1.0,0.0,False,8179.58154296875,1.0,0.0,False,8179.58154296875
scenario_100,MT,child2_medicaid_eligible,False,1.0,1.0,True,8179.58154296875,8179.58154296875,False,,1.0,0.0,False,8179.58154296875,1.0,0.0,False,8179.58154296875,1.0,0.0,False,8179.58154296875,1.0,0.0,False,8179.58154296875
scenario_100,MT,head_medicare_eligible,False,0.0,0.0,True,0.0,0.0,False,,0.0,0.0,False,0.0,0.0,0.0,False,0.0,0.0,0.0,False,0.0,0.0,0.0,False,0.0
scenario_100,MT,child1_medicare_eligible,False,0.0,0.0,True,0.0,0.0,False,,0.0,0.0,False,0.0,0.0,0.0,False,0.0,0.0,0.0,False,0.0,0.0,0.0,False,0.0
scenario_100,MT,child2_medicare_eligible,False,0.0,0.0,True,0.0,0.0,False,,0.0,0.0,False,0.0,0.0,0.0,False,0.0,0.0,0.0,False,0.0,0.0,0.0,False,0.0
scenario_100,MT,head_wic_eligible,False,0.0,0.0,True,0.0,0.0,False,,0.0,0.0,False,0.0,0.0,0.0,False,0.0,0.0,0.0,False,0.0,0.0,0.0,False,0.0
scenario_100,MT,child1_wic_eligible,False,0.0,0.0,True,0.0,0.0,False,,0.0,0.0,False,0.0,0.0,0.0,False,0.0,0.0,0.0,False,0.0,0.0,0.0,False,0.0
scenario_100,MT,child2_wic_eligible,False,0.0,0.0,True,0.0,0.0,False,,0.0,0.0,False,0.0,0.0,0.0,False,0.0,0.0,0.0,False,0.0,0.0,0.0,False,0.0
scenario_100,MT,reduced_price_school_meals_eligible,False,0.0,0.0,True,0.0,0.0,False,,0.0,0.0,False,0.0,0.0,0.0,False,0.0,0.0,0.0,False,0.0,0.0,0.0,False,0.0
scenario_100,MT,self_employment_tax,False,0.0,0.0,True,,,False,,0.0,0.0,False,,0.0,0.0,False,,0.0,0.0,False,,0.0,0.0,False,
scenario_100,MT,snap,False,8625.8896484375,8556.0,False,,,True,reference_depends_on_unlisted_input,8556.0,0.0,False,,8556.0,0.0,False,,8556.0,0.0,False,,8556.0,0.0,False,
scenario_100,MT,ssi,False,0.0,0.0,True,,,False,,0.0,0.0,False,,0.0,0.0,False,,0.0,0.0,False,,0.0,0.0,False,
scenario_100,MT,state_income_tax_before_refundable_credits,False,0.0,0.0,True,,,False,,0.0,0.0,False,,0.0,0.0,False,,0.0,0.0,False,,0.0,0.0,False,
scenario_100,MT,state_refundable_credits,False,473.1777038574219,473.1777038574219,True,,,True,reference_engine_defect,473.1777038574219,0.0,False,,473.1777038574219,0.0,False,,473.1777038574219,0.0,False,,473.1777038574219,0.0,False,
scenario_100,MT,tanf,False,6064.958984375,6064.958984375,True,,,False,,6064.958984375,0.0,False,,6064.958984375,0.0,False,,6064.958984375,0.0,False,,6064.958984375,0.0,False,
scenario_101,TX,federal_income_tax_before_refundable_credits,False,13418.599609375,13418.599609375,True,,,False,,13418.599609375,0.0,False,,13418.599609375,0.0,False,,13418.599609375,0.0,False,,13418.599609375,0.0,False,
scenario_101,TX,federal_refundable_credits,False,0.0,0.0,True,,,False,,0.0,0.0,False,,0.0,0.0,False,,0.0,0.0,False,,0.0,0.0,False,
scenario_101,TX,free_school_meals_eligible,False,0.0,0.0,True,0.0,0.0,False,,0.0,0.0,False,0.0,0.0,0.0,False,0.0,0.0,0.0,False,0.0,0.0,0.0,False,0.0
scenario_101,TX,local_income_tax,False,0.0,0.0,True,,,False,,0.0,0.0,False,,0.0,0.0,False,,0.0,0.0,False,,0.0,0.0,False,
scenario_101,TX,payroll_tax,False,7879.5,7879.5,True,,,False,,7879.5,0.0,False,,7879.5,0.0,False,,7879.5,0.0,False,,7879.5,0.0,False,
scenario_101,TX,head_chip_eligible,False,0.0,0.0,True,0.0,0.0,False,,0.0,0.0,False,0.0,0.0,0.0,False,0.0,0.0,0.0,False,0.0,0.0,0.0,False,0.0
scenario_101,TX,head_medicaid_eligible,False,0.0,0.0,True,0.0,0.0,False,,0.0,0.0,False,0.0,0.0,0.0,False,0.0,0.0,0.0,False,0.0,0.0,0.0,False,0.0
scenario_101,TX,head_medicare_eligible,False,0.0,0.0,True,0.0,0.0,False,,0.0,0.0,False,0.0,0.0,0.0,False,0.0,0.0,0.0,False,0.0,0.0,0.0,False,0.0
scenario_101,TX,head_wic_eligible,False,0.0,0.0,True,0.0,0.0,False,,0.0,0.0,False,0.0,0.0,0.0,False,0.0,0.0,0.0,False,0.0,0.0,0.0,False,0.0
scenario_101,TX,reduced_price_school_meals_eligible,False,0.0,0.0,True,0.0,0.0,False,,0.0,0.0,False,0.0,0.0,0.0,False,0.0,0.0,0.0,False,0.0,0.0,0.0,False,0.0
scenario_101,TX,self_employment_tax,False,0.0,0.0,True,,,False,,0.0,0.0,False,,0.0,0.0,False,,0.0,0.0,False,,0.0,0.0,False,
scenario_101,TX,snap,False,0.0,0.0,True,,,False,,0.0,0.0,False,,0.0,0.0,False,,0.0,0.0,False,,0.0,0.0,False,
scenario_101,TX,ssi,False,0.0,0.0,True,,,False,,0.0,0.0,False,,0.0,0.0,False,,0.0,0.0,False,,0.0,0.0,False,
scenario_101,TX,state_income_tax_before_refundable_credits,False,0.0,0.0,True,,,False,,0.0,0.0,False,,0.0,0.0,False,,0.0,0.0,False,,0.0,0.0,False,
scenario_101,TX,state_refundable_credits,False,0.0,0.0,True,,,False,,0.0,0.0,False,,0.0,0.0,False,,0.0,0.0,False,,0.0,0.0,False,
scenario_101,TX,tanf,False,0.0,0.0,True,,,False,,0.0,0.0,False,,0.0,0.0,False,,0.0,0.0,False,,0.0,0.0,False,
scenario_102,NC,federal_income_tax_before_refundable_credits,False,6104.09619140625,6104.09619140625,True,,,False,,6104.09619140625,0.0,False,,6104.09619140625,0.0,False,,6104.09619140625,0.0,False,,6104.09619140625,0.0,False,
scenario_102,NC,federal_refundable_credits,False,0.0,0.0,True,,,False,,0.0,0.0,False,,0.0,0.0,False,,0.0,0.0,False,,0.0,0.0,False,
scenario_102,NC,free_school_meals_eligible,False,0.0,0.0,True,0.0,0.0,False,,0.0,0.0,False,0.0,0.0,0.0,False,0.0,0.0,0.0,False,0.0,0.0,0.0,False,0.0
scenario_102,NC,local_income_tax,False,0.0,0.0,True,,,False,,0.0,0.0,False,,0.0,0.0,False,,0.0,0.0,False,,0.0,0.0,False,
scenario_102,NC,payroll_tax,False,6670.7998046875,6670.7998046875,True,,,False,,6670.7998046875,0.0,False,,6670.7998046875,0.0,False,,6670.7998046875,0.0,False,,6670.7998046875,0.0,False,
scenario_102,NC,head_chip_eligible,False,0.0,0.0,True,0.0,0.0,False,,0.0,0.0,False,0.0,0.0,0.0,False,0.0,0.0,0.0,False,0.0,0.0,0.0,False,0.0
scenario_102,NC,spouse_chip_eligible,False,0.0,0.0,True,0.0,0.0,False,,0.0,0.0,False,0.0,0.0,0.0,False,0.0,0.0,0.0,False,0.0,0.0,0.0,False,0.0
scenario_102,NC,head_medicaid_eligible,False,0.0,0.0,True,0.0,0.0,False,,0.0,0.0,False,0.0,0.0,0.0,False,0.0,0.0,0.0,False,0.0,0.0,0.0,False,0.0
scenario_102,NC,spouse_medicaid_eligible,False,0.0,0.0,True,0.0,0.0,False,,0.0,0.0,False,0.0,0.0,0.0,False,0.0,0.0,0.0,False,0.0,0.0,0.0,False,0.0
scenario_102,NC,head_medicare_eligible,False,0.0,0.0,True,0.0,0.0,False,,0.0,0.0,False,0.0,0.0,0.0,False,0.0,0.0,0.0,False,0.0,0.0,0.0,False,0.0
scenario_102,NC,spouse_medicare_eligible,False,0.0,0.0,True,0.0,0.0,False,,0.0,0.0,False,0.0,0.0,0.0,False,0.0,0.0,0.0,False,0.0,0.0,0.0,False,0.0
scenario_102,NC,head_wic_eligible,False,0.0,0.0,True,0.0,0.0,False,,0.0,0.0,False,0.0,0.0,0.0,False,0.0,0.0,0.0,False,0.0,0.0,0.0,False,0.0
scenario_102,NC,spouse_wic_eligible,False,0.0,0.0,True,0.0,0.0,False,,0.0,0.0,False,0.0,0.0,0.0,False,0.0,0.0,0.0,False,0.0,0.0,0.0,False,0.0
scenario_102,NC,reduced_price_school_meals_eligible,False,0.0,0.0,True,0.0,0.0,False,,0.0,0.0,False,0.0,0.0,0.0,False,0.0,0.0,0.0,False,0.0,0.0,0.0,False,0.0
scenario_102,NC,self_employment_tax,False,0.0,0.0,True,,,False,,0.0,0.0,False,,0.0,0.0,False,,0.0,0.0,False,,0.0,0.0,False,
scenario_102,NC,snap,False,0.0,0.0,True,,,False,,0.0,0.0,False,,0.0,0.0,False,,0.0,0.0,False,,0.0,0.0,False,
scenario_102,NC,ssi,False,0.0,0.0,True,,,False,,0.0,0.0,False,,0.0,0.0,False,,0.0,0.0,False,,0.0,0.0,False,
scenario_102,NC,state_income_tax_before_refundable_credits,False,2461.869873046875,2461.869873046875,True,,,False,,2461.869873046875,0.0,False,,2461.869873046875,0.0,False,,2461.869873046875,0.0,False,,2461.869873046875,0.0,False,
scenario_102,NC,state_refundable_credits,False,0.0,0.0,True,,,False,,0.0,0.0,False,,0.0,0.0,False,,0.0,0.0,False,,0.0,0.0,False,
scenario_102,NC,tanf,False,0.0,0.0,True,,,False,,0.0,0.0,False,,0.0,0.0,False,,0.0,0.0,False,,0.0,0.0,False,
scenario_104,NY,federal_income_tax_before_refundable_credits,True,0.0,0.0,True,,,False,,0.0,0.0,False,,0.0,0.0,False,,0.0,0.0,False,,0.0,0.0,False,
scenario_104,NY,federal_refundable_credits,True,0.0,0.0,True,,,False,,0.0,0.0,False,,0.0,0.0,False,,0.0,0.0,False,,0.0,0.0,False,
scenario_104,NY,free_school_meals_eligible,True,0.0,0.0,True,0.0,0.0,False,,0.0,0.0,False,0.0,0.0,0.0,False,0.0,0.0,0.0,False,0.0,0.0,0.0,False,0.0
scenario_104,NY,local_income_tax,True,0.0,0.0,True,,,False,,0.0,0.0,False,,0.0,0.0,False,,0.0,0.0,False,,0.0,0.0,False,
scenario_104,NY,payroll_tax,True,0.0,0.0,True,,,False,,0.0,0.0,False,,0.0,0.0,False,,0.0,0.0,False,,0.0,0.0,False,
scenario_104,NY,head_chip_eligible,True,0.0,0.0,True,0.0,0.0,False,,0.0,0.0,False,0.0,0.0,0.0,False,0.0,0.0,0.0,False,0.0,0.0,0.0,False,0.0
scenario_104,NY,head_medicaid_eligible,True,0.0,0.0,True,0.0,0.0,False,,0.0,0.0,False,0.0,0.0,0.0,False,0.0,0.0,0.0,False,0.0,0.0,0.0,False,0.0
scenario_104,NY,head_medicare_eligible,True,1.0,1.0,True,5285.2001953125,12065.2001953125,False,,1.0,0.0,False,12065.2001953125,1.0,0.0,False,0.0,1.0,0.0,False,0.0,1.0,0.0,False,12065.2001953125
scenario_104,NY,head_wic_eligible,True,0.0,0.0,True,0.0,0.0,False,,0.0,0.0,False,0.0,0.0,0.0,False,0.0,0.0,0.0,False,0.0,0.0,0.0,False,0.0
scenario_104,NY,reduced_price_school_meals_eligible,True,0.0,0.0,True,0.0,0.0,False,,0.0,0.0,False,0.0,0.0,0.0,False,0.0,0.0,0.0,False,0.0,0.0,0.0,False,0.0
scenario_104,NY,self_employment_tax,True,0.0,0.0,True,,,False,,0.0,0.0,False,,0.0,0.0,False,,0.0,0.0,False,,0.0,0.0,False,
scenario_104,NY,snap,True,0.0,0.0,True,,,False,,0.0,0.0,False,,0.0,0.0,False,,0.0,0.0,False,,0.0,0.0,False,
scenario_104,NY,ssi,True,0.0,0.0,True,,,False,,0.0,0.0,False,,0.0,0.0,False,,0.0,0.0,False,,0.0,0.0,False,
scenario_104,NY,state_income_tax_before_refundable_credits,True,0.0,0.0,True,,,False,,0.0,0.0,False,,0.0,0.0,False,,0.0,0.0,False,,0.0,0.0,False,
scenario_104,NY,state_refundable_credits,True,0.0,0.0,True,,,False,,0.0,0.0,False,,0.0,0.0,False,,0.0,0.0,False,,0.0,0.0,False,
scenario_104,NY,tanf,True,0.0,0.0,True,,,False,,0.0,0.0,False,,0.0,0.0,False,,0.0,0.0,False,,0.0,0.0,False,
scenario_107,OH,federal_income_tax_before_refundable_credits,True,0.0,0.0,True,,,True,reference_depends_on_unlisted_input,0.0,0.0,False,,0.0,0.0,False,,0.0,0.0,False,,0.0,0.0,False,
scenario_107,OH,federal_refundable_credits,True,0.0,0.0,True,,,False,,0.0,0.0,False,,0.0,0.0,False,,0.0,0.0,False,,0.0,0.0,False,
scenario_107,OH,free_school_meals_eligible,True,0.0,0.0,True,0.0,0.0,False,,0.0,0.0,False,0.0,0.0,0.0,False,0.0,0.0,0.0,False,0.0,0.0,0.0,False,0.0
scenario_107,OH,local_income_tax,True,0.0,0.0,True,,,False,,0.0,0.0,False,,0.0,0.0,False,,0.0,0.0,False,,0.0,0.0,False,
scenario_107,OH,payroll_tax,True,486.9607238769531,486.9607238769531,True,,,False,,486.9607238769531,0.0,False,,486.9607238769531,0.0,False,,486.9607238769531,0.0,False,,486.9607238769531,0.0,False,
scenario_107,OH,head_chip_eligible,True,0.0,0.0,True,0.0,0.0,False,,0.0,0.0,False,0.0,0.0,0.0,False,0.0,0.0,0.0,False,0.0,0.0,0.0,False,0.0
scenario_107,OH,head_medicaid_eligible,True,0.0,0.0,True,0.0,0.0,False,,0.0,0.0,False,0.0,0.0,0.0,False,0.0,0.0,0.0,False,0.0,0.0,0.0,False,0.0
scenario_107,OH,head_medicare_eligible,True,1.0,1.0,True,5285.2001953125,12065.2001953125,False,,1.0,0.0,False,12065.2001953125,1.0,0.0,False,0.0,1.0,0.0,False,0.0,1.0,0.0,False,12065.2001953125
scenario_107,OH,head_wic_eligible,True,0.0,0.0,True,0.0,0.0,False,,0.0,0.0,False,0.0,0.0,0.0,False,0.0,0.0,0.0,False,0.0,0.0,0.0,False,0.0
scenario_107,OH,reduced_price_school_meals_eligible,True,0.0,0.0,True,0.0,0.0,False,,0.0,0.0,False,0.0,0.0,0.0,False,0.0,0.0,0.0,False,0.0,0.0,0.0,False,0.0
scenario_107,OH,self_employment_tax,True,0.0,0.0,True,,,False,,0.0,0.0,False,,0.0,0.0,False,,0.0,0.0,False,,0.0,0.0,False,
scenario_107,OH,snap,True,0.0,0.0,True,,,False,,0.0,0.0,False,,0.0,0.0,False,,0.0,0.0,False,,0.0,0.0,False,
scenario_107,OH,ssi,True,0.0,0.0,True,,,False,,0.0,0.0,False,,0.0,0.0,False,,0.0,0.0,False,,0.0,0.0,False,
scenario_107,OH,state_income_tax_before_refundable_credits,True,0.0,0.0,True,,,False,,0.0,0.0,False,,0.0,0.0,False,,0.0,0.0,False,,0.0,0.0,False,
scenario_107,OH,state_refundable_credits,True,0.0,0.0,True,,,False,,0.0,0.0,False,,0.0,0.0,False,,0.0,0.0,False,,0.0,0.0,False,
scenario_107,OH,tanf,True,0.0,0.0,True,,,False,,0.0,0.0,False,,0.0,0.0,False,,0.0,0.0,False,,0.0,0.0,False,
scenario_108,WI,federal_income_tax_before_refundable_credits,True,0.0,0.0,True,,,False,,0.0,0.0,False,,0.0,0.0,False,,0.0,0.0,False,,0.0,0.0,False,
scenario_108,WI,federal_refundable_credits,True,0.0,0.0,True,,,False,,0.0,0.0,False,,0.0,0.0,False,,0.0,0.0,False,,0.0,0.0,False,
scenario_108,WI,free_school_meals_eligible,True,0.0,0.0,True,0.0,0.0,False,,0.0,0.0,False,0.0,0.0,0.0,False,0.0,0.0,0.0,False,0.0,0.0,0.0,False,0.0
scenario_108,WI,local_income_tax,True,0.0,0.0,True,,,False,,0.0,0.0,False,,0.0,0.0,False,,0.0,0.0,False,,0.0,0.0,False,
scenario_108,WI,payroll_tax,True,585.6839599609375,585.6839599609375,True,,,False,,585.6839599609375,0.0,False,,585.6839599609375,0.0,False,,585.6839599609375,0.0,False,,585.6839599609375,0.0,False,
scenario_108,WI,head_chip_eligible,True,0.0,0.0,True,0.0,0.0,False,,0.0,0.0,False,0.0,0.0,0.0,False,0.0,0.0,0.0,False,0.0,0.0,0.0,False,0.0
scenario_108,WI,head_medicaid_eligible,True,0.0,0.0,True,0.0,0.0,False,,0.0,0.0,False,0.0,0.0,0.0,False,0.0,0.0,0.0,False,0.0,0.0,0.0,False,0.0
scenario_108,WI,head_medicare_eligible,True,1.0,1.0,True,5285.2001953125,12065.2001953125,False,,1.0,0.0,False,12065.2001953125,1.0,0.0,False,0.0,1.0,0.0,False,0.0,1.0,0.0,False,12065.2001953125
scenario_108,WI,head_wic_eligible,True,0.0,0.0,True,0.0,0.0,False,,0.0,0.0,False,0.0,0.0,0.0,False,0.0,0.0,0.0,False,0.0,0.0,0.0,False,0.0
scenario_108,WI,reduced_price_school_meals_eligible,True,0.0,0.0,True,0.0,0.0,False,,0.0,0.0,False,0.0,0.0,0.0,False,0.0,0.0,0.0,False,0.0,0.0,0.0,False,0.0
scenario_108,WI,self_employment_tax,True,0.0,0.0,True,,,False,,0.0,0.0,False,,0.0,0.0,False,,0.0,0.0,False,,0.0,0.0,False,
scenario_108,WI,snap,True,288.0,288.0,True,,,False,,288.0,0.0,False,,288.0,0.0,False,,288.0,0.0,False,,288.0,0.0,False,
scenario_108,WI,ssi,True,0.0,0.0,True,,,False,,0.0,0.0,False,,0.0,0.0,False,,0.0,0.0,False,,0.0,0.0,False,
scenario_108,WI,state_income_tax_before_refundable_credits,True,0.0,0.0,True,,,False,,0.0,0.0,False,,0.0,0.0,False,,0.0,0.0,False,,0.0,0.0,False,
scenario_108,WI,state_refundable_credits,True,271.3916015625,271.3916015625,True,,,True,reference_depends_on_unlisted_input,271.3916015625,0.0,False,,271.3916015625,0.0,False,,271.3916015625,0.0,False,,271.3916015625,0.0,False,
scenario_108,WI,tanf,True,0.0,0.0,True,,,False,,0.0,0.0,False,,0.0,0.0,False,,0.0,0.0,False,,0.0,0.0,False,
scenario_109,FL,federal_income_tax_before_refundable_credits,False,0.0,0.0,True,,,False,,0.0,0.0,False,,0.0,0.0,False,,0.0,0.0,False,,0.0,0.0,False,
scenario_109,FL,federal_refundable_credits,False,12038.0859375,12038.0859375,True,,,False,,12038.0859375,0.0,False,,12038.0859375,0.0,False,,12038.0859375,0.0,False,,12038.0859375,0.0,False,
scenario_109,FL,free_school_meals_eligible,False,1.0,1.0,True,2261.924560546875,2284.476318359375,False,,1.0,0.0,False,2284.476318359375,1.0,0.0,False,2284.476318359375,1.0,0.0,False,2284.476318359375,1.0,0.0,False,2284.476318359375
scenario_109,FL,local_income_tax,False,0.0,0.0,True,,,False,,0.0,0.0,False,,0.0,0.0,False,,0.0,0.0,False,,0.0,0.0,False,
scenario_109,FL,payroll_tax,False,0.0,0.0,True,,,False,,0.0,0.0,False,,0.0,0.0,False,,0.0,0.0,False,,0.0,0.0,False,
scenario_109,FL,head_chip_eligible,False,0.0,0.0,True,0.0,0.0,False,,0.0,0.0,False,0.0,0.0,0.0,False,0.0,0.0,0.0,False,0.0,0.0,0.0,False,0.0
scenario_109,FL,spouse_chip_eligible,False,0.0,0.0,True,0.0,0.0,False,,0.0,0.0,False,0.0,0.0,0.0,False,0.0,0.0,0.0,False,0.0,0.0,0.0,False,0.0
scenario_109,FL,child1_chip_eligible,False,0.0,0.0,True,0.0,0.0,False,,0.0,0.0,False,0.0,0.0,0.0,False,0.0,0.0,0.0,False,0.0,0.0,0.0,False,0.0
scenario_109,FL,child2_chip_eligible,False,0.0,0.0,True,0.0,0.0,False,,0.0,0.0,False,0.0,0.0,0.0,False,0.0,0.0,0.0,False,0.0,0.0,0.0,False,0.0
scenario_109,FL,child3_chip_eligible,False,0.0,0.0,True,0.0,0.0,False,,0.0,0.0,False,0.0,0.0,0.0,False,0.0,0.0,0.0,False,0.0,0.0,0.0,False,0.0
scenario_109,FL,child1_early_head_start_eligible,False,0.0,0.0,True,0.0,0.0,False,,0.0,0.0,False,0.0,0.0,0.0,False,0.0,0.0,0.0,False,0.0,0.0,0.0,False,0.0
scenario_109,FL,child2_early_head_start_eligible,False,0.0,0.0,True,0.0,0.0,False,,0.0,0.0,False,0.0,0.0,0.0,False,0.0,0.0,0.0,False,0.0,0.0,0.0,False,0.0
scenario_109,FL,child3_early_head_start_eligible,False,1.0,1.0,True,21977.013671875,21977.013671875,False,,1.0,0.0,False,21977.013671875,1.0,0.0,False,21977.013671875,1.0,0.0,False,21977.013671875,1.0,0.0,False,21977.013671875
scenario_109,FL,child1_head_start_eligible,False,0.0,0.0,True,0.0,0.0,False,,0.0,0.0,False,0.0,0.0,0.0,False,0.0,0.0,0.0,False,0.0,0.0,0.0,False,0.0
scenario_109,FL,child2_head_start_eligible,False,0.0,0.0,True,0.0,0.0,False,,0.0,0.0,False,0.0,0.0,0.0,False,0.0,0.0,0.0,False,0.0,0.0,0.0,False,0.0
scenario_109,FL,child3_head_start_eligible,False,0.0,0.0,True,0.0,0.0,False,,0.0,0.0,False,0.0,0.0,0.0,False,0.0,0.0,0.0,False,0.0,0.0,0.0,False,0.0
scenario_109,FL,head_medicaid_eligible,False,0.0,0.0,True,0.0,0.0,False,,0.0,0.0,False,0.0,0.0,0.0,False,0.0,0.0,0.0,False,0.0,0.0,0.0,False,0.0
scenario_109,FL,spouse_medicaid_eligible,False,0.0,0.0,True,0.0,0.0,False,,0.0,0.0,False,0.0,0.0,0.0,False,0.0,0.0,0.0,False,0.0,0.0,0.0,False,0.0
scenario_109,FL,child1_medicaid_eligible,False,1.0,1.0,True,3836.309814453125,7735.97314453125,False,,1.0,0.0,False,7735.97314453125,1.0,0.0,False,7735.97314453125,1.0,0.0,False,7735.97314453125,1.0,0.0,False,7735.97314453125
scenario_109,FL,child2_medicaid_eligible,False,1.0,1.0,True,3836.309814453125,7735.97314453125,False,,1.0,0.0,False,7735.97314453125,1.0,0.0,False,7735.97314453125,1.0,0.0,False,7735.97314453125,1.0,0.0,False,7735.97314453125
scenario_109,FL,child3_medicaid_eligible,False,1.0,1.0,True,3836.309814453125,7735.97314453125,False,,1.0,0.0,False,7735.97314453125,1.0,0.0,False,7735.97314453125,1.0,0.0,False,7735.97314453125,1.0,0.0,False,7735.97314453125
scenario_109,FL,head_medicare_eligible,False,0.0,0.0,True,0.0,0.0,False,,0.0,0.0,False,0.0,0.0,0.0,False,0.0,0.0,0.0,False,0.0,0.0,0.0,False,0.0
scenario_109,FL,spouse_medicare_eligible,False,0.0,0.0,True,0.0,0.0,False,,0.0,0.0,False,0.0,0.0,0.0,False,0.0,0.0,0.0,False,0.0,0.0,0.0,False,0.0
scenario_109,FL,child1_medicare_eligible,False,0.0,0.0,True,0.0,0.0,False,,0.0,0.0,False,0.0,0.0,0.0,False,0.0,0.0,0.0,False,0.0,0.0,0.0,False,0.0
scenario_109,FL,child2_medicare_eligible,False,0.0,0.0,True,0.0,0.0,False,,0.0,0.0,False,0.0,0.0,0.0,False,0.0,0.0,0.0,False,0.0,0.0,0.0,False,0.0
scenario_109,FL,child3_medicare_eligible,False,0.0,0.0,True,0.0,0.0,False,,0.0,0.0,False,0.0,0.0,0.0,False,0.0,0.0,0.0,False,0.0,0.0,0.0,False,0.0
scenario_109,FL,head_wic_eligible,False,0.0,0.0,True,0.0,0.0,False,,0.0,0.0,False,0.0,0.0,0.0,False,0.0,0.0,0.0,False,0.0,0.0,0.0,False,0.0
scenario_109,FL,spouse_wic_eligible,False,0.0,0.0,True,0.0,0.0,False,,0.0,0.0,False,0.0,0.0,0.0,False,0.0,0.0,0.0,False,0.0,0.0,0.0,False,0.0
scenario_109,FL,child1_wic_eligible,False,0.0,0.0,True,0.0,0.0,False,,0.0,0.0,False,0.0,0.0,0.0,False,0.0,0.0,0.0,False,0.0,0.0,0.0,False,0.0
scenario_109,FL,child2_wic_eligible,False,0.0,0.0,True,0.0,0.0,False,,0.0,0.0,False,0.0,0.0,0.0,False,0.0,0.0,0.0,False,0.0,0.0,0.0,False,0.0
scenario_109,FL,child3_wic_eligible,False,1.0,1.0,True,2222.318603515625,2225.416748046875,False,,1.0,0.0,False,2225.416748046875,1.0,0.0,False,2225.416748046875,1.0,0.0,False,2225.416748046875,1.0,0.0,False,2225.416748046875
scenario_109,FL,reduced_price_school_meals_eligible,False,0.0,0.0,True,0.0,0.0,False,,0.0,0.0,False,0.0,0.0,0.0,False,0.0,0.0,0.0,False,0.0,0.0,0.0,False,0.0
scenario_109,FL,self_employment_tax,False,4238.86474609375,4238.86474609375,True,,,False,,4238.86474609375,0.0,False,,4238.86474609375,0.0,False,,4238.86474609375,0.0,False,,4238.86474609375,0.0,False,
scenario_109,FL,snap,False,7932.0,7932.0,True,,,False,,7932.0,0.0,False,,7932.0,0.0,False,,7932.0,0.0,False,,7932.0,0.0,False,
scenario_109,FL,ssi,False,0.0,0.0,True,,,False,,0.0,0.0,False,,0.0,0.0,False,,0.0,0.0,False,,0.0,0.0,False,
scenario_109,FL,state_income_tax_before_refundable_credits,False,0.0,0.0,True,,,False,,0.0,0.0,False,,0.0,0.0,False,,0.0,0.0,False,,0.0,0.0,False,
scenario_109,FL,state_refundable_credits,False,0.0,0.0,True,,,False,,0.0,0.0,False,,0.0,0.0,False,,0.0,0.0,False,,0.0,0.0,False,
scenario_109,FL,tanf,False,0.0,0.0,True,,,False,,0.0,0.0,False,,0.0,0.0,False,,0.0,0.0,False,,0.0,0.0,False,
scenario_110,OH,federal_income_tax_before_refundable_credits,False,23897.443359375,23897.443359375,True,,,True,reference_engine_defect,23897.443359375,0.0,False,,23897.443359375,0.0,False,,23897.443359375,0.0,False,,23897.443359375,0.0,False,
scenario_110,OH,federal_refundable_credits,False,0.0,0.0,True,,,False,,0.0,0.0,False,,0.0,0.0,False,,0.0,0.0,False,,0.0,0.0,False,
scenario_110,OH,free_school_meals_eligible,False,0.0,0.0,True,0.0,0.0,False,,0.0,0.0,False,0.0,0.0,0.0,False,0.0,0.0,0.0,False,0.0,0.0,0.0,False,0.0
scenario_110,OH,local_income_tax,False,0.0,0.0,True,,,False,,0.0,0.0,False,,0.0,0.0,False,,0.0,0.0,False,,0.0,0.0,False,
scenario_110,OH,payroll_tax,False,7650.0,7650.0,True,,,False,,7650.0,0.0,False,,7650.0,0.0,False,,7650.0,0.0,False,,7650.0,0.0,False,
scenario_110,OH,head_chip_eligible,False,0.0,0.0,True,0.0,0.0,False,,0.0,0.0,False,0.0,0.0,0.0,False,0.0,0.0,0.0,False,0.0,0.0,0.0,False,0.0
scenario_110,OH,head_medicaid_eligible,False,0.0,0.0,True,0.0,0.0,False,,0.0,0.0,False,0.0,0.0,0.0,False,0.0,0.0,0.0,False,0.0,0.0,0.0,False,0.0
scenario_110,OH,head_medicare_eligible,False,0.0,0.0,True,0.0,0.0,False,,0.0,0.0,False,0.0,0.0,0.0,False,0.0,0.0,0.0,False,0.0,0.0,0.0,False,0.0
scenario_110,OH,head_wic_eligible,False,0.0,0.0,True,0.0,0.0,False,,0.0,0.0,False,0.0,0.0,0.0,False,0.0,0.0,0.0,False,0.0,0.0,0.0,False,0.0
scenario_110,OH,reduced_price_school_meals_eligible,False,0.0,0.0,True,0.0,0.0,False,,0.0,0.0,False,0.0,0.0,0.0,False,0.0,0.0,0.0,False,0.0,0.0,0.0,False,0.0
scenario_110,OH,self_employment_tax,False,0.0,0.0,True,,,False,,0.0,0.0,False,,0.0,0.0,False,,0.0,0.0,False,,0.0,0.0,False,
scenario_110,OH,snap,False,0.0,0.0,True,,,False,,0.0,0.0,False,,0.0,0.0,False,,0.0,0.0,False,,0.0,0.0,False,
scenario_110,OH,ssi,False,0.0,0.0,True,,,False,,0.0,0.0,False,,0.0,0.0,False,,0.0,0.0,False,,0.0,0.0,False,
scenario_110,OH,state_income_tax_before_refundable_credits,False,4057.47216796875,4057.47216796875,True,,,True,reference_engine_defect,4057.47216796875,0.0,False,,4057.47216796875,0.0,False,,4057.47216796875,0.0,False,,4057.47216796875,0.0,False,
scenario_110,OH,state_refundable_credits,False,0.0,0.0,True,,,False,,0.0,0.0,False,,0.0,0.0,False,,0.0,0.0,False,,0.0,0.0,False,
scenario_110,OH,tanf,False,0.0,0.0,True,,,False,,0.0,0.0,False,,0.0,0.0,False,,0.0,0.0,False,,0.0,0.0,False,
scenario_111,WA,federal_income_tax_before_refundable_credits,True,0.0,0.0,True,,,False,,0.0,0.0,False,,0.0,0.0,False,,0.0,0.0,False,,0.0,0.0,False,
scenario_111,WA,federal_refundable_credits,True,0.0,0.0,True,,,False,,0.0,0.0,False,,0.0,0.0,False,,0.0,0.0,False,,0.0,0.0,False,
scenario_111,WA,free_school_meals_eligible,True,0.0,0.0,True,0.0,0.0,False,,0.0,0.0,False,0.0,0.0,0.0,False,0.0,0.0,0.0,False,0.0,0.0,0.0,False,0.0
scenario_111,WA,local_income_tax,True,0.0,0.0,True,,,False,,0.0,0.0,False,,0.0,0.0,False,,0.0,0.0,False,,0.0,0.0,False,
scenario_111,WA,payroll_tax,True,0.0,0.0,True,,,False,,0.0,0.0,False,,0.0,0.0,False,,0.0,0.0,False,,0.0,0.0,False,
scenario_111,WA,head_chip_eligible,True,0.0,0.0,True,0.0,0.0,False,,0.0,0.0,False,0.0,0.0,0.0,False,0.0,0.0,0.0,False,0.0,0.0,0.0,False,0.0
scenario_111,WA,spouse_chip_eligible,True,0.0,0.0,True,0.0,0.0,False,,0.0,0.0,False,0.0,0.0,0.0,False,0.0,0.0,0.0,False,0.0,0.0,0.0,False,0.0
scenario_111,WA,head_medicaid_eligible,True,0.0,0.0,True,0.0,0.0,False,,0.0,0.0,False,0.0,0.0,0.0,False,0.0,0.0,0.0,False,0.0,0.0,0.0,False,0.0
scenario_111,WA,spouse_medicaid_eligible,True,0.0,0.0,True,0.0,0.0,False,,0.0,0.0,False,0.0,0.0,0.0,False,0.0,0.0,0.0,False,0.0,0.0,0.0,False,0.0
scenario_111,WA,head_medicare_eligible,True,1.0,1.0,True,5285.2001953125,12065.2001953125,False,,1.0,0.0,False,12065.2001953125,1.0,0.0,False,0.0,1.0,0.0,False,0.0,1.0,0.0,False,12065.2001953125
scenario_111,WA,spouse_medicare_eligible,True,0.0,0.0,True,0.0,0.0,False,,0.0,0.0,False,0.0,0.0,0.0,False,0.0,0.0,0.0,False,0.0,0.0,0.0,False,0.0
scenario_111,WA,head_wic_eligible,True,0.0,0.0,True,0.0,0.0,False,,0.0,0.0,False,0.0,0.0,0.0,False,0.0,0.0,0.0,False,0.0,0.0,0.0,False,0.0
scenario_111,WA,spouse_wic_eligible,True,0.0,0.0,True,0.0,0.0,False,,0.0,0.0,False,0.0,0.0,0.0,False,0.0,0.0,0.0,False,0.0,0.0,0.0,False,0.0
scenario_111,WA,reduced_price_school_meals_eligible,True,0.0,0.0,True,0.0,0.0,False,,0.0,0.0,False,0.0,0.0,0.0,False,0.0,0.0,0.0,False,0.0,0.0,0.0,False,0.0
scenario_111,WA,self_employment_tax,True,0.0,0.0,True,,,False,,0.0,0.0,False,,0.0,0.0,False,,0.0,0.0,False,,0.0,0.0,False,
scenario_111,WA,snap,True,0.0,0.0,True,,,False,,0.0,0.0,False,,0.0,0.0,False,,0.0,0.0,False,,0.0,0.0,False,
scenario_111,WA,ssi,True,0.0,0.0,True,,,False,,0.0,0.0,False,,0.0,0.0,False,,0.0,0.0,False,,0.0,0.0,False,
scenario_111,WA,state_income_tax_before_refundable_credits,True,0.0,0.0,True,,,False,,0.0,0.0,False,,0.0,0.0,False,,0.0,0.0,False,,0.0,0.0,False,
scenario_111,WA,state_refundable_credits,True,0.0,0.0,True,,,False,,0.0,0.0,False,,0.0,0.0,False,,0.0,0.0,False,,0.0,0.0,False,
scenario_111,WA,tanf,True,0.0,0.0,True,,,False,,0.0,0.0,False,,0.0,0.0,False,,0.0,0.0,False,,0.0,0.0,False,
scenario_112,TX,federal_income_tax_before_refundable_credits,False,0.0,0.0,True,,,False,,0.0,0.0,False,,0.0,0.0,False,,0.0,0.0,False,,0.0,0.0,False,
scenario_112,TX,federal_refundable_credits,False,453.0960083007813,453.09600830078125,True,,,False,,453.09600830078125,0.0,False,,453.09600830078125,0.0,False,,453.09600830078125,0.0,False,,453.09600830078125,0.0,False,
scenario_112,TX,free_school_meals_eligible,False,0.0,0.0,True,0.0,0.0,False,,0.0,0.0,False,0.0,0.0,0.0,False,0.0,0.0,0.0,False,0.0,0.0,0.0,False,0.0
scenario_112,TX,local_income_tax,False,0.0,0.0,True,,,False,,0.0,0.0,False,,0.0,0.0,False,,0.0,0.0,False,,0.0,0.0,False,
scenario_112,TX,payroll_tax,False,453.0960083007813,453.09600830078125,True,,,False,,453.09600830078125,0.0,False,,453.09600830078125,0.0,False,,453.09600830078125,0.0,False,,453.09600830078125,0.0,False,
scenario_112,TX,head_chip_eligible,False,0.0,0.0,True,0.0,0.0,False,,0.0,0.0,False,0.0,0.0,0.0,False,0.0,0.0,0.0,False,0.0,0.0,0.0,False,0.0
scenario_112,TX,head_medicaid_eligible,False,0.0,0.0,True,0.0,0.0,False,,0.0,0.0,False,0.0,0.0,0.0,False,0.0,0.0,0.0,False,0.0,0.0,0.0,False,0.0
scenario_112,TX,head_medicare_eligible,False,0.0,0.0,True,0.0,0.0,False,,0.0,0.0,False,0.0,0.0,0.0,False,0.0,0.0,0.0,False,0.0,0.0,0.0,False,0.0
scenario_112,TX,head_wic_eligible,False,0.0,0.0,True,0.0,0.0,False,,0.0,0.0,False,0.0,0.0,0.0,False,0.0,0.0,0.0,False,0.0,0.0,0.0,False,0.0
scenario_112,TX,reduced_price_school_meals_eligible,False,0.0,0.0,True,0.0,0.0,False,,0.0,0.0,False,0.0,0.0,0.0,False,0.0,0.0,0.0,False,0.0,0.0,0.0,False,0.0
scenario_112,TX,self_employment_tax,False,0.0,0.0,True,,,False,,0.0,0.0,False,,0.0,0.0,False,,0.0,0.0,False,,0.0,0.0,False,
scenario_112,TX,snap,False,287.68316650390625,0.0,False,,,True,reference_depends_on_unlisted_input,0.0,0.0,False,,0.0,0.0,False,,0.0,0.0,False,,0.0,0.0,False,
scenario_112,TX,ssi,False,0.0,0.0,True,,,False,,0.0,0.0,False,,0.0,0.0,False,,0.0,0.0,False,,0.0,0.0,False,
scenario_112,TX,state_income_tax_before_refundable_credits,False,0.0,0.0,True,,,False,,0.0,0.0,False,,0.0,0.0,False,,0.0,0.0,False,,0.0,0.0,False,
scenario_112,TX,state_refundable_credits,False,0.0,0.0,True,,,False,,0.0,0.0,False,,0.0,0.0,False,,0.0,0.0,False,,0.0,0.0,False,
scenario_112,TX,tanf,False,0.0,0.0,True,,,False,,0.0,0.0,False,,0.0,0.0,False,,0.0,0.0,False,,0.0,0.0,False,
scenario_114,VA,federal_income_tax_before_refundable_credits,True,10729.6123046875,10729.6123046875,True,,,False,,11265.267578125,535.6552734375,True,,11265.267578125,535.6552734375,True,,11265.267578125,535.6552734375,True,,10729.6123046875,0.0,False,
scenario_114,VA,federal_refundable_credits,True,0.0,0.0,True,,,False,,0.0,0.0,False,,0.0,0.0,False,,0.0,0.0,False,,0.0,0.0,False,
scenario_114,VA,free_school_meals_eligible,True,0.0,0.0,True,0.0,0.0,False,,0.0,0.0,False,0.0,0.0,0.0,False,0.0,0.0,0.0,False,0.0,0.0,0.0,False,0.0
scenario_114,VA,local_income_tax,True,0.0,0.0,True,,,False,,0.0,0.0,False,,0.0,0.0,False,,0.0,0.0,False,,0.0,0.0,False,
scenario_114,VA,payroll_tax,True,1736.550048828125,1736.550048828125,True,,,False,,1736.550048828125,0.0,False,,1736.550048828125,0.0,False,,1736.550048828125,0.0,False,,1736.550048828125,0.0,False,
scenario_114,VA,head_chip_eligible,True,0.0,0.0,True,0.0,0.0,False,,0.0,0.0,False,0.0,0.0,0.0,False,0.0,0.0,0.0,False,0.0,0.0,0.0,False,0.0
scenario_114,VA,head_medicaid_eligible,True,0.0,0.0,True,0.0,0.0,False,,0.0,0.0,False,0.0,0.0,0.0,False,0.0,0.0,0.0,False,0.0,0.0,0.0,False,0.0
scenario_114,VA,head_medicare_eligible,True,1.0,1.0,True,5285.2001953125,12065.2001953125,False,,1.0,0.0,False,12065.2001953125,1.0,0.0,False,0.0,1.0,0.0,False,0.0,1.0,0.0,False,12065.2001953125
scenario_114,VA,head_wic_eligible,True,0.0,0.0,True,0.0,0.0,False,,0.0,0.0,False,0.0,0.0,0.0,False,0.0,0.0,0.0,False,0.0,0.0,0.0,False,0.0
scenario_114,VA,reduced_price_school_meals_eligible,True,0.0,0.0,True,0.0,0.0,False,,0.0,0.0,False,0.0,0.0,0.0,False,0.0,0.0,0.0,False,0.0,0.0,0.0,False,0.0
scenario_114,VA,self_employment_tax,True,0.0,0.0,True,,,False,,0.0,0.0,False,,0.0,0.0,False,,0.0,0.0,False,,0.0,0.0,False,
scenario_114,VA,snap,True,0.0,0.0,True,,,False,,0.0,0.0,False,,0.0,0.0,False,,0.0,0.0,False,,0.0,0.0,False,
scenario_114,VA,ssi,True,0.0,0.0,True,,,False,,0.0,0.0,False,,0.0,0.0,False,,0.0,0.0,False,,0.0,0.0,False,
scenario_114,VA,state_income_tax_before_refundable_credits,True,3514.14501953125,3514.14501953125,True,,,False,,3654.14599609375,140.0009765625,True,,3654.14599609375,140.0009765625,True,,3654.14599609375,140.0009765625,True,,3514.14501953125,0.0,False,
scenario_114,VA,state_refundable_credits,True,0.0,0.0,True,,,False,,0.0,0.0,False,,0.0,0.0,False,,0.0,0.0,False,,0.0,0.0,False,
scenario_114,VA,tanf,True,0.0,0.0,True,,,False,,0.0,0.0,False,,0.0,0.0,False,,0.0,0.0,False,,0.0,0.0,False,
scenario_115,AL,federal_income_tax_before_refundable_credits,True,0.0,0.0,True,,,False,,0.0,0.0,False,,0.0,0.0,False,,0.0,0.0,False,,0.0,0.0,False,
scenario_115,AL,federal_refundable_credits,True,0.0,0.0,True,,,False,,0.0,0.0,False,,0.0,0.0,False,,0.0,0.0,False,,0.0,0.0,False,
scenario_115,AL,free_school_meals_eligible,True,0.0,0.0,True,0.0,0.0,False,,0.0,0.0,False,0.0,0.0,0.0,False,0.0,0.0,0.0,False,0.0,0.0,0.0,False,0.0
scenario_115,AL,local_income_tax,True,0.0,0.0,True,,,False,,0.0,0.0,False,,0.0,0.0,False,,0.0,0.0,False,,0.0,0.0,False,
scenario_115,AL,payroll_tax,True,0.0,0.0,True,,,False,,0.0,0.0,False,,0.0,0.0,False,,0.0,0.0,False,,0.0,0.0,False,
scenario_115,AL,head_chip_eligible,True,0.0,0.0,True,0.0,0.0,False,,0.0,0.0,False,0.0,0.0,0.0,False,0.0,0.0,0.0,False,0.0,0.0,0.0,False,0.0
scenario_115,AL,head_medicaid_eligible,True,0.0,0.0,True,0.0,0.0,False,,0.0,0.0,False,0.0,0.0,0.0,False,0.0,0.0,0.0,False,0.0,0.0,0.0,False,0.0
scenario_115,AL,head_medicare_eligible,True,1.0,1.0,True,5285.2001953125,12065.2001953125,False,,1.0,0.0,False,12065.2001953125,1.0,0.0,False,0.0,1.0,0.0,False,0.0,1.0,0.0,False,12065.2001953125
scenario_115,AL,head_wic_eligible,True,0.0,0.0,True,0.0,0.0,False,,0.0,0.0,False,0.0,0.0,0.0,False,0.0,0.0,0.0,False,0.0,0.0,0.0,False,0.0
scenario_115,AL,reduced_price_school_meals_eligible,True,0.0,0.0,True,0.0,0.0,False,,0.0,0.0,False,0.0,0.0,0.0,False,0.0,0.0,0.0,False,0.0,0.0,0.0,False,0.0
scenario_115,AL,self_employment_tax,True,0.0,0.0,True,,,False,,0.0,0.0,False,,0.0,0.0,False,,0.0,0.0,False,,0.0,0.0,False,
scenario_115,AL,snap,True,0.0,0.0,True,,,False,,0.0,0.0,False,,0.0,0.0,False,,0.0,0.0,False,,0.0,0.0,False,
scenario_115,AL,ssi,True,0.0,0.0,True,,,False,,0.0,0.0,False,,0.0,0.0,False,,0.0,0.0,False,,0.0,0.0,False,
scenario_115,AL,state_income_tax_before_refundable_credits,True,4.679999828338623,4.679999828338623,True,,,False,,4.679999828338623,0.0,False,,4.679999828338623,0.0,False,,4.679999828338623,0.0,False,,4.679999828338623,0.0,False,
scenario_115,AL,state_refundable_credits,True,0.0,0.0,True,,,False,,0.0,0.0,False,,0.0,0.0,False,,0.0,0.0,False,,0.0,0.0,False,
scenario_115,AL,tanf,True,0.0,0.0,True,,,False,,0.0,0.0,False,,0.0,0.0,False,,0.0,0.0,False,,0.0,0.0,False,
scenario_116,FL,federal_income_tax_before_refundable_credits,False,0.0,0.0,True,,,False,,0.0,0.0,False,,0.0,0.0,False,,0.0,0.0,False,,0.0,0.0,False,
scenario_116,FL,federal_refundable_credits,False,0.0,0.0,True,,,False,,0.0,0.0,False,,0.0,0.0,False,,0.0,0.0,False,,0.0,0.0,False,
scenario_116,FL,free_school_meals_eligible,False,0.0,0.0,True,0.0,0.0,False,,0.0,0.0,False,0.0,0.0,0.0,False,0.0,0.0,0.0,False,0.0,0.0,0.0,False,0.0
scenario_116,FL,local_income_tax,False,0.0,0.0,True,,,False,,0.0,0.0,False,,0.0,0.0,False,,0.0,0.0,False,,0.0,0.0,False,
scenario_116,FL,payroll_tax,False,0.0,0.0,True,,,False,,0.0,0.0,False,,0.0,0.0,False,,0.0,0.0,False,,0.0,0.0,False,
scenario_116,FL,head_chip_eligible,False,0.0,0.0,True,0.0,0.0,False,,0.0,0.0,False,0.0,0.0,0.0,False,0.0,0.0,0.0,False,0.0,0.0,0.0,False,0.0
scenario_116,FL,spouse_chip_eligible,False,0.0,0.0,True,0.0,0.0,False,,0.0,0.0,False,0.0,0.0,0.0,False,0.0,0.0,0.0,False,0.0,0.0,0.0,False,0.0
scenario_116,FL,head_medicaid_eligible,False,0.0,0.0,True,0.0,0.0,False,,0.0,0.0,False,0.0,0.0,0.0,False,0.0,0.0,0.0,False,0.0,0.0,0.0,False,0.0
scenario_116,FL,spouse_medicaid_eligible,False,0.0,0.0,True,0.0,0.0,False,,0.0,0.0,False,0.0,0.0,0.0,False,0.0,0.0,0.0,False,0.0,0.0,0.0,False,0.0
scenario_116,FL,head_medicare_eligible,False,0.0,0.0,True,0.0,0.0,False,,0.0,0.0,False,0.0,0.0,0.0,False,0.0,0.0,0.0,False,0.0,0.0,0.0,False,0.0
scenario_116,FL,spouse_medicare_eligible,False,0.0,0.0,True,0.0,0.0,False,,0.0,0.0,False,0.0,0.0,0.0,False,0.0,0.0,0.0,False,0.0,0.0,0.0,False,0.0
scenario_116,FL,head_wic_eligible,False,0.0,0.0,True,0.0,0.0,False,,0.0,0.0,False,0.0,0.0,0.0,False,0.0,0.0,0.0,False,0.0,0.0,0.0,False,0.0
scenario_116,FL,spouse_wic_eligible,False,0.0,0.0,True,0.0,0.0,False,,0.0,0.0,False,0.0,0.0,0.0,False,0.0,0.0,0.0,False,0.0,0.0,0.0,False,0.0
scenario_116,FL,reduced_price_school_meals_eligible,False,0.0,0.0,True,0.0,0.0,False,,0.0,0.0,False,0.0,0.0,0.0,False,0.0,0.0,0.0,False,0.0,0.0,0.0,False,0.0
scenario_116,FL,self_employment_tax,False,0.0,0.0,True,,,False,,0.0,0.0,False,,0.0,0.0,False,,0.0,0.0,False,,0.0,0.0,False,
scenario_116,FL,snap,False,0.0,0.0,True,,,False,,0.0,0.0,False,,0.0,0.0,False,,0.0,0.0,False,,0.0,0.0,False,
scenario_116,FL,ssi,False,0.0,0.0,True,,,False,,0.0,0.0,False,,0.0,0.0,False,,0.0,0.0,False,,0.0,0.0,False,
scenario_116,FL,state_income_tax_before_refundable_credits,False,0.0,0.0,True,,,False,,0.0,0.0,False,,0.0,0.0,False,,0.0,0.0,False,,0.0,0.0,False,
scenario_116,FL,state_refundable_credits,False,0.0,0.0,True,,,False,,0.0,0.0,False,,0.0,0.0,False,,0.0,0.0,False,,0.0,0.0,False,
scenario_116,FL,tanf,False,0.0,0.0,True,,,False,,0.0,0.0,False,,0.0,0.0,False,,0.0,0.0,False,,0.0,0.0,False,
scenario_117,AR,federal_income_tax_before_refundable_credits,False,24961.33984375,24961.33984375,True,,,True,reference_depends_on_unlisted_input,24961.33984375,0.0,False,,24961.33984375,0.0,False,,24961.33984375,0.0,False,,24961.33984375,0.0,False,
scenario_117,AR,federal_refundable_credits,False,0.0,0.0,True,,,False,,0.0,0.0,False,,0.0,0.0,False,,0.0,0.0,False,,0.0,0.0,False,
scenario_117,AR,free_school_meals_eligible,False,0.0,0.0,True,0.0,0.0,False,,0.0,0.0,False,0.0,0.0,0.0,False,0.0,0.0,0.0,False,0.0,0.0,0.0,False,0.0
scenario_117,AR,local_income_tax,False,0.0,0.0,True,,,False,,0.0,0.0,False,,0.0,0.0,False,,0.0,0.0,False,,0.0,0.0,False,
scenario_117,AR,payroll_tax,False,15044.787109375,15044.787109375,True,,,False,,15044.787109375,0.0,False,,15044.787109375,0.0,False,,15044.787109375,0.0,False,,15044.787109375,0.0,False,
scenario_117,AR,head_chip_eligible,False,0.0,0.0,True,0.0,0.0,False,,0.0,0.0,False,0.0,0.0,0.0,False,0.0,0.0,0.0,False,0.0,0.0,0.0,False,0.0
scenario_117,AR,spouse_chip_eligible,False,0.0,0.0,True,0.0,0.0,False,,0.0,0.0,False,0.0,0.0,0.0,False,0.0,0.0,0.0,False,0.0,0.0,0.0,False,0.0
scenario_117,AR,child1_chip_eligible,False,0.0,0.0,True,0.0,0.0,False,,0.0,0.0,False,0.0,0.0,0.0,False,0.0,0.0,0.0,False,0.0,0.0,0.0,False,0.0
scenario_117,AR,child2_chip_eligible,False,0.0,0.0,True,0.0,0.0,False,,0.0,0.0,False,0.0,0.0,0.0,False,0.0,0.0,0.0,False,0.0,0.0,0.0,False,0.0
scenario_117,AR,child3_chip_eligible,False,0.0,0.0,True,0.0,0.0,False,,0.0,0.0,False,0.0,0.0,0.0,False,0.0,0.0,0.0,False,0.0,0.0,0.0,False,0.0
scenario_117,AR,child1_early_head_start_eligible,False,0.0,0.0,True,0.0,0.0,False,,0.0,0.0,False,0.0,0.0,0.0,False,0.0,0.0,0.0,False,0.0,0.0,0.0,False,0.0
scenario_117,AR,child2_early_head_start_eligible,False,0.0,0.0,True,0.0,0.0,False,,0.0,0.0,False,0.0,0.0,0.0,False,0.0,0.0,0.0,False,0.0,0.0,0.0,False,0.0
scenario_117,AR,child3_early_head_start_eligible,False,0.0,0.0,True,0.0,0.0,False,,0.0,0.0,False,0.0,0.0,0.0,False,0.0,0.0,0.0,False,0.0,0.0,0.0,False,0.0
scenario_117,AR,child1_head_start_eligible,False,0.0,0.0,True,0.0,0.0,False,,0.0,0.0,False,0.0,0.0,0.0,False,0.0,0.0,0.0,False,0.0,0.0,0.0,False,0.0
scenario_117,AR,child2_head_start_eligible,False,0.0,0.0,True,0.0,0.0,False,,0.0,0.0,False,0.0,0.0,0.0,False,0.0,0.0,0.0,False,0.0,0.0,0.0,False,0.0
scenario_117,AR,child3_head_start_eligible,False,0.0,0.0,True,0.0,0.0,False,,0.0,0.0,False,0.0,0.0,0.0,False,0.0,0.0,0.0,False,0.0,0.0,0.0,False,0.0
scenario_117,AR,head_medicaid_eligible,False,0.0,0.0,True,0.0,0.0,False,,0.0,0.0,False,0.0,0.0,0.0,False,0.0,0.0,0.0,False,0.0,0.0,0.0,False,0.0
scenario_117,AR,spouse_medicaid_eligible,False,0.0,0.0,True,0.0,0.0,False,,0.0,0.0,False,0.0,0.0,0.0,False,0.0,0.0,0.0,False,0.0,0.0,0.0,False,0.0
scenario_117,AR,child1_medicaid_eligible,False,0.0,0.0,True,0.0,0.0,False,,0.0,0.0,False,0.0,0.0,0.0,False,0.0,0.0,0.0,False,0.0,0.0,0.0,False,0.0
scenario_117,AR,child2_medicaid_eligible,False,0.0,0.0,True,0.0,0.0,False,,0.0,0.0,False,0.0,0.0,0.0,False,0.0,0.0,0.0,False,0.0,0.0,0.0,False,0.0
scenario_117,AR,child3_medicaid_eligible,False,0.0,0.0,True,0.0,0.0,False,,0.0,0.0,False,0.0,0.0,0.0,False,0.0,0.0,0.0,False,0.0,0.0,0.0,False,0.0
scenario_117,AR,head_medicare_eligible,False,0.0,0.0,True,0.0,0.0,False,,0.0,0.0,False,0.0,0.0,0.0,False,0.0,0.0,0.0,False,0.0,0.0,0.0,False,0.0
scenario_117,AR,spouse_medicare_eligible,False,0.0,0.0,True,0.0,0.0,False,,0.0,0.0,False,0.0,0.0,0.0,False,0.0,0.0,0.0,False,0.0,0.0,0.0,False,0.0
scenario_117,AR,child1_medicare_eligible,False,0.0,0.0,True,0.0,0.0,False,,0.0,0.0,False,0.0,0.0,0.0,False,0.0,0.0,0.0,False,0.0,0.0,0.0,False,0.0
scenario_117,AR,child2_medicare_eligible,False,0.0,0.0,True,0.0,0.0,False,,0.0,0.0,False,0.0,0.0,0.0,False,0.0,0.0,0.0,False,0.0,0.0,0.0,False,0.0
scenario_117,AR,child3_medicare_eligible,False,0.0,0.0,True,0.0,0.0,False,,0.0,0.0,False,0.0,0.0,0.0,False,0.0,0.0,0.0,False,0.0,0.0,0.0,False,0.0
scenario_117,AR,head_wic_eligible,False,0.0,0.0,True,0.0,0.0,False,,0.0,0.0,False,0.0,0.0,0.0,False,0.0,0.0,0.0,False,0.0,0.0,0.0,False,0.0
scenario_117,AR,spouse_wic_eligible,False,0.0,0.0,True,0.0,0.0,False,,0.0,0.0,False,0.0,0.0,0.0,False,0.0,0.0,0.0,False,0.0,0.0,0.0,False,0.0
scenario_117,AR,child1_wic_eligible,False,0.0,0.0,True,0.0,0.0,False,,0.0,0.0,False,0.0,0.0,0.0,False,0.0,0.0,0.0,False,0.0,0.0,0.0,False,0.0
scenario_117,AR,child2_wic_eligible,False,0.0,0.0,True,0.0,0.0,False,,0.0,0.0,False,0.0,0.0,0.0,False,0.0,0.0,0.0,False,0.0,0.0,0.0,False,0.0
scenario_117,AR,child3_wic_eligible,False,0.0,0.0,True,0.0,0.0,False,,0.0,0.0,False,0.0,0.0,0.0,False,0.0,0.0,0.0,False,0.0,0.0,0.0,False,0.0
scenario_117,AR,reduced_price_school_meals_eligible,False,0.0,0.0,True,0.0,0.0,False,,0.0,0.0,False,0.0,0.0,0.0,False,0.0,0.0,0.0,False,0.0,0.0,0.0,False,0.0
scenario_117,AR,self_employment_tax,False,0.0,0.0,True,,,False,,0.0,0.0,False,,0.0,0.0,False,,0.0,0.0,False,,0.0,0.0,False,
scenario_117,AR,snap,False,0.0,0.0,True,,,False,,0.0,0.0,False,,0.0,0.0,False,,0.0,0.0,False,,0.0,0.0,False,
scenario_117,AR,ssi,False,0.0,0.0,True,,,False,,0.0,0.0,False,,0.0,0.0,False,,0.0,0.0,False,,0.0,0.0,False,
scenario_117,AR,state_income_tax_before_refundable_credits,False,7984.53369140625,7984.53369140625,True,,,False,,7984.53369140625,0.0,False,,7984.53369140625,0.0,False,,7984.53369140625,0.0,False,,7984.53369140625,0.0,False,
scenario_117,AR,state_refundable_credits,False,0.0,0.0,True,,,False,,0.0,0.0,False,,0.0,0.0,False,,0.0,0.0,False,,0.0,0.0,False,
scenario_117,AR,tanf,False,0.0,0.0,True,,,False,,0.0,0.0,False,,0.0,0.0,False,,0.0,0.0,False,,0.0,0.0,False,
scenario_118,NY,federal_income_tax_before_refundable_credits,True,0.0,0.0,True,,,False,,0.0,0.0,False,,0.0,0.0,False,,0.0,0.0,False,,0.0,0.0,False,
scenario_118,NY,federal_refundable_credits,True,0.0,0.0,True,,,False,,0.0,0.0,False,,0.0,0.0,False,,0.0,0.0,False,,0.0,0.0,False,
scenario_118,NY,free_school_meals_eligible,True,0.0,0.0,True,0.0,0.0,False,,0.0,0.0,False,0.0,0.0,0.0,False,0.0,0.0,0.0,False,0.0,0.0,0.0,False,0.0
scenario_118,NY,local_income_tax,True,0.0,0.0,True,,,False,,0.0,0.0,False,,0.0,0.0,False,,0.0,0.0,False,,0.0,0.0,False,
scenario_118,NY,payroll_tax,True,0.0,0.0,True,,,False,,0.0,0.0,False,,0.0,0.0,False,,0.0,0.0,False,,0.0,0.0,False,
scenario_118,NY,head_chip_eligible,True,0.0,0.0,True,0.0,0.0,False,,0.0,0.0,False,0.0,0.0,0.0,False,0.0,0.0,0.0,False,0.0,0.0,0.0,False,0.0
scenario_118,NY,head_medicaid_eligible,True,1.0,1.0,True,16059.89453125,14710.86328125,False,,1.0,0.0,False,14710.86328125,1.0,0.0,False,14710.86328125,1.0,0.0,False,14710.86328125,1.0,0.0,False,14710.86328125
scenario_118,NY,head_medicare_eligible,True,1.0,1.0,True,5285.2001953125,12065.2001953125,False,,1.0,0.0,False,12065.2001953125,1.0,0.0,False,0.0,1.0,0.0,False,0.0,1.0,0.0,False,12065.2001953125
scenario_118,NY,head_wic_eligible,True,0.0,0.0,True,0.0,0.0,False,,0.0,0.0,False,0.0,0.0,0.0,False,0.0,0.0,0.0,False,0.0,0.0,0.0,False,0.0
scenario_118,NY,reduced_price_school_meals_eligible,True,0.0,0.0,True,0.0,0.0,False,,0.0,0.0,False,0.0,0.0,0.0,False,0.0,0.0,0.0,False,0.0,0.0,0.0,False,0.0
scenario_118,NY,self_employment_tax,True,0.0,0.0,True,,,False,,0.0,0.0,False,,0.0,0.0,False,,0.0,0.0,False,,0.0,0.0,False,
scenario_118,NY,snap,True,2903.9404296875,2868.0,False,,,True,reference_depends_on_unlisted_input,2868.0,0.0,False,,2868.0,0.0,False,,2868.0,0.0,False,,2868.0,0.0,False,
scenario_118,NY,ssi,True,9368.0,9368.0,True,,,False,,9368.0,0.0,False,,9368.0,0.0,False,,9368.0,0.0,False,,9368.0,0.0,False,
scenario_118,NY,state_income_tax_before_refundable_credits,True,0.0,0.0,True,,,False,,0.0,0.0,False,,0.0,0.0,False,,0.0,0.0,False,,0.0,0.0,False,
scenario_118,NY,state_refundable_credits,True,375.0,375.0,True,,,False,,375.0,0.0,False,,375.0,0.0,False,,375.0,0.0,False,,375.0,0.0,False,
scenario_118,NY,tanf,True,0.0,0.0,True,,,False,,0.0,0.0,False,,0.0,0.0,False,,0.0,0.0,False,,0.0,0.0,False,
scenario_119,VA,federal_income_tax_before_refundable_credits,False,0.0,0.0,True,,,False,,0.0,0.0,False,,0.0,0.0,False,,0.0,0.0,False,,0.0,0.0,False,
scenario_119,VA,federal_refundable_credits,False,2854.0087890625,2854.0087890625,True,,,True,reference_engine_defect,2854.0087890625,0.0,False,,2854.0087890625,0.0,False,,2854.0087890625,0.0,False,,2854.0087890625,0.0,False,
scenario_119,VA,free_school_meals_eligible,False,0.0,0.0,True,0.0,0.0,False,,0.0,0.0,False,0.0,0.0,0.0,False,0.0,0.0,0.0,False,0.0,0.0,0.0,False,0.0
scenario_119,VA,local_income_tax,False,0.0,0.0,True,,,False,,0.0,0.0,False,,0.0,0.0,False,,0.0,0.0,False,,0.0,0.0,False,
scenario_119,VA,payroll_tax,False,4207.5,4207.5,True,,,False,,4207.5,0.0,False,,4207.5,0.0,False,,4207.5,0.0,False,,4207.5,0.0,False,
scenario_119,VA,head_chip_eligible,False,0.0,0.0,True,0.0,0.0,False,,0.0,0.0,False,0.0,0.0,0.0,False,0.0,0.0,0.0,False,0.0,0.0,0.0,False,0.0
scenario_119,VA,child1_chip_eligible,False,0.0,0.0,True,0.0,0.0,False,,0.0,0.0,False,0.0,0.0,0.0,False,0.0,0.0,0.0,False,0.0,0.0,0.0,False,0.0
scenario_119,VA,child2_chip_eligible,False,0.0,0.0,True,0.0,0.0,False,,0.0,0.0,False,0.0,0.0,0.0,False,0.0,0.0,0.0,False,0.0,0.0,0.0,False,0.0
scenario_119,VA,child1_early_head_start_eligible,False,0.0,0.0,True,0.0,0.0,False,,0.0,0.0,False,0.0,0.0,0.0,False,0.0,0.0,0.0,False,0.0,0.0,0.0,False,0.0
scenario_119,VA,child2_early_head_start_eligible,False,0.0,0.0,True,0.0,0.0,False,,0.0,0.0,False,0.0,0.0,0.0,False,0.0,0.0,0.0,False,0.0,0.0,0.0,False,0.0
scenario_119,VA,child1_head_start_eligible,False,0.0,0.0,True,0.0,0.0,False,,0.0,0.0,False,0.0,0.0,0.0,False,0.0,0.0,0.0,False,0.0,0.0,0.0,False,0.0
scenario_119,VA,child2_head_start_eligible,False,0.0,0.0,True,0.0,0.0,False,,0.0,0.0,False,0.0,0.0,0.0,False,0.0,0.0,0.0,False,0.0,0.0,0.0,False,0.0
scenario_119,VA,head_medicaid_eligible,False,0.0,0.0,True,0.0,0.0,False,,0.0,0.0,False,0.0,0.0,0.0,False,0.0,0.0,0.0,False,0.0,0.0,0.0,False,0.0
scenario_119,VA,child1_medicaid_eligible,False,0.0,0.0,True,0.0,0.0,False,,0.0,0.0,False,0.0,0.0,0.0,False,0.0,0.0,0.0,False,0.0,0.0,0.0,False,0.0
scenario_119,VA,child2_medicaid_eligible,False,0.0,0.0,True,0.0,0.0,False,,0.0,0.0,False,0.0,0.0,0.0,False,0.0,0.0,0.0,False,0.0,0.0,0.0,False,0.0
scenario_119,VA,head_medicare_eligible,False,0.0,0.0,True,0.0,0.0,False,,0.0,0.0,False,0.0,0.0,0.0,False,0.0,0.0,0.0,False,0.0,0.0,0.0,False,0.0
scenario_119,VA,child1_medicare_eligible,False,0.0,0.0,True,0.0,0.0,False,,0.0,0.0,False,0.0,0.0,0.0,False,0.0,0.0,0.0,False,0.0,0.0,0.0,False,0.0
scenario_119,VA,child2_medicare_eligible,False,0.0,0.0,True,0.0,0.0,False,,0.0,0.0,False,0.0,0.0,0.0,False,0.0,0.0,0.0,False,0.0,0.0,0.0,False,0.0
scenario_119,VA,head_wic_eligible,False,0.0,0.0,True,0.0,0.0,False,,0.0,0.0,False,0.0,0.0,0.0,False,0.0,0.0,0.0,False,0.0,0.0,0.0,False,0.0
scenario_119,VA,child1_wic_eligible,False,0.0,0.0,True,0.0,0.0,False,,0.0,0.0,False,0.0,0.0,0.0,False,0.0,0.0,0.0,False,0.0,0.0,0.0,False,0.0
scenario_119,VA,child2_wic_eligible,False,0.0,0.0,True,0.0,0.0,False,,0.0,0.0,False,0.0,0.0,0.0,False,0.0,0.0,0.0,False,0.0,0.0,0.0,False,0.0
scenario_119,VA,reduced_price_school_meals_eligible,False,0.0,0.0,True,0.0,0.0,False,,0.0,0.0,False,0.0,0.0,0.0,False,0.0,0.0,0.0,False,0.0,0.0,0.0,False,0.0
scenario_119,VA,self_employment_tax,False,0.0,0.0,True,,,False,,0.0,0.0,False,,0.0,0.0,False,,0.0,0.0,False,,0.0,0.0,False,
scenario_119,VA,snap,False,0.0,0.0,True,,,False,,0.0,0.0,False,,0.0,0.0,False,,0.0,0.0,False,,0.0,0.0,False,
scenario_119,VA,ssi,False,0.0,0.0,True,,,False,,0.0,0.0,False,,0.0,0.0,False,,0.0,0.0,False,,0.0,0.0,False,
scenario_119,VA,state_income_tax_before_refundable_credits,False,1859.0943603515625,1859.0943603515625,True,,,True,reference_engine_defect,1859.0943603515625,0.0,False,,1859.0943603515625,0.0,False,,1859.0943603515625,0.0,False,,1859.0943603515625,0.0,False,
scenario_119,VA,state_refundable_credits,False,0.0,0.0,True,,,False,,0.0,0.0,False,,0.0,0.0,False,,0.0,0.0,False,,0.0,0.0,False,
scenario_119,VA,tanf,False,0.0,0.0,True,,,False,,0.0,0.0,False,,0.0,0.0,False,,0.0,0.0,False,,0.0,0.0,False,
scenario_120,CT,federal_income_tax_before_refundable_credits,True,40021.81640625,40416.66796875,False,,,True,reference_engine_defect,40416.66796875,0.0,False,,40416.66796875,0.0,False,,40416.66796875,0.0,False,,40416.66796875,0.0,False,
scenario_120,CT,federal_refundable_credits,True,0.0,0.0,True,,,False,,0.0,0.0,False,,0.0,0.0,False,,0.0,0.0,False,,0.0,0.0,False,
scenario_120,CT,free_school_meals_eligible,True,0.0,0.0,True,0.0,0.0,False,,0.0,0.0,False,0.0,0.0,0.0,False,0.0,0.0,0.0,False,0.0,0.0,0.0,False,0.0
scenario_120,CT,local_income_tax,True,0.0,0.0,True,,,False,,0.0,0.0,False,,0.0,0.0,False,,0.0,0.0,False,,0.0,0.0,False,
scenario_120,CT,payroll_tax,True,13496.1552734375,13496.1552734375,True,,,False,,13496.1552734375,0.0,False,,13496.1552734375,0.0,False,,13496.1552734375,0.0,False,,13496.1552734375,0.0,False,
scenario_120,CT,head_chip_eligible,True,0.0,0.0,True,0.0,0.0,False,,0.0,0.0,False,0.0,0.0,0.0,False,0.0,0.0,0.0,False,0.0,0.0,0.0,False,0.0
scenario_120,CT,head_medicaid_eligible,True,0.0,0.0,True,0.0,0.0,False,,0.0,0.0,False,0.0,0.0,0.0,False,0.0,0.0,0.0,False,0.0,0.0,0.0,False,0.0
scenario_120,CT,head_medicare_eligible,True,1.0,1.0,True,5285.2001953125,12065.2001953125,False,,1.0,0.0,False,12065.2001953125,1.0,0.0,False,0.0,1.0,0.0,False,0.0,1.0,0.0,False,6709.60009765625
scenario_120,CT,head_wic_eligible,True,0.0,0.0,True,0.0,0.0,False,,0.0,0.0,False,0.0,0.0,0.0,False,0.0,0.0,0.0,False,0.0,0.0,0.0,False,0.0
scenario_120,CT,reduced_price_school_meals_eligible,True,0.0,0.0,True,0.0,0.0,False,,0.0,0.0,False,0.0,0.0,0.0,False,0.0,0.0,0.0,False,0.0,0.0,0.0,False,0.0
scenario_120,CT,self_employment_tax,True,0.0,0.0,True,,,False,,0.0,0.0,False,,0.0,0.0,False,,0.0,0.0,False,,0.0,0.0,False,
scenario_120,CT,snap,True,0.0,0.0,True,,,False,,0.0,0.0,False,,0.0,0.0,False,,0.0,0.0,False,,0.0,0.0,False,
scenario_120,CT,ssi,True,0.0,0.0,True,,,False,,0.0,0.0,False,,0.0,0.0,False,,0.0,0.0,False,,0.0,0.0,False,
scenario_120,CT,state_income_tax_before_refundable_credits,True,11917.18359375,11917.18359375,True,,,True,reference_engine_defect,11917.18359375,0.0,False,,11917.18359375,0.0,False,,11917.18359375,0.0,False,,11917.18359375,0.0,False,
scenario_120,CT,state_refundable_credits,True,0.0,0.0,True,,,False,,0.0,0.0,False,,0.0,0.0,False,,0.0,0.0,False,,0.0,0.0,False,
scenario_120,CT,tanf,True,0.0,0.0,True,,,False,,0.0,0.0,False,,0.0,0.0,False,,0.0,0.0,False,,0.0,0.0,False,
scenario_121,SC,federal_income_tax_before_refundable_credits,False,0.0,0.0,True,,,True,reference_depends_on_unlisted_input,0.0,0.0,False,,0.0,0.0,False,,0.0,0.0,False,,0.0,0.0,False,
scenario_121,SC,federal_refundable_credits,False,0.0,0.0,True,,,False,,0.0,0.0,False,,0.0,0.0,False,,0.0,0.0,False,,0.0,0.0,False,
scenario_121,SC,free_school_meals_eligible,False,0.0,0.0,True,0.0,0.0,False,,0.0,0.0,False,0.0,0.0,0.0,False,0.0,0.0,0.0,False,0.0,0.0,0.0,False,0.0
scenario_121,SC,local_income_tax,False,0.0,0.0,True,,,False,,0.0,0.0,False,,0.0,0.0,False,,0.0,0.0,False,,0.0,0.0,False,
scenario_121,SC,payroll_tax,False,1963.3724365234375,1963.3724365234375,True,,,False,,1963.3724365234375,0.0,False,,1963.3724365234375,0.0,False,,1963.3724365234375,0.0,False,,1963.3724365234375,0.0,False,
scenario_121,SC,head_chip_eligible,False,0.0,0.0,True,0.0,0.0,False,,0.0,0.0,False,0.0,0.0,0.0,False,0.0,0.0,0.0,False,0.0,0.0,0.0,False,0.0
scenario_121,SC,head_medicaid_eligible,False,0.0,0.0,True,0.0,0.0,False,,0.0,0.0,False,0.0,0.0,0.0,False,0.0,0.0,0.0,False,0.0,0.0,0.0,False,0.0
scenario_121,SC,head_medicare_eligible,False,0.0,0.0,True,0.0,0.0,False,,0.0,0.0,False,0.0,0.0,0.0,False,0.0,0.0,0.0,False,0.0,0.0,0.0,False,0.0
scenario_121,SC,head_wic_eligible,False,0.0,0.0,True,0.0,0.0,False,,0.0,0.0,False,0.0,0.0,0.0,False,0.0,0.0,0.0,False,0.0,0.0,0.0,False,0.0
scenario_121,SC,reduced_price_school_meals_eligible,False,0.0,0.0,True,0.0,0.0,False,,0.0,0.0,False,0.0,0.0,0.0,False,0.0,0.0,0.0,False,0.0,0.0,0.0,False,0.0
scenario_121,SC,self_employment_tax,False,0.0,0.0,True,,,False,,0.0,0.0,False,,0.0,0.0,False,,0.0,0.0,False,,0.0,0.0,False,
scenario_121,SC,snap,False,0.0,0.0,True,,,False,,0.0,0.0,False,,0.0,0.0,False,,0.0,0.0,False,,0.0,0.0,False,
scenario_121,SC,ssi,False,0.0,0.0,True,,,False,,0.0,0.0,False,,0.0,0.0,False,,0.0,0.0,False,,0.0,0.0,False,
scenario_121,SC,state_income_tax_before_refundable_credits,False,0.0,0.0,True,,,True,reference_depends_on_unlisted_input,0.0,0.0,False,,0.0,0.0,False,,0.0,0.0,False,,0.0,0.0,False,
scenario_121,SC,state_refundable_credits,False,0.0,0.0,True,,,False,,0.0,0.0,False,,0.0,0.0,False,,0.0,0.0,False,,0.0,0.0,False,
scenario_121,SC,tanf,False,0.0,0.0,True,,,False,,0.0,0.0,False,,0.0,0.0,False,,0.0,0.0,False,,0.0,0.0,False,
scenario_122,MN,federal_income_tax_before_refundable_credits,True,4746.66162109375,4746.66162109375,True,,,False,,4746.66162109375,0.0,False,,4746.66162109375,0.0,False,,4746.66162109375,0.0,False,,4746.66162109375,0.0,False,
scenario_122,MN,federal_refundable_credits,True,0.0,0.0,True,,,False,,0.0,0.0,False,,0.0,0.0,False,,0.0,0.0,False,,0.0,0.0,False,
scenario_122,MN,free_school_meals_eligible,True,0.0,0.0,True,0.0,0.0,False,,0.0,0.0,False,0.0,0.0,0.0,False,0.0,0.0,0.0,False,0.0,0.0,0.0,False,0.0
scenario_122,MN,local_income_tax,True,0.0,0.0,True,,,False,,0.0,0.0,False,,0.0,0.0,False,,0.0,0.0,False,,0.0,0.0,False,
scenario_122,MN,payroll_tax,True,0.0,0.0,True,,,False,,0.0,0.0,False,,0.0,0.0,False,,0.0,0.0,False,,0.0,0.0,False,
scenario_122,MN,head_chip_eligible,True,0.0,0.0,True,0.0,0.0,False,,0.0,0.0,False,0.0,0.0,0.0,False,0.0,0.0,0.0,False,0.0,0.0,0.0,False,0.0
scenario_122,MN,head_medicaid_eligible,True,0.0,0.0,True,0.0,0.0,False,,0.0,0.0,False,0.0,0.0,0.0,False,0.0,0.0,0.0,False,0.0,0.0,0.0,False,0.0
scenario_122,MN,head_medicare_eligible,True,1.0,1.0,True,5285.2001953125,12065.2001953125,False,,1.0,0.0,False,12065.2001953125,1.0,0.0,False,0.0,1.0,0.0,False,0.0,1.0,0.0,False,12065.2001953125
scenario_122,MN,head_wic_eligible,True,0.0,0.0,True,0.0,0.0,False,,0.0,0.0,False,0.0,0.0,0.0,False,0.0,0.0,0.0,False,0.0,0.0,0.0,False,0.0
scenario_122,MN,reduced_price_school_meals_eligible,True,0.0,0.0,True,0.0,0.0,False,,0.0,0.0,False,0.0,0.0,0.0,False,0.0,0.0,0.0,False,0.0,0.0,0.0,False,0.0
scenario_122,MN,self_employment_tax,True,0.0,0.0,True,,,False,,0.0,0.0,False,,0.0,0.0,False,,0.0,0.0,False,,0.0,0.0,False,
scenario_122,MN,snap,True,0.0,0.0,True,,,False,,0.0,0.0,False,,0.0,0.0,False,,0.0,0.0,False,,0.0,0.0,False,
scenario_122,MN,ssi,True,0.0,0.0,True,,,False,,0.0,0.0,False,,0.0,0.0,False,,0.0,0.0,False,,0.0,0.0,False,
scenario_122,MN,state_income_tax_before_refundable_credits,True,1025.54150390625,1025.54150390625,True,,,False,,1025.54150390625,0.0,False,,1025.54150390625,0.0,False,,1025.54150390625,0.0,False,,1025.54150390625,0.0,False,
scenario_122,MN,state_refundable_credits,True,0.0,0.0,True,,,False,,0.0,0.0,False,,0.0,0.0,False,,0.0,0.0,False,,0.0,0.0,False,
scenario_122,MN,tanf,True,0.0,0.0,True,,,False,,0.0,0.0,False,,0.0,0.0,False,,0.0,0.0,False,,0.0,0.0,False,
scenario_123,PA,federal_income_tax_before_refundable_credits,False,5200.240234375,5200.240234375,True,,,False,,5200.240234375,0.0,False,,5200.240234375,0.0,False,,5200.240234375,0.0,False,,5200.240234375,0.0,False,
scenario_123,PA,federal_refundable_credits,False,0.0,0.0,True,,,False,,0.0,0.0,False,,0.0,0.0,False,,0.0,0.0,False,,0.0,0.0,False,
scenario_123,PA,free_school_meals_eligible,False,0.0,0.0,True,0.0,0.0,False,,0.0,0.0,False,0.0,0.0,0.0,False,0.0,0.0,0.0,False,0.0,0.0,0.0,False,0.0
scenario_123,PA,local_income_tax,False,0.0,0.0,True,,,False,,0.0,0.0,False,,0.0,0.0,False,,0.0,0.0,False,,0.0,0.0,False,
scenario_123,PA,payroll_tax,False,11194.0,11194.0,True,,,False,,11194.0,0.0,False,,11194.0,0.0,False,,11194.0,0.0,False,,11194.0,0.0,False,
scenario_123,PA,head_chip_eligible,False,0.0,0.0,True,0.0,0.0,False,,0.0,0.0,False,0.0,0.0,0.0,False,0.0,0.0,0.0,False,0.0,0.0,0.0,False,0.0
scenario_123,PA,spouse_chip_eligible,False,0.0,0.0,True,0.0,0.0,False,,0.0,0.0,False,0.0,0.0,0.0,False,0.0,0.0,0.0,False,0.0,0.0,0.0,False,0.0
scenario_123,PA,child1_chip_eligible,False,0.0,0.0,True,0.0,0.0,False,,0.0,0.0,False,0.0,0.0,0.0,False,0.0,0.0,0.0,False,0.0,0.0,0.0,False,0.0
scenario_123,PA,child1_early_head_start_eligible,False,0.0,0.0,True,0.0,0.0,False,,0.0,0.0,False,0.0,0.0,0.0,False,0.0,0.0,0.0,False,0.0,0.0,0.0,False,0.0
scenario_123,PA,child1_head_start_eligible,False,0.0,0.0,True,0.0,0.0,False,,0.0,0.0,False,0.0,0.0,0.0,False,0.0,0.0,0.0,False,0.0,0.0,0.0,False,0.0
scenario_123,PA,head_medicaid_eligible,False,0.0,0.0,True,0.0,0.0,False,,0.0,0.0,False,0.0,0.0,0.0,False,0.0,0.0,0.0,False,0.0,0.0,0.0,False,0.0
scenario_123,PA,spouse_medicaid_eligible,False,0.0,0.0,True,0.0,0.0,False,,0.0,0.0,False,0.0,0.0,0.0,False,0.0,0.0,0.0,False,0.0,0.0,0.0,False,0.0
scenario_123,PA,child1_medicaid_eligible,False,0.0,0.0,True,0.0,0.0,False,,0.0,0.0,False,0.0,0.0,0.0,False,0.0,0.0,0.0,False,0.0,0.0,0.0,False,0.0
scenario_123,PA,head_medicare_eligible,False,0.0,0.0,True,0.0,0.0,False,,0.0,0.0,False,0.0,0.0,0.0,False,0.0,0.0,0.0,False,0.0,0.0,0.0,False,0.0
scenario_123,PA,spouse_medicare_eligible,False,0.0,0.0,True,0.0,0.0,False,,0.0,0.0,False,0.0,0.0,0.0,False,0.0,0.0,0.0,False,0.0,0.0,0.0,False,0.0
scenario_123,PA,child1_medicare_eligible,False,0.0,0.0,True,0.0,0.0,False,,0.0,0.0,False,0.0,0.0,0.0,False,0.0,0.0,0.0,False,0.0,0.0,0.0,False,0.0
scenario_123,PA,head_wic_eligible,False,0.0,0.0,True,0.0,0.0,False,,0.0,0.0,False,0.0,0.0,0.0,False,0.0,0.0,0.0,False,0.0,0.0,0.0,False,0.0
scenario_123,PA,spouse_wic_eligible,False,0.0,0.0,True,0.0,0.0,False,,0.0,0.0,False,0.0,0.0,0.0,False,0.0,0.0,0.0,False,0.0,0.0,0.0,False,0.0
scenario_123,PA,child1_wic_eligible,False,0.0,0.0,True,0.0,0.0,False,,0.0,0.0,False,0.0,0.0,0.0,False,0.0,0.0,0.0,False,0.0,0.0,0.0,False,0.0
scenario_123,PA,reduced_price_school_meals_eligible,False,0.0,0.0,True,0.0,0.0,False,,0.0,0.0,False,0.0,0.0,0.0,False,0.0,0.0,0.0,False,0.0,0.0,0.0,False,0.0
scenario_123,PA,self_employment_tax,False,0.0,0.0,True,,,False,,0.0,0.0,False,,0.0,0.0,False,,0.0,0.0,False,,0.0,0.0,False,
scenario_123,PA,snap,False,0.0,0.0,True,,,False,,0.0,0.0,False,,0.0,0.0,False,,0.0,0.0,False,,0.0,0.0,False,
scenario_123,PA,ssi,False,0.0,0.0,True,,,False,,0.0,0.0,False,,0.0,0.0,False,,0.0,0.0,False,,0.0,0.0,False,
scenario_123,PA,state_income_tax_before_refundable_credits,False,3070.061279296875,3070.061279296875,True,,,False,,3070.061279296875,0.0,False,,3070.061279296875,0.0,False,,3070.061279296875,0.0,False,,3070.061279296875,0.0,False,
scenario_123,PA,state_refundable_credits,False,0.0,0.0,True,,,False,,0.0,0.0,False,,0.0,0.0,False,,0.0,0.0,False,,0.0,0.0,False,
scenario_123,PA,tanf,False,0.0,0.0,True,,,False,,0.0,0.0,False,,0.0,0.0,False,,0.0,0.0,False,,0.0,0.0,False,
