{
  "countries": {
    "uk": {
      "country": "uk",
      "metadata": {
        "positive_weight_households": 53508,
        "source_dataset": "full PolicyEngine UK enhanced FRS",
        "source_dataset_uri": "hf://policyengine/policyengine-uk-data-private/enhanced_frs_2023_24.h5",
        "source_household_rows": 53508,
        "tax_year": 2026,
        "total_household_weight": 31966351.65114008
      },
      "raw": {
        "aggregate": {
          "capital_gains_tax": 24671642646.596275,
          "child_benefit": 17037245992.789185,
          "income_tax": 315696581775.46783,
          "national_insurance": 54748483628.25063,
          "pension_credit": 5755267556.228266,
          "pip": 28558358469.542618,
          "universal_credit": 83589230295.43661
        },
        "household": {
          "capital_gains_tax": 0.0036589462210238244,
          "child_benefit": 0.011041790484370225,
          "income_tax": 0.11799971005190679,
          "national_insurance": 0.02672378922903847,
          "pension_credit": 0.00543588150623118,
          "pip": 0.02432656421023392,
          "universal_credit": 0.09158423715858784
        }
      },
      "weights": {
        "aggregate": {
          "capital_gains_tax": 0.04654527998544024,
          "child_benefit": 0.032142301843229554,
          "income_tax": 0.5955900869540522,
          "national_insurance": 0.10328795434327437,
          "pension_credit": 0.0108578315450237,
          "pip": 0.05387792008542307,
          "universal_credit": 0.15769862524355682
        },
        "equal": {
          "capital_gains_tax": 0.14285714285714285,
          "child_benefit": 0.14285714285714285,
          "income_tax": 0.14285714285714285,
          "national_insurance": 0.14285714285714285,
          "pension_credit": 0.14285714285714285,
          "pip": 0.14285714285714285,
          "universal_credit": 0.14285714285714285
        },
        "household": {
          "capital_gains_tax": 0.013031784900879032,
          "child_benefit": 0.03932668856571006,
          "income_tax": 0.42027041308419655,
          "national_insurance": 0.09518004691301792,
          "pension_credit": 0.019360557454722375,
          "pip": 0.08664203653599599,
          "universal_credit": 0.3261884725454778
        }
      }
    },
    "us": {
      "country": "us",
      "metadata": {
        "formula_owned_output_inputs_cleared": [
          "ssi"
        ],
        "positive_weight_households": 75112,
        "source_dataset": "populace_us_2024 (populace-us-2024-5da5a95-20260611)",
        "source_dataset_uri": "hf://policyengine/populace-us/populace_us_2024.h5@populace-us-2024-5da5a95-20260611",
        "source_household_rows": 75112,
        "tax_year": 2026,
        "total_household_weight": 162801260.33903828
      },
      "raw": {
        "aggregate": {
          "federal_income_tax_before_refundable_credits": 2316701940565.6313,
          "federal_refundable_credits": 117198706218.89655,
          "free_school_meals_eligible": 31366728598.917366,
          "local_income_tax": 23618004329.01197,
          "payroll_tax": 787744877384.0505,
          "person_chip_eligible": 6523634762.460878,
          "person_early_head_start_eligible": 131429623832.7351,
          "person_head_start_eligible": 46409664031.62099,
          "person_medicaid_eligible": 880018859830.9431,
          "person_medicare_eligible": 297644679533.96265,
          "person_wic_eligible": 12754268248.648178,
          "reduced_price_school_meals_eligible": 3010004028.932879,
          "self_employment_tax": 85607732199.23578,
          "snap": 95654495325.30096,
          "ssi": 59432537411.43118,
          "state_income_tax_before_refundable_credits": 569565888839.8752,
          "state_refundable_credits": 19234551859.330315,
          "tanf": 8548440721.54587
        },
        "household": {
          "federal_income_tax_before_refundable_credits": 0.05908185712538575,
          "federal_refundable_credits": 0.011432731287241494,
          "free_school_meals_eligible": 0.00228285558744601,
          "local_income_tax": 0.0008077745879785862,
          "payroll_tax": 0.048298915692499174,
          "person_chip_eligible": 0.0005449122774130371,
          "person_early_head_start_eligible": 0.009581533399040769,
          "person_head_start_eligible": 0.003655707163869907,
          "person_medicaid_eligible": 0.09216733429835901,
          "person_medicare_eligible": 0.03314258468888689,
          "person_wic_eligible": 0.0009805016297368774,
          "reduced_price_school_meals_eligible": 0.000297115834341274,
          "self_employment_tax": 0.006445384943592125,
          "snap": 0.012797581892890847,
          "ssi": 0.006089985608056463,
          "state_income_tax_before_refundable_credits": 0.018528333386782822,
          "state_refundable_credits": 0.0017067859560046914,
          "tanf": 0.0008050950777457447
        }
      },
      "weights": {
        "aggregate": {
          "federal_income_tax_before_refundable_credits": 0.4217964235316879,
          "federal_refundable_credits": 0.021338090265337308,
          "free_school_meals_eligible": 0.005710865825787763,
          "local_income_tax": 0.004300073989881026,
          "payroll_tax": 0.14342284008053105,
          "person_chip_eligible": 0.0011877426970865169,
          "person_early_head_start_eligible": 0.023929079657622126,
          "person_head_start_eligible": 0.008449697374995738,
          "person_medicaid_eligible": 0.160222945048554,
          "person_medicare_eligible": 0.05419146033089109,
          "person_wic_eligible": 0.002322139347252453,
          "reduced_price_school_meals_eligible": 0.0005480242891797638,
          "self_employment_tax": 0.0155863966080505,
          "snap": 0.017415586924008748,
          "ssi": 0.01082074102093356,
          "state_income_tax_before_refundable_credits": 0.10369950949307298,
          "state_refundable_credits": 0.0035019892030303513,
          "tanf": 0.0015563943120971116
        },
        "equal": {
          "federal_income_tax_before_refundable_credits": 0.05555555555555555,
          "federal_refundable_credits": 0.05555555555555555,
          "free_school_meals_eligible": 0.05555555555555555,
          "local_income_tax": 0.05555555555555555,
          "payroll_tax": 0.05555555555555555,
          "person_chip_eligible": 0.05555555555555555,
          "person_early_head_start_eligible": 0.05555555555555555,
          "person_head_start_eligible": 0.05555555555555555,
          "person_medicaid_eligible": 0.05555555555555555,
          "person_medicare_eligible": 0.05555555555555555,
          "person_wic_eligible": 0.05555555555555555,
          "reduced_price_school_meals_eligible": 0.05555555555555555,
          "self_employment_tax": 0.05555555555555555,
          "snap": 0.05555555555555555,
          "ssi": 0.05555555555555555,
          "state_income_tax_before_refundable_credits": 0.05555555555555555,
          "state_refundable_credits": 0.05555555555555555,
          "tanf": 0.05555555555555555
        },
        "household": {
          "federal_income_tax_before_refundable_credits": 0.1914221066652305,
          "federal_refundable_credits": 0.03704144748356149,
          "free_school_meals_eligible": 0.007396331920203742,
          "local_income_tax": 0.0026171471389828957,
          "payroll_tax": 0.156485944100969,
          "person_chip_eligible": 0.0017654870913889037,
          "person_early_head_start_eligible": 0.031043663783878992,
          "person_head_start_eligible": 0.01184429875272956,
          "person_medicaid_eligible": 0.29861731088899385,
          "person_medicare_eligible": 0.10738022956884362,
          "person_wic_eligible": 0.0031767736608990255,
          "reduced_price_school_meals_eligible": 0.0009626396613177376,
          "self_employment_tax": 0.020882707893767935,
          "snap": 0.04146349159199656,
          "ssi": 0.019731232756971185,