{
  "countries": {
    "uk": {
      "country": "uk",
      "metadata": {
        "positive_weight_households": 53508,
        "source_dataset": "full PolicyEngine UK enhanced FRS",
        "source_dataset_uri": "hf://policyengine/policyengine-uk-data-private/enhanced_frs_2023_24.h5",
        "source_household_rows": 53508,
        "tax_year": 2026,
        "total_household_weight": 31966351.65114008
      },
      "raw": {
        "aggregate": {
          "capital_gains_tax": 24671642646.596275,
          "child_benefit": 17037245992.789185,
          "income_tax": 315696581775.46783,
          "national_insurance": 54748483628.25063,
          "pension_credit": 5755267556.228266,
          "pip": 28558358469.542618,
          "universal_credit": 83589230295.43661
        },
        "household": {
          "capital_gains_tax": 0.0036589462210238244,
          "child_benefit": 0.011041790484370225,
          "income_tax": 0.11799971005190679,
          "national_insurance": 0.02672378922903847,
          "pension_credit": 0.00543588150623118,
          "pip": 0.02432656421023392,
          "universal_credit": 0.09158423715858784
        }
      },
      "weights": {
        "aggregate": {
          "capital_gains_tax": 0.04654527998544024,
          "child_benefit": 0.032142301843229554,
          "income_tax": 0.5955900869540522,
          "national_insurance": 0.10328795434327437,
          "pension_credit": 0.0108578315450237,
          "pip": 0.05387792008542307,
          "universal_credit": 0.15769862524355682
        },
        "equal": {
          "capital_gains_tax": 0.14285714285714285,
          "child_benefit": 0.14285714285714285,
          "income_tax": 0.14285714285714285,
          "national_insurance": 0.14285714285714285,
          "pension_credit": 0.14285714285714285,
          "pip": 0.14285714285714285,
          "universal_credit": 0.14285714285714285
        },
        "household": {
          "capital_gains_tax": 0.013031784900879032,
          "child_benefit": 0.03932668856571006,
          "income_tax": 0.42027041308419655,
          "national_insurance": 0.09518004691301792,
          "pension_credit": 0.019360557454722375,
          "pip": 0.08664203653599599,
          "universal_credit": 0.3261884725454778
        }
      }
    },
    "us": {
      "country": "us",
      "metadata": {
        "positive_weight_households": 5923,
        "source_dataset": "full PolicyEngine US Enhanced CPS",
        "source_dataset_uri": "hf://policyengine/policyengine-us-data/enhanced_cps_2024.h5",
        "source_household_rows": 41314,
        "tax_year": 2026,
        "total_household_weight": 157008330.65160477
      },
      "raw": {
        "aggregate": {
          "federal_income_tax_before_refundable_credits": 4763362384199.395,
          "federal_refundable_credits": 103784360961.47974,
          "free_school_meals_eligible": 32172269261.025383,
          "local_income_tax": 0.0,
          "payroll_tax": 719072929434.2354,
          "person_chip_eligible": 10717722322.937572,
          "person_early_head_start_eligible": 23283447581.247517,
          "person_head_start_eligible": 16022045869.038727,
          "person_medicaid_eligible": 574295932953.672,
          "person_medicare_eligible": 306643706461.00226,
          "person_wic_eligible": 11605709800.817852,
          "premium_tax_credit": 76122643967.50888,
          "reduced_price_school_meals_eligible": 3455718386.204275,
          "self_employment_tax": 148049787132.89783,
          "snap": 87623824825.74847,
          "ssi": 61394330749.76135,
          "state_income_tax_before_refundable_credits": 857189505100.1526,
          "state_refundable_credits": 20061225409.452038,
          "tanf": 8473054738.1735115
        },
        "household": {
          "federal_income_tax_before_refundable_credits": 0.05661251249020644,
          "federal_refundable_credits": 0.015036949000854073,
          "free_school_meals_eligible": 0.004116576908915642,
          "local_income_tax": 0.0,
          "payroll_tax": 0.04997741326644832,
          "person_chip_eligible": 0.0011316887181954717,
          "person_early_head_start_eligible": 0.0020835399137880796,
          "person_head_start_eligible": 0.0015016335870969267,
          "person_medicaid_eligible": 0.10264288196282217,
          "person_medicare_eligible": 0.0394256079419971,
          "person_wic_eligible": 0.0016113254178925236,
          "premium_tax_credit": 0.008727713685099297,
          "reduced_price_school_meals_eligible": 0.0004270908326149426,
          "self_employment_tax": 0.008710884693863571,
          "snap": 0.024348512434732215,
          "ssi": 0.007249161788433661,
          "state_income_tax_before_refundable_credits": 0.018376356518708763,
          "state_refundable_credits": 0.0041598263276550005,
          "tanf": 0.0014713035040894247
        }
      },
      "weights": {
        "aggregate": {
          "federal_income_tax_before_refundable_credits": 0.6088663036576825,
          "federal_refundable_credits": 0.013266007315694012,
          "free_school_meals_eligible": 0.004112349446730699,
          "local_income_tax": 0.0,
          "payroll_tax": 0.09191391317553749,
          "person_chip_eligible": 0.0013699692461028733,
          "person_early_head_start_eligible": 0.002976155396496105,
          "person_head_start_eligible": 0.0020479827186096144,
          "person_medicaid_eligible": 0.0734081125263606,
          "person_medicare_eligible": 0.03919605627993437,
          "person_wic_eligible": 0.0014834742893355113,
          "premium_tax_credit": 0.009730209276306608,
          "reduced_price_school_meals_eligible": 0.00044171959019316385,
          "self_employment_tax": 0.018924137904755483,
          "snap": 0.011200322383821482,
          "ssi": 0.007847595083914072,
          "state_income_tax_before_refundable_credits": 0.10956836020617168,
          "state_refundable_credits": 0.0025642819455462484,
          "tanf": 0.0010830495568075519
        },
        "equal": {
          "federal_income_tax_before_refundable_credits": 0.05263157894736842,
          "federal_refundable_credits": 0.05263157894736842,
          "free_school_meals_eligible": 0.05263157894736842,
          "local_income_tax": 0.05263157894736842,
          "payroll_tax": 0.05263157894736842,
          "person_chip_eligible": 0.05263157894736842,
          "person_early_head_start_eligible": 0.05263157894736842,
          "person_head_start_eligible": 0.05263157894736842,
          "person_medicaid_eligible": 0.05263157894736842,
          "person_medicare_eligible": 0.05263157894736842,
          "person_wic_eligible": 0.05263157894736842,
          "premium_tax_credit": 0.05263157894736842,
          "reduced_price_school_meals_eligible": 0.05263157894736842,
          "self_employment_tax": 0.05263157894736842,
          "snap": 0.05263157894736842,
          "ssi": 0.05263157894736842,
          "state_income_tax_before_refundable_credits": 0.05263157894736842,
          "state_refundable_credits": 0.05263157894736842,
          "tanf": 0.05263157894736842
        },
        "household": {
          "federal_income_tax_before_refundable_credits": 0.16286169284451488,
          "federal_refundable_credits": 0.04325798064375575,
          "free_school_meals_eligible": 0.011842482423415174,
          "local_income_tax": 0.0,
          "payroll_tax": 0.14377397805779682,
          "person_chip_eligible": 0.003255618454493391,
          "person_early_head_start_eligible": 0.005993884082204313,
          "person_head_start_eligible": 0.004319868122247598,
          "person_medicaid_eligible": 0.2952808978014674,
          "person_medicare_eligible": 0.1134187650118615,
          "person_wic_eligible": 0.00463542728874238,
          "premium_tax_credit": 0.02510770433768338,
          "reduced_price_school_meals_eligible": 0.0012286459819298024,
          "self_employment_tax": 0.025059291047388414,