{
  "countries": {
    "uk": {
      "country": "uk",
      "metadata": {
        "positive_weight_households": 53508,
        "source_dataset": "full PolicyEngine UK enhanced FRS",
        "source_dataset_uri": "hf://policyengine/policyengine-uk-data-private/enhanced_frs_2023_24.h5",
        "source_household_rows": 53508,
        "tax_year": 2026,
        "total_household_weight": 31966351.65114008
      },
      "raw": {
        "aggregate": {
          "capital_gains_tax": 24671642646.596275,
          "child_benefit": 17037245992.789185,
          "income_tax": 315696581775.46783,
          "national_insurance": 54748483628.25063,
          "pension_credit": 5755267556.228266,
          "pip": 28558358469.542618,
          "universal_credit": 83589230295.43661
        },
        "household": {
          "capital_gains_tax": 0.0036589462210238244,
          "child_benefit": 0.011041790484370225,
          "income_tax": 0.11799971005190679,
          "national_insurance": 0.02672378922903847,
          "pension_credit": 0.00543588150623118,
          "pip": 0.02432656421023392,
          "universal_credit": 0.09158423715858784
        }
      },
      "weights": {
        "aggregate": {
          "capital_gains_tax": 0.04654527998544024,
          "child_benefit": 0.032142301843229554,
          "income_tax": 0.5955900869540522,
          "national_insurance": 0.10328795434327437,
          "pension_credit": 0.0108578315450237,
          "pip": 0.05387792008542307,
          "universal_credit": 0.15769862524355682
        },
        "equal": {
          "capital_gains_tax": 0.14285714285714285,
          "child_benefit": 0.14285714285714285,
          "income_tax": 0.14285714285714285,
          "national_insurance": 0.14285714285714285,
          "pension_credit": 0.14285714285714285,
          "pip": 0.14285714285714285,
          "universal_credit": 0.14285714285714285
        },
        "household": {
          "capital_gains_tax": 0.013031784900879032,
          "child_benefit": 0.03932668856571006,
          "income_tax": 0.42027041308419655,
          "national_insurance": 0.09518004691301792,
          "pension_credit": 0.019360557454722375,
          "pip": 0.08664203653599599,
          "universal_credit": 0.3261884725454778
        }
      }
    },
    "us": {
      "country": "us",
      "metadata": {
        "positive_weight_households": 5923,
        "source_dataset": "full PolicyEngine US Enhanced CPS",
        "source_dataset_uri": "hf://policyengine/policyengine-us-data/enhanced_cps_2024.h5",
        "source_household_rows": 41314,
        "tax_year": 2026,
        "total_household_weight": 157008330.65160477
      },
      "raw": {
        "aggregate": {
          "federal_income_tax_before_refundable_credits": 4763362384199.395,
          "federal_refundable_credits": 103784360961.47974,
          "free_school_meals_eligible": 32172269261.025383,
          "local_income_tax": 0.0,
          "payroll_tax": 719072929434.2354,
          "person_chip_eligible": 10717722322.937572,
          "person_early_head_start_eligible": 23283447581.247517,
          "person_head_start_eligible": 16022045869.038727,
          "person_medicaid_eligible": 574295932953.672,
          "person_medicare_eligible": 306643706461.00226,
          "person_wic_eligible": 11605709800.817852,
          "reduced_price_school_meals_eligible": 3455718386.204275,
          "self_employment_tax": 148049787132.89783,
          "snap": 87623824825.74847,
          "ssi": 61394330749.76135,
          "state_income_tax_before_refundable_credits": 857189505100.1526,
          "state_refundable_credits": 20061225409.452038,
          "tanf": 8473054738.1735115
        },
        "household": {
          "federal_income_tax_before_refundable_credits": 0.05661292424636547,
          "federal_refundable_credits": 0.015041859969804339,
          "free_school_meals_eligible": 0.00411965974667059,
          "local_income_tax": 0.0,
          "payroll_tax": 0.04998604286337823,
          "person_chip_eligible": 0.0011391508662540598,
          "person_early_head_start_eligible": 0.0020835399137880796,
          "person_head_start_eligible": 0.0015016335870969267,
          "person_medicaid_eligible": 0.10264639234302034,
          "person_medicare_eligible": 0.039425781586775094,
          "person_wic_eligible": 0.0016113254178925236,
          "reduced_price_school_meals_eligible": 0.0004271012919697804,
          "self_employment_tax": 0.008710947453597264,
          "snap": 0.024348512499260625,
          "ssi": 0.007249420098928034,
          "state_income_tax_before_refundable_credits": 0.01837745340592074,
          "state_refundable_credits": 0.004159851751358165,
          "tanf": 0.0014713035040894247
        }
      },
      "weights": {
        "aggregate": {
          "federal_income_tax_before_refundable_credits": 0.6148489122471568,
          "federal_refundable_credits": 0.013396356669629553,
          "free_school_meals_eligible": 0.004152756637890949,
          "local_income_tax": 0.0,
          "payroll_tax": 0.09281704242271836,
          "person_chip_eligible": 0.0013834303125633005,
          "person_early_head_start_eligible": 0.003005398553379194,
          "person_head_start_eligible": 0.0020681058210540175,
          "person_medicaid_eligible": 0.07412940717166949,
          "person_medicare_eligible": 0.039581189537539786,
          "person_wic_eligible": 0.0014980506355256802,
          "reduced_price_school_meals_eligible": 0.00044605984584297303,
          "self_employment_tax": 0.019110083011747377,
          "snap": 0.011310374696612968,
          "ssi": 0.007924704113390166,
          "state_income_tax_before_refundable_credits": 0.11064495881076879,
          "state_refundable_credits": 0.0025894781094677843,
          "tanf": 0.0010936914030428562
        },
        "equal": {
          "federal_income_tax_before_refundable_credits": 0.05555555555555555,
          "federal_refundable_credits": 0.05555555555555555,
          "free_school_meals_eligible": 0.05555555555555555,
          "local_income_tax": 0.05555555555555555,
          "payroll_tax": 0.05555555555555555,
          "person_chip_eligible": 0.05555555555555555,
          "person_early_head_start_eligible": 0.05555555555555555,
          "person_head_start_eligible": 0.05555555555555555,
          "person_medicaid_eligible": 0.05555555555555555,
          "person_medicare_eligible": 0.05555555555555555,
          "person_wic_eligible": 0.05555555555555555,
          "reduced_price_school_meals_eligible": 0.05555555555555555,
          "self_employment_tax": 0.05555555555555555,
          "snap": 0.05555555555555555,
          "ssi": 0.05555555555555555,
          "state_income_tax_before_refundable_credits": 0.05555555555555555,
          "state_refundable_credits": 0.05555555555555555,
          "tanf": 0.05555555555555555
        },
        "household": {
          "federal_income_tax_before_refundable_credits": 0.1670426949081366,
          "federal_refundable_credits": 0.044382671611390034,
          "free_school_meals_eligible": 0.012155511755473511,
          "local_income_tax": 0.0,
          "payroll_tax": 0.14748934839253394,
          "person_chip_eligible": 0.003361190631629187,
          "person_early_head_start_eligible": 0.006147714974645061,
          "person_head_start_eligible": 0.0044307359934572955,
          "person_medicaid_eligible": 0.3028695342596938,
          "person_medicare_eligible": 0.1163301294321907,
          "person_wic_eligible": 0.004754393873162744,
          "reduced_price_school_meals_eligible": 0.0012602096033567686,
          "self_employment_tax": 0.025702613974148743,
          "snap": 0.07184297930241713,
          "ssi": 0.021390215855594006,
          "state_income_tax_before_refundable_credits": 0.05422470899250176,
          "state_refundable_credits": 0.012274102710916055,