model,mean_score,mean_exact,mean_within_1pct,mean_within_5pct,mean_mae,mean_mape,mean_within_10pct,mean_accuracy,mean_coverage,total_n,parsed_n
gpt-5.4,0.8171703296703297,0.8109203296703297,0.8109203296703297,0.8171703296703297,1050.2545016200977,1.8879429395435068,0.8296703296703296,0.9392464678178963,1.0,220,220
