case_id,prompt_sha256,verdict_sha256,meta_sha256
us__scenario_000__federal_income_tax_before_refundable_credits,bea8f0ddc4154bae09f3f6ceb06c89821d9e511907f48cd1694a91a1fe7bdba9,929c756ea051e5dd356db3d10a9333d3d25f317fea14b643deb678eaebd5c06a,58ca79c41a94b24d0edb96c4ffe5cfec5fade6e0920fdaba3e9f2c0058652012
us__scenario_000__head_medicaid_eligible,8089c5b7a0466e36ef70a540a36e0f4d2ef3e03016761d5af347bdf3413c3169,23da81291d2f22a85339bb188697a3ce2973dabd3bcdcc2c9542da0e89f44968,dd7dc723051f9873c3cdd52a53db7ef8938ffe149d025d28bf5887f7b0eb84e8
us__scenario_000__payroll_tax,ad3ec2acf8cf3f51cc1b1163b7235de86faf8155ae40414008d923bd19fd4f68,2976fd7ab6bd851cfb4280f8e4bf6237fc50c8fc6bc9c0bb5fa1bef7ea5081ec,b837fad2b03fddc897d1ddcc43bbf59bbd41e61aa6eb60c34953fc44ab2b3bbd
us__scenario_001__federal_income_tax_before_refundable_credits,8e481d2423d8a00d78610db517ca72ebe146b6cdda3bede219de8a605f1537ad,26332b1907accd4a10afa346bde68e6f17f61627dbcb7a66de117a3f3e78fe98,a4bb6aae7859f39ff64d7e97a92cb4dd9735b2211f70d18d64226060b03fdce9
us__scenario_001__head_medicaid_eligible,5b02a3162ff896f56d86345134b7eaedf86a92df2dc4385cfd12c4a8eea72072,01d80f20bff3223c3e6e45fc067fde2a8dacd0735cae5e387bdc5cf010128119,366978a997094adc8fccaa427904910aaa31c2e6e19b9ee30890aa47c06ea6f2
us__scenario_001__payroll_tax,9823daa04787348f26f579dc51f57398cfde0e8ac182b9b7b4039777536b61ea,73dcfb1b3d84dd5872bc6df2284173bd61036e6a87f68967029a4c7c8bf798bc,fa7d4d2fb87cce881db298ee593531f89f47386211ae4a19262313c82db64ab6
us__scenario_001__snap,194a3313e5d135c9a819556944a0f5e62e7bffc7237f6028662fbd2ce2cc0593,3c28eb95c4f073cec7b6b557eb113f8e38f378e353d2767e41482c606a729613,51aeaa23cb5919aa3ebfd61b4961b6b506ce2ce6ccfccc9a6328a561ebd737e2
us__scenario_001__spouse_medicaid_eligible,0e4e93d6427a4d287d6a94d667ee53a271844c4040c62a1d59280cece0a87d53,881bc970e58f5c834264dd8cd1aef813e3b88f4288ac360c4530a2a60fced54b,0d94d6c6b224e2a392ad48254e15d92a39ba54c12cfa859ff1605bbc2ca2f8a0
us__scenario_001__spouse_medicare_eligible,0656f728338046a43a0d834c0f4142b45f0c2769fbd28ebb16e748773a99e1c5,cc4bf2ef991e1d2df6eb2dc0832bea10d4e98313a634a03c95650062870c9b1c,447a317317f922a3e7e4bb8e41a4d1ddcd01adcb2f6b7105411045e1306c0204
us__scenario_001__state_income_tax_before_refundable_credits,ec40241c45e8bfa855423975eb9895d04402eef36695e482c368d92d75b075e7,76e16fef6cedb66eaddee61f05552391deed824c858df115640cb34b9fa08e91,1d642fb6304202a6834ae0783b5af7b5ffff1b07ac36a8c5190e7e34902be73e
us__scenario_002__federal_income_tax_before_refundable_credits,3879086195ef09bc9fbbb4224f27c4b266087792861bfe60dae6d4ef829be7f9,7b4c64608ce0152998d61f834b2f56e051899f304f1e234c6bc8d67f31d3a53c,27fd1c51393db7501148c4ae7ccd026fcf37152e7350e8e4d62b348abae7f07d
us__scenario_002__payroll_tax,8e44f4b6852ea58a9cdbd8f3c0dfde061fec4277853883bcad021cfb08f86393,6941c2013a9ff6a340bbdb01caa5d540ebbd16131ec51ff8c5c1a4191e37e078,89efe7a399545528f286acfa6716ecdd04980be74cd8403a3e12103dcf0adc84
us__scenario_002__spouse_medicaid_eligible,f31870852cd979c20818b8eb95109f28f97bc5884f730d8bb088eb1632540437,0614261cf2a4ae6b08880ad85cba80f2c8422e1d427e790c0af98547fabb430a,ec1d7795f3e64708944034313d33aec8f3e451a70d65e2a95e0aba46558cda84
us__scenario_003__federal_income_tax_before_refundable_credits,6fd04e9cc5c9f25689d7dd1788dbe8ba1c153a1090587099e28f39624869e864,b701c74f04ece7bac39677f594e480cfc1e51235d59027f442253bd6f261a9dd,3f341b9c02ba913c5d137b8b0739ebe961afb112c45d751279cade43bf980e22
us__scenario_003__head_medicare_eligible,3d383853ed8d2408b42b2d8f860e8ef13d837147fd4aeb7a79a2bd2767d65876,963de2b07086fa8200ffc7044fae0f2814b6dcf4416ece7f6251ee761b1093e0,a0804bd73ee3ebf966b2ed1965af0546c12e413c8453b1561a0f22976a29e276
us__scenario_003__payroll_tax,7bbbfaf9883624c09846b24f41b05c655297f7909657a7b6338b59eff910c970,cc8373e601995d8be14e9a3bde16c2eb9782dd7b5b4be7b5b56ffd550e4c64f6,27a30e85dd27a17ea8e51fc5a96b1c038419ea9fb09eb664c1e77144c84babe7
us__scenario_003__state_income_tax_before_refundable_credits,887a8e3537b86044d115cf9871eee3fc94fe0d657c12db4fb74d54ef84754d4b,dadce1fd2cf0db15a840b85aec6bd3eae1f9ae0f90dde245e3fb8f352cbf8e6d,7fdf43f08bb5bd01caec0bc17e34982bb585e47d8ef560b7571a6c597f568561
us__scenario_004__federal_income_tax_before_refundable_credits,9e983ac85d363eb014b702bb595f1d7c7244ea1e86e64cfb065f486ce116e9ea,594e83cb33e224a96cf4164e8d41c5683f2bc0c1c0e9f44d9e5bed2700b3c35d,f586fcf1d2f6b0a62284a557841ac6f605e21db22704702d694eaeb7eac7bbde
us__scenario_004__head_medicaid_eligible,2675aa52eb07eafe4f531ab52c6d097e3d9bad454cd1576d5ff7299fd6efd176,a3bf397cbcc6f02c37862addb0c34de649b1b18ca8ab2c862ce302a9411ecbe9,4b066c1964453b931163e08d44bb4d2c03d1cd0e7cce8f5ddad36bf4cf7388f3
us__scenario_004__head_medicare_eligible,c4741b2164e29719d5b32819b5973680169dc4b65a5eec64ac5fddb8df059e27,4c97ce28067f3cef1da48d7d4b1f429c3dae32de6913fb5a27429609897aa84a,baf0b47e5e2aba15498b0cdb0a2866eea95ee8c344ee6fc997544a2a96346646
us__scenario_004__payroll_tax,6564a474d536aec4c4493b871c44efd8d7cb1bbbb8d8b40dd8e8b20e95bc28f4,3a5985011267f36bcb9d0587e7b81a3c5849723e80eba716a88038e2fe5b02f3,a7c31dc45ff3549b65109323bcf605331c246f3be846bce3a6fa3bae3412badf
us__scenario_004__spouse_medicaid_eligible,dea74d788c0be58164bc9e89db06eafc48b2ef87a41487949db5004b53aed483,f67c8c87218256a0f55d4ff186e8c9e3e00ed87c5486c0cdcc84ba779e18f4dd,df4b36638f4034b9ab72f2c6ab60336a98bf8e9e21e0c6194d11268a6cb2604c
us__scenario_004__state_income_tax_before_refundable_credits,79e3c8505e4bf3b830175a7a82e1f86c3a30860d1139f78cbfdd7525c16dce73,ac22060d7debccb45bf71e79e45df9e54a606222c64945eb1abfb097b3696605,7ba8f9643e36399243e0f873b73cdd5b0c37814acdf479e8f738e8ec88b6e2a7
us__scenario_004__state_refundable_credits,e65faf7c6f5dc4487aa71a232f55f12658775f0b65e6046a8721abbb20228a35,b1b6c3aea2d345d1780d1fa45fe90a705323880794e00ea121d3951b013d12d7,ae7b24eecc0c98d3e3050508ac53f5b3e1b7c7d08236fa02b310ad9703eef1b3
us__scenario_005__federal_income_tax_before_refundable_credits,75c44721b37517db2146fb9f0f110dfb2ea2d8f5ae9b9dab3594d91bb091338c,df93ae6729a4c8a7b1faa94b346776e631f437a9363eb56eb7439bb430a56443,1c896ccbf526bc38fa17e937a30c040c2490f4aa18c3ad0ea54993a32c6cf6d5
us__scenario_005__payroll_tax,dced8b65d729cb17937f8afcbc1b0a2ea451a99aaabcf0c167b57d5f7dd84e15,a08f99e87de20588f1b2f34d0e8a9084c54db3239292aa484d26b63204825509,1a16a4fecbe3ccbd8fa8848f4458f2c6dbaba0f1a0cc6f70e04db6c565dd3f90
us__scenario_005__state_income_tax_before_refundable_credits,65d24ecc674928da959daae9615fe4f855aa1e23b6f67417eb96ddc7b7090a99,6a72ba07aaef729002b373234d135afd7e1fc7a592a42589e5791f0d1420b80b,7f21f38bddb35470ecc0b3ece55bd4dd770ba9b7e9a1343c4df085659f550794
us__scenario_007__federal_income_tax_before_refundable_credits,ae7d198f02cbdfbddc6122792fcc78c8780281ba2185cc43e4e5487a88af9451,ae4f45e4c06169ac8062ba546969e25a0e2e25569b56143c4811d70c95867032,504d8f1bbc9c2edf399f495bb338a42a2894ec807caae412012cde8419db41d9
us__scenario_007__head_medicare_eligible,d6f3575f5ba18e234272f55c6dd9f63f19fb7eebf4e13c0647b368d8ca4518f4,3f881ff75efd3f35dfa847af2c94cb597a6fff67eaf70f139a3eddd9a9faaf24,11050b9135020a163ce4c6cb348f4e5a6c6a64f8fd943aa62db42ff0c965cbdb
us__scenario_007__payroll_tax,582c724c86cdf328d26aeed0be2f7982255366d6f05bdc22aead1ff6f68a1565,e9746dc99fcb16bd82cfdc51b35bd027e9cca84a5e27da88fa8b68811c8e20c5,a9e595610bd6d9573f0a7c61f038399268ecb13305d0d65e419777efd0c9eec5
us__scenario_007__state_income_tax_before_refundable_credits,0d0c94ac7a55cc2775f9088760f1aef686c42cb1f7050911bf530d3d0d0b105a,4c86652fbfe23e755f537782717de45e07b8617da10bb31967771456d9ca65bd,2edcef2de469c8d5909f2118473bcd82f048274ec97fad245917be00a52aa364
us__scenario_007__state_refundable_credits,f499e91961a2fe504defeb2aacf35971dd388808aba35c9581d52c6a54be5d3c,ef3ef8ea2b037bbf844e47e9020d32e33e9996fd247c00d7e38f2997300bdffa,388ed9c60769f7d54b745050edafd4de878e7d6bc8d5b0d9a86dc2e5e3b02765
us__scenario_008__child1_chip_eligible,a93978d5d293cfe92935b099a148d277e0c77be2ae086cb1d20efc27cf3ab30e,507b44d055f2623db2791e3a0b97195fa6353e019d482fbf7b26ff17a055d83e,6563e453eb30ba07dc3ac22971101c9ffa365bacced5db13ae8bce851346f2a3
us__scenario_008__child1_medicaid_eligible,546e03b9768c3db88d457ace694fee63a5d0e8d71e8fc46cf8871a619fa28362,063cbc6c13a76d76c39c448a742b7ba7f58a012d0fffa5a2feff6a5a8055bae7,7992cc8b61cde57c76c538b7b3f5a55e38ff72d7bbdae764b402bd75940af95a
us__scenario_008__child1_wic_eligible,3de7603916921d46a583fb60f793984c2a22a885565ee7b9995d7a51c4710dab,5b9e51ff86cec1b37a9a4a1e1f2ca5d7a21b0ac1f4e5fd88ee6b06f789c8e4f2,ce7d1f94f27f9e6d73c666351a31bb30072d1441951a32a3a720cf6fd832e326
us__scenario_008__child2_chip_eligible,a32841e960466ea34fdc40a542b6aca12c991e6f47eed26748eb0953060a92fd,e36890a740d48f7e0f7ee115c17ecb461eaeec02547a792bec190b04885b00b1,0ecac6e1e82158a7ef4d53fa55e745245c0b7ab88614987eb1a2ac66fba5cdc4
us__scenario_008__child2_medicaid_eligible,a9d876d93eb0a849ecf0c811c87af8ddbc6c1d819e1734eb538ba278d050e4d8,ed47b0ccb8d73d15468005c0e4119960a42faeaf74395c1f270b8b2f3d2b8906,a18fd7365a920c195a0292f5aaeff73bcfa0e28e99784794ddc054083344d762
us__scenario_008__child2_wic_eligible,7a64b827ebe7754de190f98fcb49b3f5a8a86f4f658d603158d798fa9da84953,be6d060fec347cdf4302a2a366d0c89c94715a71a130da165e20b4a1dca9b73b,33cd4d98a05ab8deaf92747ae5b62061c0c738fb596b3a6b582263afa3fb0cd1
us__scenario_008__child3_chip_eligible,86f3d921a868bd221ad58746c9bf9f784b67aa30a3135a5a15a42964e4aff436,da787274666b5a020e7c15795d7beef35c29ea2eca43548681504610c455f36d,8c82e6d5062b24b8f7c0eb60a51d08fc3de4f984a55b4e50662db21b4673294e
us__scenario_008__child3_medicaid_eligible,e4cdde65ea61f1e456b8a3b6ef4a8854d2f0b5ae3204f96fe002cca5c9ad3308,3c186a055604dda9bef0aec3a755bdd5eddb762baf246c3e5333430655580971,0c2a2b60e94b43b1d9cf95b8cccb0a9d02f62a35f7d72a4be4471551b9a8e741
us__scenario_008__child3_wic_eligible,91e0ae66cdd124b41e272ae84249cf23d4c6e226d1d7c068e598c551854c8dc0,6d77d109d3db2b657e9487065c82d1dc7b9ef1f30fa36c1ce019188a8e6ab6cd,62d07b6508c2fda7040cb6632976c0966eb4ec10463d0b206c4bfded3f4a9710
us__scenario_008__child4_chip_eligible,f72543fe12a4a787dbd68130c3f0300a412f304360666158e5b69c3dcd3acb97,6848564d2585fef5fe7c09011161ffa2b111b7232b44ee054e6b0233157c5783,de7f9d11504fb1c398fb00d25fc91f0c9b8d2da4b1d47e89926871dcd140c573
us__scenario_008__child4_head_start_eligible,d05799d4149aee75cd136aabe88031f8729e9373db8d95128c207fb33302d947,4919b713b0fc80cb5c1f20bf7e75fcaf3116a0ebf57160ef7c5c6a892db8d5e2,d4504a59bccb1e0d20005451058b315057291c1eb1ef05cf5a6b8fc7ed90d1d9
us__scenario_008__child4_medicaid_eligible,0d7638d57eef642f995ebc42128d99a3d526c2fb5b62de7e6c36d7b4a4078568,9707bca5e6b5e62d675fbbdbeaee6f545bc98d1d8a2bf5ad11d68dd7bdd10096,569105104123e7b70d4c168996ad7ee390a5173e7be68a39c8511fc2c1c5ad94
us__scenario_008__child4_wic_eligible,81e93b029af16ea8b29b314c86ee7b821b49526c8258fe30a443ac42f71c49e2,326da5c1151f6af665504bb58aaeb5479ca5eeeca760d9a5af3aa713fa304726,2aec0cf2ff4509df0c2b75af882b6fad7ad74938364c29020e9553f406fb12c1
us__scenario_008__child5_chip_eligible,937edc18fe50c08bf1d28180cc7ec4f40e48de815ec078e311d3bcebace8d8aa,2fe026fd635afdf82c4519a1fad61ff70318938c1556806dfe9a605a37eede21,30a85f9ba520f078274c12b37fc520b89341c1855223f7bfc3ccc42375e1e91e
us__scenario_008__child5_early_head_start_eligible,9f3b2d8d993601c7bbd21fbfefc51f64802eff6e2d6ff21f25d62cce81904de9,97a7d39317ff16aab8399cfe5826cf591941446ea1cf32959b18ce7b6983b23e,640f0eabf04c83a87b5cf7f19028a2321ff8af1f3a5de0b7c58eb042210eb5b3
us__scenario_008__child5_head_start_eligible,575909b03776d949906e51d3c4f1d60f5b9c50ea316a7eda58ba6a04736a33bf,3132e5bed190bf98ed937baf394957bdea0d024e61ab73e51d222776495357d8,fc837ee9f9d86d0fa67cd83bb0b0948cc4978c4285890d98b347d989f9026f4c
us__scenario_008__child5_medicaid_eligible,540ef0b5902d898040af3718b670763aae644f2b1ba6bd11c9fe2ec0fc805f28,8868cb9513f817d2d8319f1222377466c24625cb8b7cfa8fba1a48586e437f12,f863b7b2a17cbed95dc8e50cea69c9b57eed2f2e7a7b6419bc30ae1eaf6e798f
us__scenario_008__child5_wic_eligible,3793bf4f76035343b5f6455926a085331224243c83afc023002f34349b7a9c7a,cf03b90d080cf9199b8c535d03f855a3b95778a1085ab6e8a9681b00fec6684e,cc92e8cc0b8d6089c1dfebf34cdcb2f863625e34a4a5d26badc45f8298f74c9e
us__scenario_008__child6_chip_eligible,6469dd1346fe7dcd5974bdadba4a8eb9317f6b59de0380ec7a6c58a3128914bb,f4def16caae5f96f71aad03016bf6714159193c57a8d8118793c6ca471b92e61,57aeb2bbaaa2acc09a51ac10f6443529425a2f90b97f68c0a595bd939644c8ea
us__scenario_008__child6_early_head_start_eligible,b8cf0090ac647bf2b64c32d327415b9282dd118091be384cd510a4e08127af37,81d424fff9979f86a65e7899662b85a2a281ec99e30ac89a6f0a6f5f5a945e25,27703e1f9c2157860283efaa210034861d3d2530f898803f8ccabb050dd09c7c
us__scenario_008__child6_head_start_eligible,c58dab1204d004755cbd5409a689fdeb19f54eace9683eeebfb351393d0e4faa,e10cdc003427fc03bc1710101cb9cb9f49ee34573816e2e308a8e3ffc45560f4,645d855bf0160f29062e1ae60bb7dff6eef68c7541d413866d6e95dd092bfed4
us__scenario_008__child6_medicaid_eligible,dc0b70b2df531cb004115d50f027a45358df298499f674d74e02c5b93d70a189,214ab2db89a15a0b69f5ae2f2cf058eca9352833485400cd712cc8c02b7c04b8,edcef0d4641b2250330c041e055c538816941cf83624a02089c1d1b65f52d33b
us__scenario_008__federal_refundable_credits,4c6e54d2aa385237512ffaef1614191922632db480db1a5c548dbc99eac05a24,c3aa5b8ed5396186aa25ba8c6acde571d684f35a128375bea0a6a17bf0e91020,cefda8029516cff62b3a1744aa272d9500e75e2f9ba320018fbb841820442279
us__scenario_008__free_school_meals_eligible,62f64561aadb71fd2cfda7695d216c0625e7ab435dbdff4afd0f12d0c353c18a,92a815206251bb5249e49a462eaf21ff1e7fb3e1fbaae01a2b0841def2be9ce5,06da99bbfb602ded98534acb2a302e8295188c17561ab776db3f93ad07bca824
us__scenario_008__head_medicaid_eligible,e7a663ed314f9e402e824eee6ebc20ae9d3f102bab57545d2c4568c03b65fd26,b8643c04ae58048b8d04654ac041fec217fa3e2283947e100481345d640169e5,23ac1a1de2414b3a4cd6a9415511669e9036c2538ac20a652a6e5b68b3a7d185
us__scenario_008__head_wic_eligible,92a59dacf6ec33fb005b24c9ab503994ce3de96e9a18ee76da0fcbddd80dd2cb,abbf4b1492cca1ee52c3966140730e888cd04342abbf4a450b4eb922e0487ee8,e952422e8f84c566a00b4620b554c5c0f5360d6a61ea6092aa3bc20df8f4ac94
us__scenario_008__payroll_tax,2ef60c6d5c7ac4688f70ad8493687cca575fb44681c4d95d83305bd8fb3a3efc,439ddfb2413ecd119f97fb1da66faa6a0fe2f432238f1d428d870e68f4b783a3,0a684c05f0ee025616c1835219a780eb227ead71903435bb88ad73c094807ce8
us__scenario_008__reduced_price_school_meals_eligible,52c1c6698450f26671ddf91fa3d5e857c24126574d979402db2f7e2ad1003d14,5f7a30df6cf4fd64e856bcb5599c16260ccdc2938b2eb70aea40e24ecf26cdfd,a71ae50a6a379a44ea13b45428dea20c7cabd3c199da340214ac615c0abaa3f9
us__scenario_008__self_employment_tax,9f4e19d631dde986e607c4d58bc589636aea04f388687cfd5cd00989ddc7a5a7,5b669021e8ce7cf60f9bc250336a693d97335cb229db0940c3b6746c2c6f1317,6844c7049669dcef74df8267b6f40b405f4b78aa1635446430e18221d1783a69
us__scenario_008__snap,25bc5d2714e1ee2df11ffeaf2a70499955a4dd80f029b920f1ef6c7fd9840758,940009b70fb3756de36e8235e75247b79b3bba7eb235ec55a70ff00929615e5c,c1d7968b0ef0b08e6645b91d40aadb60c53abb6bf194e904f95dba4d4f28c1ea
us__scenario_008__spouse_medicaid_eligible,cbd76a85e0b395b002e0b988ecd19d3ad38d77b61f5c0df5bd30395b67450e2b,19d57f0fee5b98fbd5dc3642ca577b3459247c8b6e59164b8f05edbbb86b1c96,b7f8f780b108bf9c1b9bdcb2c757655b86b889708b0576e28f10506181ba6386
us__scenario_008__spouse_medicare_eligible,632f38d7eefb215099c3582020a75ee22ce5df9fa329beca5da6d25e466ebf9a,56784f5ffca023f279575926bf1fe365c6d6544dd1a60487622e021954c5ae58,a55d66cfcfd2d99a36bcc183be435f41c64df831534687d412f9957d9c5b1fe9
us__scenario_008__spouse_wic_eligible,bbf88b0edad4103bcda7ffbdce9c4859b9ba0aa763555a5567232c68ef0a8d1e,0b5455a24e0ada992eebb21a33887b7a38f5d0001c7a424fdb7a54ca9a0b70a2,61acdfa509b6a1e9f6ef0d29bb6323029bf1fab31052e07ef6ed3af0e3d5d588
us__scenario_008__state_income_tax_before_refundable_credits,bd12f82c481544cd55366a10b31020434dba112c66036aa48dfcdd8acf9c0848,a8019a1a48879df8d9dc9e7b45f685bd38e40aba112a9b250e9980706eee7038,7d6edc510406186cbc13b72671624813ab31cd8f96cce9c1b1fa9a0fcc2dd80a
us__scenario_008__state_refundable_credits,aeb6ac3cebf17ce972691e18d264e9657130f7b2dd53947f3054bf38a55b0981,dbeadb80ba65622d9bb1ed2ff69529705926124f35e893d4223b9b35ecf2c72f,88115cc824c7a9e460e66bb61005c9ce1b87d5c910e44ad85f5c01070de6bffe
us__scenario_008__tanf,64cd17572bacb38973967f48da745366486b8d8f5bae613b2c8a9650e3ef1b72,c91c68be0bc16580d986730f2486ead82472c8e4e98ea1c38630818502f9e26b,f29c69e42910ea689f81bfa24633c42813577b85c641efb61614a200d62ac999
us__scenario_009__federal_income_tax_before_refundable_credits,c5937b4eff7a44ec14588200548abd350f892db43f81b53405c037db1c340a78,2a0b953a00569dc225a1d912e1403bbf0878fb0a3754ee9bfd6fcea06b1e4fb7,4dc10224b4df2d1f273dd33523c70bd51d396556b134c9d6845668a36d0378f9
us__scenario_009__head_medicare_eligible,405b568c55ff1c1e31824d4b948ff80fb00ab44d4d02bfa7bc9285abe703f8e9,58a46ae33fd1e902d2c8ce0f93f92f0cba6bb5a0b6061f650cd369afbe2b52c0,a940df597c8dd90832adcaa2c5672bb49295b8e349a455024e45b053347c18d2
us__scenario_009__payroll_tax,1f3919bdf51bef4cb853f4dce02d98f9b0c4352c0f4f6ee76dd734874e904c2d,93d539ce4cd8ac53c946906c761024e33ad5a3efefc92e0c733f6ab46fde2a99,7728434716d8a2c5977eccd8d9f6706b293a26f8c85fb47c85d1059c0b9d6a37
us__scenario_009__spouse_medicare_eligible,25c502992c8932a7eb2112bd9d8caa000a82743a864544c26f036ff7e39dac40,76a2cffee43533b871baa2bb6353e2322c5e64a16f255e21bb79c2f226faa4d0,c68b0fa811879b47e0b100489935bc30c3757b3377c94d5fbab4435d80df1103
us__scenario_009__state_income_tax_before_refundable_credits,a5d03d9720496496b60ae0fa7902a5ad97c1e8d7b429cfc2dba1140345b5609d,5aca2be5756bda2475f6dd57a58925122f424596024dd6fe2047a254cf0c74fe,dffeee3e4f9afcb10ee8881609d78b7d9607983ebae291f3d552b3b5dfde4b83
us__scenario_012__child1_chip_eligible,084057af958a4122860d69dd7a951bb0fa21ef72cb2eac1334af0436eee0445f,6559dfd679755953b1f54d17d541830275545647f4a3dfe62650d1f7ea9fa637,96819c87f757c5ed59029e0e276705d54156165862efff6767c32cf759c134a9
us__scenario_012__child1_medicaid_eligible,ba610b0ddf90239d0506340cfb77196e3a36e761ee9e58727543ccfa3131fca0,61ae0f73c61c3aaa837136b616be17427bf2aed3a29231f1f814771f5033f2d0,061c319a102cd91610fec737bff3c54239329bd086f3b42a169908a519f2df9b
us__scenario_012__child1_wic_eligible,c92b228c812ff8a80bbcaa7e1aeeb00e01f7e3d9cfc0f9fd704bf0bc0ce30151,30db9b9fc4aab1a5b44ca7204368ea86ffe019ecd68123b1e6403d0277093b57,e039f7ee8fbb999db9c47d774b7eb42dc1123333cac5974cd49edf1e9f939c94
us__scenario_012__federal_refundable_credits,5e71531c0c942e6870f1152fd37656bdbbdec3d94eb993da7c8276d0a4bf18d9,3b3ef440303b4536320b363f37b3c4447dbb39cd9709f4de9d46b6801eb387fc,24aab5b2d55f07cb5563a3c2f8dfc648d32e96c0b114a5d8eff9f050e113e172
us__scenario_012__free_school_meals_eligible,cbbc6345ac9b2b342390f2b4ad67f5f05b6d44521cccf3fa0eb236cbdf72a995,15519c0204fc12014361755deca6b28cdb67e7877080f30fff1667df0ffbcbb6,824724ff983db6291cf8dceab70bba87e34925605a5444fb071fc53f7ed1f964
us__scenario_012__head_medicaid_eligible,977259a2fc27fa7804e31e8cd2a0d1f7fc5f8bdf9db3b81e92e5b80bdc6839a4,246f3b374a462a06c56a51215437e56d2488d088f1c94388960eab2c4bb934df,f3eadef12f46600f39c459da081817d5ede4079fbd4d790527720b045e890a4b
us__scenario_012__head_wic_eligible,bcf0075d7a75af15a600f90b50001c63f2d3b1b9998e4c7cd199b837c9051fdd,a67b5f97188d9462b41ed691b75bc934ad1ae9c9aa2d1e05895e9c8cdd8374ed,036ad1e493bede220bb380f5582ff117554b83d59f421695dd82e5a8660d3d5e
us__scenario_012__reduced_price_school_meals_eligible,57e51af61f9eedf0319eb1c6e6e5765ed9eb8c48d9e295b64e4ed1fd6f1c47be,47d52e1d7e6d98130880554c72148d759b8c81e87cc4222fab9a06e9c8e65532,3fa89ff401451714f81a3edb7a91deb1ece1b5f554ee5826c46fbcfee7d6553d
us__scenario_012__snap,bb8f80a284d7278aa336c0ddeef3c5dfb42f138122a8bba2248a190a48808663,c1a8d628efc81acdbdcd0672ca85218fbfb54e6c3193d13b5de202a4d937d56c,e4f579db36b914a7915800a642e992304e920d648c979058483f16c4d3335d5c
us__scenario_012__spouse_chip_eligible,ca2e2b03a2a77572e92a11562373838658ce4c42745d2f6b0574f6854c4195f8,cc3202be5f93f24570bab75f89f47c84f238bad90eb11ab86edfdfc40e1550d9,fedf1e6f16a4e3c756227a5f0c46283fe7f600b0b472df1f870404ff82ad804b
us__scenario_012__spouse_medicaid_eligible,381bc83ff39fe00845ef98bbc58821e897b2916469e4f310dd86e093d6d93f69,766adafd08df7490d7469ea1ca4e8bdd712f707a5982508777c47c7a29a0e02c,a436ca38448f90a6e9bc09838c4b792852c9ee0125e6720ba4ea24dbaf5bb21c
us__scenario_012__spouse_wic_eligible,26c85250889e2c33332d350fb331cac26d5213d63ea806e88dbf0d4b5e30ce13,90ae25f3122f8f48fcace59e58f4d08acf154763165613ced5520f1725cb6039,6745c4568d4f356883700f491a6c27e02235c1d101e751983ea4a5257ce5a8d2
us__scenario_012__state_income_tax_before_refundable_credits,2bb19b10949c5f34f308c3296d315be57bda75ae184c5a56bc9efdcb5758327a,f946db2691209ec8a6ecfb5e5c92f763adfd9cc1b1a04651036bb7ec20eb77e0,28a670554f4fe3877db307067e3940eecdce7d2cf3ea137e2fcb355d41528fb7
us__scenario_013__federal_income_tax_before_refundable_credits,49b5758bc0ba32cf35934c72284f487c90039703c9fb9c78c65e6ff6c0b2e59f,9f8c1f874fb0670067b450356b5b6040463d98ee3ccb9c6c4cb1465fb71c3bce,ce8eede5d60481f965c8b9cab0d2077f998874d6226fa8aaec0fd04b53d6dd46
us__scenario_013__head_medicaid_eligible,46f55f7fd62870bc3503f9b6fe081e3be1ca4c1cf9a3d60d1d2e8c678aae8aa5,5a252dfc9466fd48248f6e8fee88e41918945798efcd6f781d7d9473e5f529ef,f000a5735a8c8c0f8aa71834c957da02c4c39b22887836c05153e6b89537c31d
us__scenario_013__snap,1ec3ace92c2c8c84e500dcb1d7817f7cb5a32d03da7f12793aa2fa1b05b6560d,c8ca780ca57dbd632a31792ebed6e1df8d2c0aafbf30eef5844e09a2ac7252b9,238105c266df9d3ca041574a78af9646702c2373082452ac426e1771f04d661e
us__scenario_013__state_income_tax_before_refundable_credits,2b20bd6903659831c0640288c3a9df49286aebfa24220f5d3df6e5b86a73b539,df10fe12419c9927b1d23757b7fda20bb6debd2ef892504ea1aa3ffd08f0652c,75270bee3d2aa6641e7ba6561d1597c1d7e76c09ba4b79bf467429ad1919ec9d
us__scenario_013__state_refundable_credits,255ca99d6e7f1d7650bb9283eac1ff87b231dbb3b28530004f6c94c45b7ecc38,395cc101c368b10226f9c650a938608c6cf12d7c9b0f4a8ba14cf2a74bf2a652,1d0549d8186c4b31926fb3e7da583d4e17be03ce7fcca61a5afbaa01be838991
us__scenario_014__federal_income_tax_before_refundable_credits,f5d13275e21b97e6556e558666c6eff4b14b45143321da369c355475a37092aa,f4781501411253ad902d58fc6a22a8680defb8d94a83f909fde9d481e81ae297,463168d35d97584891885d61655d2a68bef4907e1cd60ff0a3426fa23bbf50eb
us__scenario_014__federal_refundable_credits,77d73d79de6d24641da717e264acaa4bdefe11ad22f59daf6d9b1ac6015162f3,ad32821e5adc7fcf36c1d1587bf10514d6dbd6195cf48a5945605a22db528f64,772e0d184a260647c0d5010a0d22878fcc01ab627dc2aeb0204cd242b9220b77
us__scenario_014__head_medicaid_eligible,313027647d0287cb666cd7e527d232801b09a99e676b451760ae3008bb6c28a4,5ea332fe1cf93c010ce785127c00d0eccd326b79d0e15b1d7bed20f7905e9432,8790eb885a5ad21074f34a691e63e0ee514775ad0a2d999f7ae53ec2258d3694
us__scenario_014__payroll_tax,69a26f3b5f4c84b500f982be577d094ebeb46eff9c18e7d54d7be54790e29f5b,d659eefae4b3e438c7134dc28d00ca2e5148e39b25a59af7dc25189fd9ca785a,b2307808d5f72f02e91c5c06e90943e29bf72097f8295e22516a82fb8dfaeb57
us__scenario_014__state_income_tax_before_refundable_credits,e20dff973b01b047e9e18ad5795c09050045777f00c4bfc4ef8a00d6de79b400,8868e3926c04e86aff3f296af24a33d8b7f7853c5ddeb31c41a49bb20bcd31ab,9d4d2cd03ebeb3eb5dd321eb5725656ae7c130b91b42293f41fedb7ab5bebd1a
us__scenario_015__federal_income_tax_before_refundable_credits,4e4fdb40b8a3155b266f63ed0d99b7c51a04150c028fd2cef2ba9f0d6a6bdd06,79e42186c82e3feb6befd89ec090d3bb29ec13a79af4e44a9bd504b5db1c4983,baf330bdd05505d80e8b02cac3823b4855793914c3543419d1014e44d2ac7704
us__scenario_015__federal_refundable_credits,9762bfd026cc4e732c792f3b5f0715c2b19cc73284c034b388d311fc3d2b24cd,20abcd0302b072f8fb64b41f73a46de45b9ae1c0e56f131e142f11a7a78037b2,a0609d08c543186bf8828e50210b562b0103e797f43e0ebe536ab91b8cb6a46e
us__scenario_015__head_chip_eligible,d7ceb52a5d6378b9178c11b36e22f119ed4622ee673b23c0e55ec64114fdf9b3,b2bfa22e6876c72ccaebc38f904d41cbee831b190c61438ab9a8fa8f2803ba43,21ed1d9af5863ea226ab8fdecd92d410033586c11a2ec0ff2885edb2f63c3bac
us__scenario_015__head_medicaid_eligible,16802b03cfffc8cd49b6414abad9bb1000f2797a76ffe6e6bb67b8c0473cd134,5a389e3f4e8f93e1caabc888cded222f52155a41df43eebdcf41f7b087a04d34,4e26760b0dccc74e4844494d613ea3492dbe075c651b6d113a38dd9330323643
us__scenario_015__head_medicare_eligible,c7d078e705060fc9a8794d9d7ef89e5d928dce79b7ac500587e935cab88577d1,fb5fc80bc1fbd5c22e28a390ed2f619c91ff85c1e42c2c785e3385031d21fa19,3aca201d329ca1045b9b8be22d4e7a4fd75878fc97ccd5622aa618faaa83a426
us__scenario_015__payroll_tax,6a77bb32e0efe4f1fe6c73ab04dcc5a94066b37b2a5453a0fb604b8eb260ee26,ae846d93a2d37143ebb4bdd6ada238f55427876a921e626fccafcdb72a37cdf6,651aac7d65465756fa5d77705d0301e677a004e47556d7ea066a86a73b1684cd
us__scenario_015__state_income_tax_before_refundable_credits,37c1f9b5c7ee8f9dc8250bedd8296a1d8d76e299235fb6eb4bdfa86c4e17aec1,1b92d5310bbe3563809c2c0fa680ef7706e8a927bec11ada1562aa8e5200be4d,2823f5eb3596e0f4cfe803c6a93029de986c2cfdcb2a16ddca6fbc8da8dfdcd5
us__scenario_016__federal_income_tax_before_refundable_credits,0fc24268d6629a55279229096707458ae759f7da54d6ac37dbc00e4df915bbe2,d12b9af1b9423654b1eb2f16e1378a37ca6a937e8d13c2fc970bdfa0560e6df8,81cc596e3b03f0720857a69c0a131237fbd955b3c7e6c94239efa74e876c3992
us__scenario_016__federal_refundable_credits,74c125d608580696a0127c7ed959c60eeb94c73e5124cd773124b191b308745f,753066bf7ef3c17ab8edb6d9371ac9031683926746432636369e9874feb389ee,218b17cfc9eb923cea754599eb64f9bd388779e129b3c564e90d73b5d42ff740
us__scenario_016__head_medicaid_eligible,34f8bfcf0c92652d3d292df745e1155d766e01eb782a35ed6599aa7362aad3a2,b87a14633b6c862b2fb1ec6a7294353d6528aff896cd47c55746bf27d893459d,8fa0af788eca24560ae3472ab0103bf18fbdacbd45ab57d82fb1f25e85262bd7
us__scenario_016__payroll_tax,a1a09a78f901c8a7ddd61c5e85d56187e7b9ef17e1ea31d093a8d7452d903c31,6de254b0730aaba0aeca8fe7055a17dd0d255c0897a658d03251fc983053d506,ae2743bd5bc1583c8a74d8e9897d8525535ab5811524db0f3fed69742190bad6
us__scenario_018__federal_income_tax_before_refundable_credits,8195d0c0ada006573bd5fbe15fdb1219bae3a6881340699d9ea586ef0701ecef,725680d89160d57b412219dbc5da326d8bfe33a044c30f818d9472618c353433,de355b14dc781fc833624e9a818e5de58d35f956457a9251bea04abb47b4bb25
us__scenario_018__payroll_tax,6a3ea93b3489138dd01b6be096119b9a3f0602c388f5b3d927ca33a356e96de5,dd07f311882f306f06fcec6cd99e9358edce470f5b1f41e470f9c071b53a2047,b55bc2c0c9b6fa0895356edf14f95268f4bde16607689272ffc6ef1b1c34468c
us__scenario_018__state_income_tax_before_refundable_credits,ee474aa17cf2b72bf5df82baaf7c4a338999411210addb760969be41b91b2ac9,44b1c4119353df4bfeaccb8b066e23d9f16904f15a9fbd52b373d63b1b36196c,b1cd2da9c84126b5573248b4c632feee50eb4302c118922cb517ad28a0c499e5
us__scenario_020__federal_income_tax_before_refundable_credits,3563344877478032aa12dbb39ad396b65fa5b245e7e5445a80216a9d6be2e2c3,3083467d9c44e31ba649d3b96b2b10d90fe8acc9dc0ed8beade020a516b077fd,3f2a57c0e81ecd6ce8c2cc1b933e8b98cd9fe3c8878b189021ffe00be2f70034
us__scenario_020__payroll_tax,f3366d48e05a89d198c6a931766af662a36245c1c688a83ab26019af95a19371,95295e8e51c7bcab0f7f19c37eb9fdbe504d6dc13e1b2646e17b7683eb7890f5,0e37a8fbb6681710781bf7d47d1cb415273834cd559ea1863ed3e3a35ab4aa07
us__scenario_020__state_income_tax_before_refundable_credits,6428e2ca34286ce588df84f3c842d5e27e9d214be9ecf690ddfeec7eaf97344f,dd784726d5743c8a7967fb027d6088c061f2389ce762e0ff493c967ee3aaf445,5c8e73aeba6ce1ae888e145158fd0ed8df88866cfb37fac3c9488a00624e8d0f
us__scenario_021__head_medicaid_eligible,5cd32520de73b23fe84a1ba52d95619d48577448e2dc2a52f8fddf992e02bcd8,a7579832fd243cc634b16175ceee8c925c39a09867d89457ec3d00ccf93d57b8,2fc0c0a23be6aaf4a95dda86b61fa214cf190a24e3e6914ac56ea1d205c6d20b
us__scenario_021__payroll_tax,e3ae3bede8198ce8a7d1360392a0835e22bf9283e8ef0a31e6c3ce7395c868bb,7ae9f9a54cea4a2f6d92063344bd6132c8d7feae82cedd64a14875b2ca0b1518,d5fc34166ea592f01bff6145595e67de3ba6fed0511b22cc7f35b2f0b5b6470f
us__scenario_021__snap,835e04d088d82c85644fdaf4b0324ccda77fd258e69759f3ca916570d6feefd6,981799807d4c70f1c827aa4f94292b61a3cf6f1d7a4142ea19557d9557aee098,63b98c673ccfcdc55b0b2b694c7a6f034bb2f729b4397ec02f674374710179e2
us__scenario_021__state_income_tax_before_refundable_credits,5916cd9b6ae77aa81185ad1717dd28bb20835e4c216482dc5a05a661581e9c0d,d117348f288ef0fe5daf6fdf3e0eb4f2b620a83dff20859874171a8c3c4f4674,5ff755198ebbc84ad2e7d3055c7881d915746a8090f036c96bab7633122be89d
us__scenario_022__federal_income_tax_before_refundable_credits,843d0ac13ba6f62896143f5a8b7e223b6b49e1ac97f295a9bd1a7628c6e9dcf8,4c35f8615120225d10679203e46a920da7921ec413092d31d14e8f9eea259514,1f2ac9f9d7d03d6d520594048f651c6ed0f0b0499855116bf7187c759a525058
us__scenario_022__head_medicaid_eligible,35a31d563430c21f8372ffa8490df7cf4d85bc4cbbad8175355aeefc62960bc4,c5beefb6218d89d0f2221698b4cdf2eb07f7237aa5204620eff8e71a43cd9e9b,6c0db273083db69a7fd93478076cd5436b7ed8edb243bc3266745afd7c064548
us__scenario_022__payroll_tax,8e74f195331a30b9b84330efae8482a2bcc6ab9834de380390c485f8bd0a84da,2139ffdb06d808e00873f5df1863543df45bed7e50287a42ca26c7aabd28b12f,0bc561d788844c2c497d057c57ab4c970bb21bf16a15d975c73dc0f0e4ef349c
us__scenario_022__state_income_tax_before_refundable_credits,17f01c83baa690fe2532c9e60a1b969da3ac90c7c757bd8532f2d25c96e6c25e,feca3f8988dea0e271e35d3d6bc440557bc26e349992c189c7cc8f8aa249661e,e8ceb8cb1d0e8e943e8dab7ecc463f7c9aada77109c02281c3a0e91960174606
us__scenario_023__federal_income_tax_before_refundable_credits,35f9760fb75ea4df3fd7e9a9712a7f44a73a241543a8265ca2bbbc437cda9dbf,da98a95a88850cb542a6812e43c6e8f862839ce8bf722c6565e834479a66e548,6e0150dbff7677983cb9d2c2e46a2a915e741c6dc2be3634879862509c823dbb
us__scenario_023__federal_refundable_credits,93dec804b2346ed07305df6e2f81abe8f8501a97ed4afbe7248450960b5bf290,46caf9ba018c50b7cfdc47c1e2e9b9e4642d80b63e9947a403965c2f2f0c2fa2,b420af510f0eb532cafeb8f98ea82aa867c442c7e99ebe599734e59cb560f84b
us__scenario_023__free_school_meals_eligible,28e17e05d39de7b8957cd7237eadab9663714555febee49423c59fc3acd48a48,ed682d23132b5d3cab55b174133edd278e9e69116ded256002ff75b0fe508bbf,38248b579f6b262dc01620cbb67d8f825b2e20d8f3719ceccb3b1a8b2184b128
us__scenario_023__head_chip_eligible,7e5a7ae0577899811db282d1194d037bdcc6d1f3bfbc787d590df0977de38bbc,7e2ead8b1a61e568e5df9a5520e0cbfb554fe62d32db0e0548f5ebc4e0095edc,c7044f557ebd0ba2b1f55ad7a62561a2131fefe96a1f94af81949dc1ecef31c6
us__scenario_023__head_medicaid_eligible,339d113a4162a995e6e9f271ec2c6656ec2dca8c6d33f18225bc9f8b6dbc81b9,5094b4eda857c36ce42cf847b76eee7ea7f082c61eb623fabbd7c2e324b28fce,3e8b178ca8e5cdbc6486af0ce010714e3dfd37ad5c733cba2717b5b8b36ac721
us__scenario_023__head_medicare_eligible,16ad669cafe48bc9f23d906fd06972cfb67c553eeb94552a2f425589472617aa,fc769ca316484bf1f7696838c982df29fb622509bd0490018618d6f7442d9763,3361efe9569c067c276fc0fa525eea53c6fed615ad537f012fc570a3b0e0ffd5
us__scenario_023__payroll_tax,b69e620e8b377d7f107e1516d77b9832b47bac52b019a127d4523c7955cc555d,398bac36887a84864d2d9ad6f0f32eb2a08276cdc5177f9b5d00650d515c7fee,1f9c3a348f17c068c5e4721ee3f69bd6cbf57cc998cf0da33188e11c5925c090
us__scenario_023__snap,19f19942036a8964dc148500f746dea77ecd4c2f7bf0c4338384e2ebf4f2e687,41a054abc7a10195a12df267168716cc1245878221aa7f702c779f0b0e343317,73141cbe2573240648f9378ac6255b86be15817da48337b307a514cc51fec5c0
us__scenario_023__ssi,18155fe58781b257180794ae8d40ea3f566eda49c11ef9a9139128b21b6b0e61,c238e5f6f464eb241c29970e3ed89d9b5f0364be2889675d2365cd62e51d3c21,b39a92e21a44615e296b01d87b048fe3e04da6175ac570e304ad6ed13a84c31e
us__scenario_023__state_income_tax_before_refundable_credits,2fc67c0c78a5c66279d62fb2898301184404a180f2a31233218249abc366566d,075ff4ae79b1474e6a581c2a6a56a4590e2c1c74ab9fbe03ad8a38836983c8af,f79f4c3a71f64d66c610b3d896be3b22e7dee6b92b9729202d752cb7f595a66e
us__scenario_023__state_refundable_credits,b07d78041c066bf18ac0dcdd5198697913e1d85a0ed3ecdf076a14520237b731,2e40bc3d3bd9f73d854041be67b8592bd52fc252a3f95be0425c77b67d1f4839,ab9f94eef58c28b73f70826d9fa474e82386b89010b1974e3f468218fcf8a968
us__scenario_025__federal_income_tax_before_refundable_credits,c8b40222f42254d8625417cb28057568ceabf08ff18c8faff2be8b8c2bb5bb2c,d03fbceaa10b0e45b6fc667634cdf57d7b4224b848dd873a4e399dd19a6b13d6,b2f1c1d4ade7213ba3bf747be8c282ae68839ae3d32c70e873648b54b363dd6e
us__scenario_025__head_medicare_eligible,0cf47f2696153fcb224785652ba40de7ae34723671fe6f6e45582e5b80cf3aa7,9614ddd0f70cd0a6f0a6a38561f78ad12d4e07e9f99e0b8039ba2a12dd1440d9,6f3723d7aef36e893b1169529c277ce9304d2f16dea4b217f796f93cd36cabd2
us__scenario_025__payroll_tax,bb0ca83f76a0e03a92c58a47c4c598ccfbeedc86ae889287ece6123466943ad4,b5ad297fb2ab2419cb15bab678129e12fd348619bf88fdff45946db79547014e,631d6c241d939a51a0529dd6c33be1358bdcf2c0ccc0aff0060a2d3acfbe54bd
us__scenario_025__state_income_tax_before_refundable_credits,e245d0f6e7963c09a9a45cde128d9f200708583ffa559c76ba97e54567c56142,2a8cf5587ce64cf712f29278922b2f944106176dc14c21e6362cff555ff465bb,d9ac1a98b18a4c120d4fef3fe287b9b4eda4b71735cc185ed51083b59193e36c
us__scenario_026__child1_chip_eligible,61624d00a6f374c5e4ab4411533191b0be374729ccc3588f011f733ac172c20e,07c907416362ff6b3844b9f1a27e7d24e7b3234982e0d1014d4d68dfca39c406,06964c5f0cf679d56350ea41deed5164e31e7aeba749583f0785c2c24663f4c7
us__scenario_026__child1_medicaid_eligible,9da4658cab22f95dd4dbf82e718d85eaf983cca079cd8c1ffa0dccafad674eff,0b12aa8dbeed69fe7c73e9b2337c031a2d58aa75756449476e9ac2ec5f485333,0eb4048a51bd46a365466e7c7b567bfad94d27714e9364daa318602be324b375
us__scenario_026__child2_chip_eligible,16a8827d04f3b31e2402671cc1f1d083168910f998c11b3372186a663f999d19,a7678031d55bb7f2bf139402c1151f1afb4adce191b7191de1a4df7ba7985c9e,89435b47bc74189495e8fb920f44895fea9d20b2e51d6ec96429a35a4446a7f6
us__scenario_026__child2_medicaid_eligible,ec5964541b4826feb8f88a304c4a6f75cbdd9c0e3bdd9ad62b3fe6bf0a306721,82e7300deb46df31b3235f3cad190ed83869fefbdbef1f8d5dc32bccf661d8c2,6a5862401760124b5b5a7b4a4786b66f3e4233d7b53a03a43ae756c4beffade2
us__scenario_026__child3_chip_eligible,4f5a3b1236a67a6675c7ab52fe4b27a847a94eb3fdaf03bd33ffad15e93420a3,145e9ab5c5be0e265479b0ccf2990184ed0731ffa4f290aa112b2b2322818896,3946b38a3f6b2d4c01f85b0325151a5cddc41d317d920d67da3d56db7609b934
us__scenario_026__child3_medicaid_eligible,db1e037039332b60992bfffec1a684b46da69fef6f9c36bce5e8307e031f7c74,b1308852afe2bf3884775371e8f3a8ea02445721eec8a68cf5536253e51eeb9c,d89bc38cf37adfe6599c8d6a404b37ccca6ca2d846988ba3064602117695d3d5
us__scenario_026__federal_income_tax_before_refundable_credits,2b36eae70a9ab4da2716dcdc3a22bb24a343bae2575978ebd672a95b695d0112,3081c5d9442dee3e8b955def7774ad41eb8ad6eca89debe383b2aed5d84d77fe,dbbafdccba32bd477ddd1cf98a3dae88f9a872770b4a77655597e5cc9bfac683
us__scenario_026__federal_refundable_credits,0af3536007a3e09e93eff958912cfb987c16b55177f2b49abd6c29d3202c4c41,cc9ff8a3cff796449219c37ad5872cea0df510b378e2b9101b01f7a4d67a868a,9d2f0b381e77297fb5cd6306c5964fb816a596e7c065543fc096e027b7bc0755
us__scenario_026__free_school_meals_eligible,7c755197149b28e687495c92cef81b8f223082d332c904c632de508f68d22e71,8cde748d4d95ccffd6c193f669506e64d922dd48f907f07629001f555505f678,eb4f9867f0180b80bb102436f4e88f96fbae990b4900453734009d29899d851d
us__scenario_026__payroll_tax,f2a9d808a10ff56058a67a72fc2ed217be4273a3b6149a74ec1ca25c447206f4,6cde021a41902a75f515360010f1d740a5ff3b9ff79823423fcc765593eed952,f2555fe221724b327f1c78799aa9fa108a5d349eb124a22560c402e13db2a7c5
us__scenario_026__reduced_price_school_meals_eligible,c56c708f436584e21e84cdb3b1043ff74a4184f34c68b9ca0024e6bd52d30a1a,e0a3d4d035ec7a4b5126ac804367ea8ebb66ab08381156cfaf2a9487ea0f593f,17035153be1320e9688dfc4f0a9045e9c4882009fe52be703bfec6c9a03915ae
us__scenario_026__state_income_tax_before_refundable_credits,91cbc17ad7eacd0a7e97d7ac32e9b4186a2bd06c93035f635e53dbf7e8eeaa4d,8a83fd6fad10fc368a6f2636bb7b4c1aaa17c28a21960d899962d88e6c395ccf,6702976cd2884688fb2b1c0db76b3045983f7193f9dffdac81d663d767900020
us__scenario_027__federal_income_tax_before_refundable_credits,9817e0642225ae620461b92156c7076ef9e34471e6cdbc206ea52009af0a8435,db58c0cbad389a3c99a75ddb7c79ef84d846a0b8fe204c91255b722cebebc176,720606cbe7430c8a09dcce90b824d048f5344be225f4b6ce06a2bf9125fdb0a6
us__scenario_027__head_medicaid_eligible,2e7c67fa66042ecb5b36c3232312a1c290ede91dfb39945e73b12b56dcee1e5d,e7c94316f511169fdaf10cabc0944af4ee5f5f7458eeff17a6fbf3bd26850065,bd412519fc990e08d1c79ef8393305717ee979a730942a069a073383cb91bd57
us__scenario_027__snap,50587b8b024179bd68ef7a5cb76b3df478c56ec17a725274847104521faec464,5db7ae5f8224342cf52532dce25cbd2c15fc1f013f5386735d12d9b2c9f0b39c,d581961b5dc3d86374cdfc6934c5f124a043d4abebc24eb54321a2e8e8eb9e2b
us__scenario_027__spouse_medicaid_eligible,808a92359b1dfd1875c2e1810c3cddf0b6b1e45bba51c8aaddb2eface709ae5c,4d2e892083fda18b2988dadc997ac40ac7f86f69a3a02a34e55e19da49ec1aea,1cbc861287d6711adc158ab149c0ee3b14af66cb90c52b451e294db9877b42f8
us__scenario_027__spouse_medicare_eligible,0e29b1a4e1b22f46df2e52e66ce67d491126987fdee925faa19a1d9555a2a892,7fc2f7c054b0ca145a17746c643d6e24c34735cc902aea61c3af8821896dac9b,04f2344bd57be6174b5f070f7a7407aa723b044d6677cab881b6d967772ab60f
us__scenario_028__child1_chip_eligible,50f8a30784d924b330782356ecf6a545918adfebe7c26368fcfb69a966b2ac24,76fb1d2fbf42022473baa74923030bbed8e998ac468477fbaf502d9c797cdd32,8be4c45a61bb63e4bb0a444eac2fa887605e9d4acec397cc9be8d4ac9949934d
us__scenario_028__child1_medicaid_eligible,6d46f58fb551089e1e69eadb0554bb373a26cfb45a9d162b313d0ef9d698cf53,46f8fb273c2e5a7121faa7cc6c7400e7bde1242ec6eb4d9cbb9da3589b7d2041,ec81195b90d634fe8904e93d402137a81430e61639c9849ea32ea4e66b7dc515
us__scenario_028__child1_wic_eligible,e2b0b738fdd154b649d1b5980dc348ff4eabfc0d5b109e9daf9d684bf87b5215,329224ec25191668408cfd9575664dea9f80ab4af46b27e880d39ef7cda515f3,d96e241c3ea3a3e6219b709f3173170b34100e8fa817bc4a93e30ba9a92c9e93
us__scenario_028__child2_chip_eligible,f7f16fe0d177efabc4a6f71014e9eb5215521d974a37ec84c3b3eb0e94fa4931,93a750461570fe30dfe86e834cd07269e6531714fcf57580ed62eec8bd74e70c,ccdcf20be29202d934b6ad44b44fd22576f4e687251631e5f16798f0cd31e70a
us__scenario_028__child2_medicaid_eligible,fa7bb7fd106751f713da0e507623ea8ee79a20709a013031a2f91ba1cd9015f7,99bae0ce53f2a4fb40095b51ee496bbe2d80c703eb2bdf57ce056c74f497043f,cd7739e799ffa4553d26a57251c7b9f18dda72c8007f6a2e5e5bf8fac62c6475
us__scenario_028__child2_wic_eligible,09a3a7f761bed7a37c567b54ee4ceb4f00feb5bcebf268cae5f4a60d076c0c5a,a9f4f2e7d7bd97e90e850739c911d83596c705a2a0ff275946980389a7d071eb,ec87d2f1193a07d30d3c499f111c8c150748245e683d605118ded66183cf5de9
us__scenario_028__child3_chip_eligible,9680c066b3949302154b09c36b72eaa76d09cda283b79d6e4c6c48062098edb0,573d972c8d5cc1bc9e181e8a4f8456a3aa54f3e73f9e2bfc5a4afd7c25721c07,f5ea65142d82a30ad61578422c154dc1d53f0f0bf7330e6d363f361e74e3a3c8
us__scenario_028__child3_medicaid_eligible,9fa59b53f5be06fe828c3d8740721e7b0b4a6a5e85be5e420e12e2ca4d05b3f5,da114a927b181d2d5d2917db3d1c2bdfa3e34e8a97a4515ecf255a9c08a144d2,2732b358c38e549066fc4e3919744ca68ecfce4b0ddb4c5a2b35a1fa25c238dd
us__scenario_028__child3_wic_eligible,420fc84607dad573fd38591ab7217a520c7081b6dcf5ac8055e921a3e464a9c3,1da539fbf580be5f1c443fcf9ec8699c3d7b707251b9632d398f4c9898ee2ae0,0e2a8ede23a2e1dd7b07b4489884b59764d9aa20f5bad0c315409c53475dd48e
us__scenario_028__federal_income_tax_before_refundable_credits,0e001e99a2ff674540414e5daee51af4af754c9855d8363f658860583d163543,ad8eb09ceee92e824102bd17a00de1d58015c8a045afee38d1cffa9c9709c414,f0b127ab77957a4a3de984175fe39f3de0c3be65f3b20e6540946429b8685aea
us__scenario_028__federal_refundable_credits,0faa96272c758e86eef2bfdca37ed126e38463a0a8777c9167f5c13a5b8912b5,5b61c0b57128832d8fcf50309f51cfdfa2e1e87ec7ff1aa36ca4442a6fca6437,6f2e42908e2b8a78c04665e9dcd75653a2b746e2c6cc3fedfd2c96c3a0c83f1b
us__scenario_028__payroll_tax,ceadcd70bcef0a9b757bdc0d34b05eb3beb769a35a4a77890e7cf7da14e40bba,60237e8a33a09712b77bd9c9589123064463af32470d3bb59d337c004da13a1b,a761d8ae8069dc6434397b07a39e56b66972d14c1032a8c3a0d1cd4b8a98b3cb
us__scenario_028__reduced_price_school_meals_eligible,4c69cabf3d14a66d5904a0bd3ec08f4a4357569559d13943d7be050718cd2a89,f20465304f63c88ce64d3f446732b1eb1007efa991fa3333086e13a42e09038d,2d79084b6d8d910aa40b9850f6d133404dc5b1513a4b88d2ecae2429e0490330
us__scenario_028__state_income_tax_before_refundable_credits,840d599862cabffe0c71c424f7bb0de04b52e01db8204ec853c5d786ec42e236,be39eeca78c5de686dc9306224c77d63523842d622ecdb045cc8dbf180335dab,19edd2ac4c9163751045e9a1d7e1fb98cb1ce93a158eec0ee0ac654c196da317
us__scenario_028__state_refundable_credits,dedb05f013f4d0bc3b8e4e44e1db641427086d49e71d6f05b61774f995da06bd,8237894159cc249372c961d2d04f64352128db6c99f330232b918c024382b4b5,ab1dee144d731fcc568905dd29d8ea942b06091dc7567ea9c679478657714c77
us__scenario_029__federal_income_tax_before_refundable_credits,1f08c254ddea02aee96773f0748ec7f6feadd8392023c2969b58da5300136503,d82f764c3c2ea4ac352b0005b98def82fc050ba5ed00b271dffebcfd163c2b9d,3bf5074aaf2d7664792425f1f06181d14728639b627218d1f3ec5bbb327747e6
us__scenario_029__head_medicaid_eligible,c0b3872906161eb7715112880328d93a2a5229f11580f3ddb90bbfb6c34a565b,f4dd803e1a9f9ff433c253fb87c9f1133b5842bd611969d5aa1d08156d5ae448,d4e214cdd777c77ecdf2a5aa6529e263736e409eea5547a95e600f0345b4941a
us__scenario_029__payroll_tax,7d9121c1eceb105fe8b84d4e37f679bf79588c26caf5883e0ad874346bc70104,41fbde72fbf3451e040beb627c841360f5d8162890827f2bc263f7c10a130c3c,387d1d38f10aa29397e50d0058658cf6168e626a30f1e82ed7c63b3670e9b974
us__scenario_029__snap,094f6578b1a61a88a638c8f79cfc0e728376a2887c0dcb1c765c7949feb89e1e,3b61c72afb3c066cd65360378d23594967b39d799bb8bbefef60fcf3a486e568,1136f623a11d2276ef4772459d43245c0638dcf2df9caa699728289453aebd66
us__scenario_029__state_income_tax_before_refundable_credits,fb9fb74ec04b344c173d0a6d3379ea4c755b98276afec70a306bc2e679d9ef4d,c09d8ffbab567b7ced18ee17d2dd5ede24168af7bd0329ecf1e4610175787d20,8e9e1e8b34fb59cae270dc778a93188474fae5ef0bfb5b2a674d58f7cd12a29c
us__scenario_029__state_refundable_credits,f3648d7030c87d14b5abc909ef38ff99c5fcede6801ebcdf9c0b1da9d00f4521,127407175b39b91f2841641216826abb888b420130b0ce6057bc02189ce80df4,d7d71ad0a8d7cbeab6edd1a9cbfddf3dc71f0dc5ec35a9be15d7b11235ed8487
us__scenario_030__federal_income_tax_before_refundable_credits,d1adeadd8022d2178d52801d265c4694e1db01eb310abedcd35ee5ffda8ed14e,c02b8fb860b1d77992d687b09041c0bb3b27f69a6c533a05ca952f055651a11e,04512f15803b1f8a6f2bec6fa8b6f4d0a3894172605b2e8053a6d3203908a1a0
us__scenario_030__federal_refundable_credits,57f61618e950470c1bf3f02f2ef7783d63f3407420223b6e400666257488adcf,8d9890d58f1002307af01c5417c7782021d840e477d0970642ffd776bc66e65c,a9a0e109313daf2537bd1a88dc0ae91cf2b3743401c24ebd525f8fe0700c5276
us__scenario_030__head_chip_eligible,d16e5feb5fa75542196c3d0bb16efc8812b4c1acfca92e45a0249e2353dcb393,1b466d914250e38efdd7da8d464c353025eace78d75e58440e230b268f7bd781,45ec4fddef5f212bb02e7712e1ff7b7d7d4099b468f37ea09e6b67d3caf31611
us__scenario_030__head_medicaid_eligible,bc56bfa6975337ccf8120ccf0a1c249e8f89a582c239c513d3ca298249aa7c86,1463b28767dd41d43f4891c49be6b7621eafe4d2c07e025d5343987e28a281d7,4fcdac89eb3642a592f500cfbfebdb605fa86b918edc7152940b6f8d3479735b
us__scenario_030__head_wic_eligible,14cb1029cd2ce2d5aa69ff7505367972ec63e395a1f1890663a8e320bb540d81,90bef848418206359576f3201edc9b39e4ef763fa3334762ece5757d2f6e4c0b,10d439ce4ea57abfe6d1e58bee044a69f57a23601da4869953956449427135c5
us__scenario_030__payroll_tax,9c2735bb834a6858cd4b17440a48c9012b04cd50f1b89162a6219a8d2658b086,ad985121c6ae0ea09931a7f8a60593d0e9f1e164e787019973e63e03669bb08f,d0339317f4a6cf90d8bf0ddf70565121d289c5e7dd25c29bbea9fc039abdf0a0
us__scenario_030__snap,7fb50683ec5e4742b2cfaf72c841bada695349ead565c53e32097474952951c8,1a48069de387a5858b2c09f397b611be0eac9b3d3a352185f3e15d7730ce4f83,c88b58bb64c17a190752f51961410556a676141314e1a3a8351d6df9e49f4e4a
us__scenario_030__tanf,fffc09d7657841ad6f1841b8c1720097020d7083b948eb9c8195413a1049f563,44812c88732db5b044421fca8bd9656d514d68381abb2eb0e2e511b6093c0591,b1bf8a1a468f6ad55b61df0d8e758b92f3be51b64bf146120d61600c5ba39f7a
us__scenario_031__federal_income_tax_before_refundable_credits,819c34040c100bb9e43c8fd19dd3dbdfe8743863f39cf0306254c3710782a023,fd09daa78d449c1d07b0e97ebba123b7a30908b070311bda9523c736a272ee9e,734163ed67b3e71cd4746d578c0505bb4ca34cce756402b60a330e2d02886ab0
us__scenario_031__head_medicaid_eligible,156b2491821ce8eccac9c2e32232f070c73934ed1b0ec457656603d90b3125d1,da67ffb243ed2624b0a01e3be7f4d1ab52189c48ea165bac99f285c360cee48e,e4ee38622da1eee860462e1ca0d392adf21d2c58e38191b5cac992131bf7e94e
us__scenario_031__snap,ddc30c6afe6af45f97c8f614843699d7782dcb4554354d5ef6230eefe04a2296,5e29a9f7892b39914ac9727a5df26c05b3f0b2b4310e05ed6e42d1559413547d,40c53c36eeef1dbeea80f0d7405bd603df7dee32e547f3142c35cf3a88744123
us__scenario_031__state_income_tax_before_refundable_credits,51b74fe0c64842577a891273b3d025e8d84e253e0678dd7f08733a4341bc976d,4d02402567c86e270bc6cbf1cef3fa5e1ea7c8ad77a76c401bd9f252994a91fd,fd4a0fa85144beb1abb313fefa7759b63c17302a13acef443ffa3494869b7448
us__scenario_032__child1_chip_eligible,5c14e66cefef3f6899746e2086bffda086d13977f6323f0f092f5204b24a3704,3b70a6b84dbc7a2a4e4ce03aef678af39664298ed35043130d8b632c58e0d927,a2fbbe2c7f9fe1279553f24dc514025b9f9ec876a6e7279220d388e05890dc5b
us__scenario_032__child1_head_start_eligible,21cb0f5e9e96dc9d8069a03ff69ec795b77f72c36c0260a6a37d93071be225cd,92734c2fa8c206a054399d07852c1c5865232718994bc18fc43b28e3abd20876,6ce407db3b7a9545c8ee578b0b431299249442002728b97e600f00fb657c108c
us__scenario_032__child1_medicaid_eligible,a74733aed6b43492d152961fe2904aeef9fc38af34bb7b8bec5a6b8b7c339915,ac20666aaf2c33d4dcf072ee5fe9c312b032f76158aff8620b09762c07a8cc4d,ab2fa5e6dad0a52b6e1996002e362ab3777b7a69049f9a1cbf953591e7bedc2a
us__scenario_032__child1_medicare_eligible,c22019abadd0cb5caf269da903768c4638e5dae7ab960295d6f10390973e46e4,5d3f8a17bccb2dc1081f32f8c9fa073d861706d17f0b8452b6e91ecdc64e06e9,06c89457eef7a238c235163fb1c666e8b2129a301166598327872716abf7fdb9
us__scenario_032__child1_wic_eligible,e3483185e388f5b5bb16af71b189fa562126761ff6305cc4191c5da306ed1190,5a9f0c9a3160a6841b40baca3ff92e059c3df415ca722c52beeed68ea33a1dcd,540a66c2299d04ac824a99347d2baa1e0e67cb924bc52aac097829d501af4122
us__scenario_032__federal_income_tax_before_refundable_credits,22ec163d64a9f3aaaa77fadcde8592cf7410b2cb8ca0b41667ac11d929d71949,5d0402c111321e64e389cf23362a2c19e26c3d5178cc77d2f9f7da2c10f0c33e,13c1056a567706c635fdd85c5e66d326be000fe4bc62db9ec10effc468f8db81
us__scenario_032__federal_refundable_credits,0960e16795dce7cf2a281c04f1df56efd913e2c6a651052e9fc34cb3d41ff3b9,f17ef9b429e6c7f559eb2d523a7ecb6bc3b8a9eed76c8e1a7c4cf448d51768b3,7eee263509bc0d8f37c8ea330e5c6a32db865d41a0a779a146ed45a4ab41e34a
us__scenario_032__free_school_meals_eligible,a81379b2b87be0428f63c0d26c12665c1945a1bf0293f0d3c360d647e9bae947,da2079f33390650c9cfef0e9109d47866245c3097e955c286ffb6dcdce3c9c5a,ae964e3905a85341162f029085db9f46737df3eb334ac2c71bcd75cd6bffe93d
us__scenario_032__head_medicaid_eligible,6b7f9308589ea2db980b50e3a9854e58c9613eb7a40250ddcee8b5a344a443c8,a0a7690508989a3cf0ea096f9f456cb1da61b4fac2c53bbf1bb1ea08f81ff339,2b2c0cbc3e8a2098e1db85cd3985fa0d9026d6c41d4ebb6eef5dae612b415570
us__scenario_032__head_wic_eligible,149fb9de84050071b2b2a1d6057e66ef6b4d475c623b4128cadb26111a5ee512,01482406a486e823f19f8bea2bc62200ef8bbf3af2289f1c308fd3f6cd15e795,4e8fa9ef84da787a2b036ea9075792a52017c0fade0b462d691525823d037354
us__scenario_032__payroll_tax,73db05d3115b30af9c15893506342899d586d580b98162ebabea032f915abebb,354482e612feabf4d21b5c8d14b96f6d0d4fb34895d8cd83f183e8caaa20a862,9dc929318490aed06d2afba43a3c4a988736fd1157fb6a936ae5789ef6b8a80e
us__scenario_032__reduced_price_school_meals_eligible,b690845477795d811fdeb1ca474367ed8914299e0501a412f25834da6d9af995,70dc16761420eff9defcd16604a73e761ae794da8c3153e61fff8ad4b6ce11c2,cd39fea9fd3669bf736e651a8fb55e5cf824a1558d16006d97aabf94879e98bc
us__scenario_032__snap,5f2ef8a4eb8fe3eee12e1bbe5530b767d51c04e0afc9f030ba962a67f3414e8c,f455c5f34030ed330632516ff5fdc41cfd09d0207c2ee92b971217caa5924590,cc4d32980bb4320efc120b537533713c15d91a72c16529e0e29248a5e0f8ee35
us__scenario_032__spouse_chip_eligible,abd4decc8dd5e0255658590c6f58de80d8158845961e2b955797ea69ff077721,531600fd17e2aed79c421c6a66e381983113078c17418dedfcae5ab2f9500e5b,6f2d7a121360e5f8a4a0f900de1326eadbbf39df995cd678cf22f1713d52a782
us__scenario_032__spouse_medicaid_eligible,082628f87e0ffee1293496fbe2bf19a82ed6840bcafa9f0e997f761e243fb817,935ac1049c972dea3bbbcd8569074b935d45419337516f35b9d07edf88abb605,98fab62a8d311d975fd0319a4aec09b154a3abba27497fb750c304259ec6cf30
us__scenario_032__spouse_wic_eligible,4525707f1622925908a5965a705b916bfbc11621159f00d27bb31306ea43ddcd,1fe71fdecdb36728746993cd362e22470b474fa18db8b82c01086d6a136befe0,343d2aa571567e307feb3fe5bd4eb35739f65aab04763654c55f37164ac1e998
us__scenario_032__state_income_tax_before_refundable_credits,989e22da5d9a64d354a1e002e8c0098942b9f698221da16e1d14f30f50411339,05d6027cf5bda1af1f65d5be53f09188c4a14c74658d27b980c46af46d4a5f03,f1f264dd556ec0e7b3d13056684d87b7bca2c3e5874234e027d6cb4ed2b500bc
us__scenario_032__state_refundable_credits,ba9855e7f40177607844083c92afa7cd990ce06a6dc78651c7864e49606b71cb,e817e194224811d7ce89da66e515e713b7256c9f2794c23d306383956eac9fdb,51e13362f25dd429038f17e3386f44039d658c2d56dac56888fdbe1a4b32cc65
us__scenario_033__federal_income_tax_before_refundable_credits,fb35e73bbcb63399eca0ddb9808aadda958f828c5d4ca84202d2813dcc133fa2,5c1dbb482df86fbc3ae59ee58962e84a115a0640ddae8cd622fd4f0ccfb066a8,24e01b94602242e0790102507b5031daf58fb380cf2c4343e3cfe715825ff1fc
us__scenario_033__payroll_tax,6b6980b0d668dadf5b1b79326498f7565b533312be8688cdebba90c75b2173d3,9af5039d7abdc4929420e509f2007c3f6061670a7513f8bb2683c129ee686b6a,32ead32c6b53ecc826854810086bee538dbd93ee82c369daf58a6fe4cc46820e
us__scenario_033__self_employment_tax,4ef0f946d4cacf90e1ec2ce6e320106fa25505c7888647178b11772ebba4cff0,c3a6d369dc2ee778f0ddaf3347abcda4fd97b6b67bc38f6a389de2dd9459c5ed,ca2f4e19c5b7d4cb5e2069f2d530bee5082ae8fc85464e4354a45893319292b8
us__scenario_036__federal_income_tax_before_refundable_credits,0ef9ff8529cc26f31bf37237f6d6f23f7ff5c9a7332f098c2dfc09d3832416b3,f22ea1f8ada9191769b8bb449dbb2308257f0f198914552477a669bd0e71863a,51ee4108fa5f4303965c9779072eb4bd1f020d325edfeccf14cf73a739188075
us__scenario_036__head_medicaid_eligible,e39b2db67aee20fed42c4d7c3892adffae0ce958931ccfb352d161e1c12f3129,4725f5b400463224b7bb95e59f46ffa390fd1aef49fc61567b7340663d72c08c,eabfeeff00eff51385567ab102096ce85fad9a797365fdc5f55ec0c1549265e6
us__scenario_036__payroll_tax,11cbc8cf6911b85ef615e214170e417f47d2eea81498bbc7d15439de6c8a2c52,1c8845157fc48a774b09a022e8f09cf93403ba5a62e87f9a6c068d3374019243,a38a087cc120d7aff2474e5bad375bb4b91b4a0c09a0988c0ba1f84117a20187
us__scenario_036__state_income_tax_before_refundable_credits,44eb047ec49f9f9670ac92d54e9f04773608d47a0bd1b5af8cb6dcaa879f4096,18fcf4ea207be1ae6722c98560c4f540e0ebcf81c43812974530d96ac205ade9,8f698f96e2fbdecb965a29d8e5ac2007709912f7274131941903f8b615b95256
us__scenario_037__federal_income_tax_before_refundable_credits,531ac9cdc17f3ea09e0ac72b0b55241fe415fc25ca52c38b8b161761268f8a7d,d9b63841fb4714b7b128e2c435a34949398e48acd99a0f8efaab97182c9e95d7,f354f060e5de3093e57f26f03f6616f8ba2d49f5a61f0e3e0215b102c57ffd61
us__scenario_037__federal_refundable_credits,1cdaf4d05fea8cca4227be65912a106921bf9aa19cdc3ccab6636ee1428fd089,3dcd4902d9e873ac3b22fe3cca0cad8c2a5c2c66a9c58e6c641a3c98f2f6a178,b1f22c1c1f8ec64c6569168c260aff3a138d5a5ba5b19cf087104696885b2b19
us__scenario_037__head_medicaid_eligible,9dee63f6548a1da2aef8b2dbede00a813c136e6f217230f2e78a871716f94d89,9c93dedda1f19c53a46ba9c8c49aef99255f98165bf87cc6c4088c6f72c1427b,ca1775639839e69d0fd9336c4315435502df5b166c114c026200bc730980c81b
us__scenario_037__payroll_tax,c4449a92bc0fe4dc8d9c8fbd60350e1bc3ba2f04d1787e39a64d7cb96e286bb5,2cf84443e8ebfe08f8ec38caf28764f0624b7d8ef1522fcaaadaceb1df5a6131,bef937e039e56b44fdd1588a53be9c3cddcac368b0f9aab605fcbe268166686f
us__scenario_037__state_income_tax_before_refundable_credits,c2d3f7b5f374ae84b5e65925a4cee9f4ec990f5416edde533f08bcb0ea4a6900,3a9ddc2f0f4e04b862e3a28b00357b50ba467d0a6ba0c3e2b9373d0bed29fc23,a754958e9d0eb1f1f1aa23d62a1c3de7642dec89e4bc78f226d6753a6f4c53b4
us__scenario_038__child1_chip_eligible,fb6db1a24c42ecc7eb89bcad872488a45a9b36872b3348dfd193358fa3db8e49,d283bed7f956c0eb83370b0c0ff023cbc0ee01205a1bc3d044ca5e8d8eb4cd3c,fea3720c43bedaacc9f38a532770a8efb9e5e0ed377353ecfd325d9b88293bcc
us__scenario_038__child1_head_start_eligible,4680754501a9295699acac70c8e2ba4d19b49e5e6ef9a6037494316e144f238c,94fc0d1d9f2ff635e9828b985e2b42257b9ff1705e4492a960ad77aaa9b13672,f469dba16f4b0986b59d428f9471287f65d3bb7a16246ad2e2f4d88858208e70
us__scenario_038__child1_medicaid_eligible,a0fb7cab630a01a8802977ec0ca2833b2ac81dff313c3423c23f1dbbc36abc03,e1881b7c2399a917f552c4f68bb915d42d0bd605793ecbd0e0ff15af911ca492,d968dd34852a806eae110b6a1a77d67ffc5f72708c7c9cd47761b9ac48ad5635
us__scenario_038__child1_wic_eligible,47019b4b8f2d5906ce077cd3814afabc7eac7ebf6802fa29fa20ea701a427f3c,9dfa7ccb8ec1ed65d40ef4a0f78c3cfd4f8e9eee5c8ea345f072ebac8d0e1055,a299ededd2bf55d005f6fa503f02c7dd3669f7686234f7eae9f45dd6dc61c6ab
us__scenario_038__child2_chip_eligible,a21cab0d51ec6f6e81a896d97df7391166739f2056ee49a44ada793f4affc402,e7efdd3bf3e45ac3594254b8a49b1723a79c651739c7283d0c02ac19740bd860,5937aaba31fe4046060d6c06b118c5303b41c2520879da43209de51f28441557
us__scenario_038__child2_head_start_eligible,bd9f2415f944741d6d17f7996c266a4b981329af0a03e80f646bdbe3f656ed61,2f20dc7270a97f493343287bdde878e4f4d79599308a62740dd76aca7ea9d48f,ec76cb8ea98731dacaccacab45f244f853dc995270473187652a32edffb45e26
us__scenario_038__child2_medicaid_eligible,5e50d924df8cfacaa48b506b2647eef3cdda67affbac39115f4e218e6462adb7,bac9e1a1215239ac920601f8afe636dbf7f2f9ccd97886b2b8782b66acc80150,faf27998adc03ac1f5dcd2558b2125305f2e41d704a852471f000d98b4e503c5
us__scenario_038__child2_wic_eligible,f51f3cc2a3a957055cdff2ffc37e0134c94eebf4ce7c341afcd3b25c509e054c,18eb10faf6d3616c639deec21e8248d6d7ba5b43c8c1d67158e25f5f3f668eff,46679f04dd5efb06f2896dfbd37332e00a28899f913f5252bb7633cb781634aa
us__scenario_038__federal_income_tax_before_refundable_credits,f2898a25fc1d100cde86b30d04c5fd492953e55fcb60eb1a11342917a6e8b7d8,9c27f05cabd6370d201ecd98a538d4140ab5c592a569964b9056b9fbff30d9a0,c778998b3ca68b6252c25bb13c9fb1943e21b4c48107cfbcc82ee00421548dfe
us__scenario_038__federal_refundable_credits,fd1b2ef6f0c7f37b840e63ed3e0f9517750a5552d0b567023320a4f37b4f8b19,699d84212cce162ae1d04ab11b60d5e81ffac59fc9fbe86d4156cf006d5fb306,8cc8b974c14ef77941895d231a60b3cc8c48107086c77b08bdebfd99aa5402b2
us__scenario_038__free_school_meals_eligible,e741e90cfb79dc6be87dd576c5479651f3e328374b04e6e1504319b8d59c2871,519f655a6343dab038ddbac5deeae53ced931f7c52b56274aa002e94e9b07b0f,94d0994d9c9ce2e6cf4d4a1ce2bbf72a8ed0e8f367be4411e02d7e162a253234
us__scenario_038__head_medicaid_eligible,a31611a47448d514d62cde0bbfa9917677efc5b93691aa3946ee6a4bf0fd3e08,f3b856158cfdbcde1e44a070d4e776f71400462588500ba209110606296c2c49,422f1927fda959308bc78cc3cd13b71f255c5a020d7765efc1d034628303dc45
us__scenario_038__head_wic_eligible,b36b1d98223d742f75c7429ef91c7b8bdc0830d30e2b23a475b8348bf7439011,ba0f763475147eec949cac234b0075cd796ffa3de5ba9526fd735fc967b77448,5e248fedeb45fe152d95d7ab3c0f19ae93bac2e4a0effe916c9f40337942d6c5
us__scenario_038__payroll_tax,41a36ad7edafe1305d2f6e400d68c37d02ef575de524585953741c19f825bd1a,964767e8eb52b0ca25e7baa56a9366b087ade120fb6e98fa1611f988a1d7a751,a7fb0f52fbd5c30146c26b7c7cda7530da409f65aa1f1ef5af6eb30a44c205fc
us__scenario_038__reduced_price_school_meals_eligible,d7c8234536ba690ecb2bbb98c6d43fdd6d98c449e4a3b5e64e82049f5678c92b,b3339fc4f1c4ae9c12e31ae368f1c163395cc574646ccd92f5b449e68d3a577a,029b530111551371ef57a3e8bfc6b623630be733ccd83fc374acd29f046707a0
us__scenario_038__self_employment_tax,f20393a7b6f4323d77f1d146de4f1d15abe7b96585bb93e4acb2a2846def7028,27784a4a540b8743d30727453096186eee03fd313c1355771c447239e68d0d5f,3b2f893dadcf65529c2ed8b45918e739db304e03600f9225761eb90454348f54
us__scenario_038__snap,a3d7a2992ce4c5bcef60b2b80b9583fb2b74fbe60031e664abeb252f8a98ecb9,d3eb1d8fbbfd5df32733fede72185d8f88ae917851c3ace6868f5ab8d13cf9df,b74ab8bb4cd53a00f59901c2283f7f120a12e4ce20e29d1ff245000f51fc53fb
us__scenario_038__spouse_chip_eligible,6d1c5ca1572b421a39f1c5f2bb5a5b30a1dccbdd125e5324cd98aa18438eca7a,7fecd6364b45019bbb174d6bab9c8d7275648455f69e46f2c9bc471ad0700a8d,3edff6e67ffd0cd8b3f715ccdd4a332831db93f0c30900155ca8cfb849a715b1
us__scenario_038__spouse_medicaid_eligible,82e888d5a679a410c60fc568c94bcd74652ea758703e4ea56debb6ea2171f67f,aa2789f5f8884ea945895b166aef41802f0cd5315a2e6b624868b3c73b2c2dc9,0e133ad9f8fae4a296236554aea7294e640c6846d8911cf5a068c4e2c97b0a16
us__scenario_038__spouse_wic_eligible,f77125d8b776513c4ae41e8492e5396411ed7ce0107882c107de765dfe1c71b8,d096f6ba749f5266c735fcc1f6d875dcff025e7a6af86a30ffb853ead5009f23,656d06cd9f9136d6a31227d6bcbfb34f325c0c25065562f48bc373e544568246
us__scenario_038__state_income_tax_before_refundable_credits,49a9c2a7f26080a42cbdb384402a5f86ba4c2217499b06d0b150749c56bc736e,a1b13c01246a2e19d4595269d8c667ef1ebeab01fa7856946498835013346e80,6422d3d98b649738e8d9671b7c3a9a5790186bdeda873200cef83c9c1ffbdf61
us__scenario_038__state_refundable_credits,0a0c363c9ffe603893231c199f42efe26782fc506d9902c34e7f62dab95469ad,39caba087491166a27fa2eae02e588525ee6b5ffacfe43ec91101d71420f8353,df38d2b502ca54b6a000224c68660ee005e76dce78a1818655d320269e868c64
us__scenario_039__federal_income_tax_before_refundable_credits,0d5de450dd4d383e1bcb41dd9e8ece9df19b15cb7c158b579d6dfbb72a89d6d5,ee6d3d2d302cdabf1814936915dd0616df025a0ced2b94f7cb6f33f3538679d1,b067ac8016934e08ff8a48d0b8e82b2398a11974e37928b02e7f1da3c9f815f8
us__scenario_039__head_medicaid_eligible,0ba5e6c2ac7901139bb50233de7b47528377eac1a26b19a36b035ce6dad1c782,a80165745287307440e6bb2b173dc8dfedaa0c99852b2b6418a9d377cc77877a,500b66c098479ad07723b75a134fd9d567413222faca7e82c2f7c6c3f7354534
us__scenario_039__head_medicare_eligible,7d928f4d000b2c00c6255ac3a01567dba382c4a9ac0c4f30664bdda6077b61d4,03fa1e5a73a017799487221c1ed39b922003ce65168272c04adbc5c635553f8c,557f26a9b38200a8a955b301c9c5a85073479fdf4f75408bb49c61b38b4d04b9
us__scenario_039__payroll_tax,754dcfd7934899568d3f5a36bcc16455f391f704edbef9221da71be0d6c7f3f7,076258cd4169dcad780515e462c6bf2f95945ee23c587f8937813aaa8e68e09c,f3e8c9ec4516b5165ac7b899450d926e50f5e8620bd37ed4e6e5114c4fbe6e86
us__scenario_039__state_income_tax_before_refundable_credits,938f810d84e0b2393c73084d8cfb40c6ebe0799abae1e0164fefbbcb3743205a,3aad1cbdc88205b1569d16dfa2077fc1c3665cc5e455613b100bfccad6ea6f72,86bab2a616f39a862fe07f0de712bcedc4086da05aa60d9c6d550f226457f392
us__scenario_040__federal_income_tax_before_refundable_credits,3f672d71c4ee36a64503c28943bbf8241d48698219981a65c99cfbee03b7c5aa,a5ff6471b366f730d62a442214379373964d25390ca21784e79cd82e2234fd12,33ce3399b27995478762efe86034732f298a97428f8608248095e3a7d7edd8a3
us__scenario_040__head_medicaid_eligible,36f71562790ddb5e7fe49883aeaab41245d92b1a023bda582aed544727fbe383,631f4f7cbea809810139f9de12bf5f4c3827963accc309cfaa0bbe9040332acf,6b05cd6d9affbac84a13a1e0df14e5a437c7fe1655b9fe3a2ede3a4098f45afa
us__scenario_040__payroll_tax,2b5d394a7a6c8b1ffffc3bc46b16099fba6b0009725550275d16b3c069ed21f3,8643dce0ee5dd5d6b3844620cbdca3afe7df39a73d3cf97930eeedcb482a0a26,48f52eda58a9246b3dddde35818c97164516877bcb06e66a18d55f14421c4ecd
us__scenario_040__snap,5475c73155e3f6a912436a1fa2e06479725006da6f96de2b7b7e9c16db95c417,4e5ceb875f7b99bbf1e5222e67793919789490d5953930572f5fd1731554e7c3,c058d3539d2fd162a56a5b55d53d959531cfc5b69bbfb2f16b7bb0cd9c849041
us__scenario_040__spouse_medicaid_eligible,67aacfd380b1d4b23388288f07e1ec3e466eeb0d40585861ed0eadcfe68c4987,b0a5af20fee94df77d32da08b3684b2d02e9b9fe1a99de2e2d0e1a4d8ce31a50,1d304e560af66114a5d92a6a44fd2f8a747bdc54cfab550b211158dae05dbb14
us__scenario_040__spouse_medicare_eligible,3727bf190e86ecf635349b9bc4a8aa0a40578256aee6f2e4f22365abecbae464,1e6fdb7aff3bd6bee9af83655aaea163be4142ae063fb42bec30fbd283c04cfb,3c077355019b2d4f51db58198df81eb3e90e2525af3114c02cfeb1d65e3c5613
us__scenario_040__state_income_tax_before_refundable_credits,3aaffb2fa7c401919c52a7b99274443023dd680128f04d71f02ac961792e5960,1fbec781f81396fc6bdc866abe0c1dad865ded5cbf82e37f647988bc421b48d7,cc708522d440ef94afd98020af4fd131528657632afd95a7b68d9ae5be9462b7
us__scenario_040__state_refundable_credits,4c204814eb3dcdfe0106056fe29502b5cb1e7b1b6f02fbbcc4fe45876eb91ac6,55ad15c86b01c75b543c0e855b174477801ab2922a1f1af1163a9cbab7a1c991,4d3a5515d5fce9352d7420d072aad652fb8a6e1c292c820e5f812c1e925bc9a5
us__scenario_042__federal_income_tax_before_refundable_credits,3515d0212844ebcb780bdbe8f86301d1bea403d550a7d97381b0feb5c7933a40,5170813b5e766e78fb652be695e0f32a0093105e1fb1c410eb710bc109d0055c,084ac3d9d691b552c02fa86917886468e656c23d2e1bda5abacfe5f734c61921
us__scenario_042__payroll_tax,9f75e99227eab776a2637597c8ee73180586c94b24685c374ae42f11f2d85ed6,d830248982203453fd8aaa5af5bce90e8bc968e0f688b7eec37af83dfc211015,f1a92a78df9a3e8ecf6dfd5a5da10d4b30b2c2d03e4fd257b4895395ac5a4a1e
us__scenario_042__state_income_tax_before_refundable_credits,5549fea005de54bcf3f3337ee10e7fe7be4d79be83ceec84ff3a823ec9617817,bd0484d9b12ea42cbe6d91e30b3877e5f8375e84d2491e5ef58d8d97060b223d,819f5da21f0cfa3e0560082e19b5a40c7e41f75b7886f693eedfd3048b5a5aab
us__scenario_042__state_refundable_credits,62d14d3fc72f3b01dfdd520e2ee8ef32a6f25d5709585a976b3112cecf45cf6c,ba18c56640dfd549e76139605da2191d1a898b4f206df529506773b004cd548c,8e260aecf4a98140fb693e7934f770ae826cbd46a22ea41f4e6fc560496748f1
us__scenario_043__federal_refundable_credits,f28af07658f67f40423abac96b08c60a486ea8f6ce0eae0f58760ef6fe97ddb9,d9d1527e1797ba8cd94d148932bdc59352649e17a5521f34d240db5e69a2e93c,b766f9a63276f9324eba0af84f033c4b33677e06e9c9e049f5c915a7e472079d
us__scenario_043__head_medicaid_eligible,e1ccc99d8a8cdac22f6bbbdfe1cc4576fcb80ed7c1dffbfd4b1ebfbfebbe073f,7b68064124c7e670231a88f2a2bb80c773c443f4e42c9209b74fc3577f1a2788,2cfe1d466c1376bd545ab21ee31215dbbf270685580b80a434996b83a5979aab
us__scenario_043__payroll_tax,e3ebc8bd7806caf62e96b5642d17387c4404da6f65a0b640ecfabae2a50b2d6a,3baf4b01b10a2d8e12915859767e1f9e366c0f1d59fe6cc7071ce3952431794e,90aa22ce986ba8f47b17475f99cdd72274b16c935ae24ae6ed18e149ab9ff163
us__scenario_043__snap,0e59e5c9e0292b7afd79b61d8e67a6e1a5f79ab276196c0bb70561a583fa1b09,1574c02572d427990b211e2e3374fa6d2d2037d33f0645e84b3867a231bafcbb,aaea8ba5ce78e98de5bc885ef5bd87e5010b03e58004ff9fea6544594b9cc686
us__scenario_043__ssi,3f2fb2e727eb13cb3dd6329b0cc4f1e9d1fb0e6e941a37be95f4dd26ef98015c,6eb8e40d43ed869b65016f02f060870333528d5a4a440d0ec199f405e2438e77,24ba533dcb94e5c28d6a6ef6eb6bbaa37321b3f280fb5aa5ec44f60e6beffaff
us__scenario_043__state_refundable_credits,3ea9fe5599a39237590b50f5dc8ccd1eda1b7763510985e7fda9b249a6930182,5c3ee50b4551d5cedcaa158f8b45923a0a8235a7b635e9fd6ceee77ae4a2b601,ee485e56be5bccc70691310f1ff288450b759db6d0a2705cf3d8865d01841513
us__scenario_044__federal_income_tax_before_refundable_credits,83c4fdee16e08f063240f90069b0c36b1941bc538f3197869cb0ac4010be2a32,1ad9cf7ce57e2e67729195a6061dac993c28b7da063f7c73fdb21219307a0a69,707203eba90e73c6801a9843e2d42096b7d5b93c27fa1f4be262dfff7cc0d51f
us__scenario_044__payroll_tax,adeacc729ca9a98af1b6b4d238c66b8197c435ad37cbc852d374f7577359e6d1,519822c2d72101c61ddadaa2e362a77e396c2614a2e7cf4dfc45885b6154343a,4826a6e49762f96c90c846b0fc231fe0c580a67914cf41ef420c83aa65124509
us__scenario_044__spouse_medicare_eligible,327e24a5a80ae7a43a36ab7e0b5d45a0db4b687d96855e3423dbcc032c290c47,6c79e76ee912dc80f51a343cdc636f6637935304584e8747012a52bb5ac6d35e,79d1915b0f61a404c031fd1680880e0328734bf8f7f1fe28dcf6c83fc6f35b9a
us__scenario_044__state_income_tax_before_refundable_credits,4a0b0d92a574ff8b6420904f60cb9cb2b6e3c275459d94b7350837ab2c38f27d,38a30ebdd7cf229e4e9cf7ba2e7e9401ae546ee4fc18ba127c62ebe91f03796c,7e2f95d04dff8f4a69331515eaf56a07e525d5c986b53f7adb0f580ef753fcbe
us__scenario_044__state_refundable_credits,1d5b7992aaf84ffa48fb15346233f2510c7b300d4feb2bd033e323d2fe331215,153e9e572bd287d680ad073d03707f9eaf8b609bdea363ae0613edaa0d1b7ae4,0b3e141df6c6e523f6f6520ed3333390b4d59c39a372645b135c779da5b69fdb
us__scenario_045__federal_income_tax_before_refundable_credits,50894b78a469df0dbff7d649c2abfd92d49f3d1ed427fe94ddae59d5e3574d45,f68938cf74800ce3ceb5eba37662cda34d23c217658f4632942b31977af5a5c0,da1d3e3c928dcac8f09bbb33a11743e3ab39f326de3a503263b46cb6e25a854a
us__scenario_045__federal_refundable_credits,13546ea920e4a4cf6b9c4968bf1c96122e78675bab5de11cb21b0c8719fc7c18,120817a62c28915719bb23dc4b3dcb6eab05ef11398fc2001b6df00182b46d65,16da982848b8901969d5b8361e8d051487d28cc638fac72863bf64fbf3866d4a
us__scenario_045__head_medicaid_eligible,6abf1498f4b6157c34f1a080d8bc781c053f3a2eda99a386f129864de26dfe9d,d76318a7a85f55f8ef1fe56dc4ff16276c47675acfe70fbad48cb6066a67114a,b2e6d80c0643aa9621a98c2877be0446efee1096057031121a3d6c7e40344e1a
us__scenario_045__payroll_tax,721ad7334fe5f9a80a965997b81e9927953f095ca9fd0fa1ba16455e8b142e84,cf2d7c881b5bd95fe6c7ab897f9bd8eefcf6d5c19f4b51bfc1c66a11688d2b21,5e3eaf65f2583a782cbc77175196f2d71a7ebd0065748cd704978c961bd25ccd
us__scenario_045__snap,b2cbc9c82294274eaf513f55413f8551012d51b914779b579611bd5c8677cfcc,aaa14a511fa37c104fb0a09aa23d8168b5d3bb817264c468eda53fb17d6ef348,740d9dcd48bf6f25c9fd0557ecb093a720bde563f66cf43a463b56adb6c16b00
us__scenario_045__state_income_tax_before_refundable_credits,b13fcc727f86bda9f84aa1234efb2bdab45b2de2adbf1884dd2b1a9d4cef9699,c753fe546eaf6cf53b11661a08393329aa9e41de77f20e2180df8b6494d28e7f,8a409405a96bc6e7ff55318aebf26ff1a8792d9a72e1456009a3e805869c66ad
us__scenario_045__state_refundable_credits,167589993d5364898b9932384b71e5c67ad919dcdb59a615e706fe25e9de6b3f,f8b11bcfcc584d70a3dd6e21b5f2a36e86f4a7d3e223712c9312ad714eb80347,30bbb8121d1db5d5eecdf13c413b428cc6904dddf78e35c3cb74538bc260f4b0
us__scenario_046__child1_chip_eligible,8ff89b3d57248ea77c5a07f8663ba37dfa3a42d33108f6d723d07991b69d52db,00a659cd188d3cfcfe57724417b48d020a2c501b7db935da822a790fa45ad8b0,b4a9514f43a25a975400a40d1ca5ba9dac3bd756a8be0c82c8c89e804b2ad7ec
us__scenario_046__child1_medicaid_eligible,6e2400d102ad8a21791349117e82e0015f27da5e5ef9db010e4e4d9791b4cb3c,5e66e6c3456e42b97dbdaee66c0b31cc008f24eb9482aef8bec2d381db24b0e9,3a97e6b321356dd2a052809f5f45a7f6136e16934a07d7be9a5102f8d697fc53
us__scenario_046__child2_chip_eligible,cc7a7faedfff2ff24e739d9f42a0f73729fb23a043bc4253ae3502bf455f4541,a0978af88b17f0d2d5ea14929ea6fd2122fd1cd3f4a1ef2925fee7a5f5d57994,6b2b9735b277f3503da6b10ece344f3a46244b4641acddd1fee24153187c5ec9
us__scenario_046__child2_medicaid_eligible,632e3a92212e2e4a7ab0c31ba2fb09457805de753d7f6440508da00ba6d80011,d283b472cf9db20e924b4e9c096904e1f21415439992f817528fc6b59e9c379e,aaf39756d082c6e6165ccbaa1e8e2f65677355bcedaaabec13ed34abaedf4bdf
us__scenario_046__federal_income_tax_before_refundable_credits,db460915c7f17e303056f3851fdabef6a22430fa88f7c20fb3554a9672922320,5509c4beef818a4de894abc090e8cf7b2b6f31f2fdeb73b981b8a773ca4337a6,3ab913abd58acb7274575fc7bd731d156b26f2841c1b89d1855260262ece02e8
us__scenario_046__federal_refundable_credits,522ab6d7784b46476362327048f87ed64145f4c840d9c64616303ce9014b06c7,7b8d903134a9966d7dfdd8803256224030620b63744f2c30b4dd0f4da1e3f490,4f6c934b422d5565baaf7dcf82028e0cc319c022a075ad3ffa5ca137a2a4a4d8
us__scenario_046__payroll_tax,979eb484a434b1b1da0222be9101aab630a0ef81849309fcbf5d911e16ee5747,8b54d03ae5a1df19dfb369197ed467a413c577e6f83618a5973d375365e6c9d3,c5d1613f0df2e0217ad01b2cb21976513f31516d8c10d52b1960ee75bed9f890
us__scenario_046__state_income_tax_before_refundable_credits,52789989bf05e6a9916c70041c44b8d59ad9d793f5c56c7e59983b48c99e2caa,180d91ae2d90064d82fcc3db93c639d5539534339040db3db01f1e995a1f7b63,2e0bdbe6480e806114c5123b8ee09626085bc28400054207c4d163dd38870345
us__scenario_048__head_medicaid_eligible,af465bb558082e0762f364dc5ecb6e1078dc2d557900287625d73e148ee36773,d713f6a918118bea7d8db980d5d68170f53e3dbd891a4f4cb74c6e871e20c2e0,0e1cd61ee8c74ba60cbe7f6703e64d15b7f2eac172191866628948f5c44c38cd
us__scenario_048__head_medicare_eligible,1808e6d7862c7bf5cb34277d5ba9b52806f952d38672a674db04916198f7acca,28260c0de1c264e251b4576866a099d027eece45892cc40e0762bebf17fd4a42,6a23e0ed707445dcb663cc4bf6cf91a04409859fb5d9b6ca3902f20c6d1ca82e
us__scenario_048__payroll_tax,7dad34f15f6d68e9c48cf260c82b21c1a81ae7810bf5e856d0609e1dde2798e4,3adbd4abc558ae22052586f981c63487a68d2d68f27c738c891d7189e50494ce,61a68747c20ba555fdaf142fdb6629ce1896b7711059cb1c547bb46de2194187
us__scenario_048__snap,1b55c8442a76c3dbbdf04129ce0247c265a73e1d7533a417fb082c4e7208378a,fa56edf7537532b4a8f2feb5b023066633921ad3d831ca39ffd362b9b3e58e8b,2cbccf2a04cf5afc0420839d372797c1685671ea1e38a0c9b46b5fe65612eeb8
us__scenario_048__state_income_tax_before_refundable_credits,6b35fe6a04e8d1f85c3f85634977b1ad63ba701f23a118459656bf1ed4de99cb,1b7f8f71e11e12cfbcce38e1c085489dce9f98eda8892e85dc3188f2fa13b581,a0797cb7a9e34f6b3a624fb82db8c975cb47591bdf3cec09b8e3af1940878092
us__scenario_049__federal_income_tax_before_refundable_credits,a630030a3455dc69ffa6b773c1bcbdf099071ca209790f1dc43a251c896a55bd,64ca2961109ec9568db4ef3e5f43263a74f73da37fab979016d549432d4ba923,d1f4266a46b510676636cefdeb76ed0937601d7d83b6a87e745b05a10375938a
us__scenario_049__head_medicare_eligible,508a5aade6a873bc35ba9fd69f2459eb4de25e5014864cd1599e87b2131e08db,14574d1382c0d1236a4a507153300b4241958d91c0807e6ed6bea507cc5d1a82,a07445fb0f0f8d58dc759e6e2f26fe1a4661ed935c901b773b7de2cb10493f4c
us__scenario_049__payroll_tax,cc58a80aadc63a97f3ebaa60a9cbde240b45708e5a51d6e914a19d2c9433a43a,f1a189f6b64b8f5b08d015e55d54478b880da64bcb5c474f3ffa825322130392,c75c88fa129e9713b7ec8e23572c6549c289ecddd1a638956327f20157f45012
us__scenario_049__spouse_medicare_eligible,5f2683eb144a866907725559634fc32bdef2dce3f8edc03b49e30a3442390fd8,a0b3db99aebc9aa0a46a192d8a414b15f6e134bf77efec7995267ba8e940afb7,774b066a3591cbd4a647a2475bd1f24146b72fffd6ac553103c4768022bbfc8f
us__scenario_049__state_income_tax_before_refundable_credits,d0b334d42c5224a0836a87e42e8c74009fba48689e78bedbbb9de1aa532cead3,57c95a2b4ee4823d60e17f31d5c45b71c2f2ed2ca2d82f3f4de6124998f587a8,38bf896a9624837af503f565704d9ac44121477d0dc03b2171421edb57056a3c
us__scenario_051__federal_income_tax_before_refundable_credits,85e0e1f46086461574de76e350467695734d1900e7d58798bbd8efd173de3c27,6ebe19ce21aed104cd20e90091385ee819eaa08d287ba590ca3e38cb42ae4ddc,c67674163c740960253252ebf74f2e9b6940d0d1d3a4a5a5eec2487782dc177c
us__scenario_051__federal_refundable_credits,6e6bc4e61c06b828850b4d0dfa5489c47c5486bdd1496c350a9c1ca6eb430116,ad7a510e71955355b19f8a00ccbe064d642c767b2cb5853f638c2f1108562e4c,48e12fc8d9f949fee9b30c8d54cdf9dc71af54f1d5a42cda27d3447e3019c062
us__scenario_051__head_medicaid_eligible,0586fb51dce2e1ed38e98e3c028de7d7bb759db9dee6c082f0d4d7a62b438b2d,4256be67fb88ced26e6fe68b169c1e1a553f3ec35e90dc5ec5e020c17cea7354,0db1423ba7ea77b5b8ec1f756613d3223a02a23c97f07efce13a83d2410d4c93
us__scenario_051__payroll_tax,8b3810f6ea11cd7dd4221809c58cbf4b2cc3c42305eb315380a3995f285ea209,52c20d04d1d7cbf60ee335ad28822e6fe7c5e9d1fd1b7cc33af2205c6da5729b,1296e2b3b58a807505e00ddfc3cdc413557cb331749f9cab7f5b4da171a6cc73
us__scenario_051__state_income_tax_before_refundable_credits,af842dbc18b84c079818087b7d6f257ddf6d573df540defef3b80f05f231c59a,debe0ac227595d88e7b2ec74b9995e165182c239dd5c124d073a1e722bb6c2a5,51066993c8dd9d0e75bc71a675d5fbaf9a742e34fbaf213975631e35c100bdf0
us__scenario_052__federal_income_tax_before_refundable_credits,91d163e1a3d9007c19431511ae6f891858e732ee9f4fe573dd2bbc37d2e020ff,998abf3ea2f093a513fc7988dc2b132edbc0dcc6945611d97054d95b534304ac,6a017d22f497f8f6701cb23b48271ea9659eee4f3de90d9a724937daacd58efc
us__scenario_052__head_medicare_eligible,164e17b4745fa0ef4e25039a0ef8068732ae3a546dcec246c84a61cfdcb805a2,af58ec2c96a3a746b0ad4c6eb8e1eea22489c2a579459b5bdedc9d9f0d33c51a,05061aa8341a604bd5823222f6612b59ee6585b3b5e56fce9717856b4bb08264
us__scenario_052__payroll_tax,98e5289e9887c19c13429ebe7511d82fcd1fe7945eb85a9606ea0ea46be547d7,279719aec1fccc89c890c85c5a7dc907ded888da7bb1de5b7052430751c52a37,ce2464b3d78e26f8d0ea731099ef9f048fd49849553fc5b2020c008a0a66dcbc
us__scenario_052__spouse_medicare_eligible,c12f7c907b26eac5511570a2cc0a6cd9b2f0f932296d848ee2cf68d4ace562ab,f3ddd1bcf7f2506f75121b24b4cd69805bedf69457e3c44e019602e8cdea1a3a,2435736baea0cddf1ad920c6b84004dc2a4b525655f67899854d4838257fa9c9
us__scenario_053__federal_income_tax_before_refundable_credits,f83e7065274174600e47181f527f27b60468402eb26f8f85a6708e5d66f957bd,c1d24984921cf9970c19b925c15ef39127ce4d56493dab56ea75624bce2fab06,c2a06b91c451cd26e3cd647394ad68f744e655f84ce1477d717267b279baa492
us__scenario_053__federal_refundable_credits,ffede74685464280f003d47044a5f15147bd05f69c22e68ec99884f9d0f50c1f,15b94adadeaba3a4b146f4bc23a477f06389d1ff11e121d55988f5bc68c58b07,e5b5fc42f8c7d59738222a2cc7c3e600e0afba1aa375e1d7b3a14742839c8129
us__scenario_053__payroll_tax,a055146a31b782cfaa1cf4892d9341e842dfa41f748994d9db4f220923805d27,8930286bbfdc1cfefc8df6576d255c63da8ccea61791374fd42eeea4cca05181,d8f021b371ea2b3e7b98cca994e2d15d4030ae2b13a18b7da8b90ed2112a2273
us__scenario_053__state_income_tax_before_refundable_credits,2514bf1cf49cb2a69eefa8c934ed4ea4fe31eeeabb3e6d6941a5f5c8b5a63ea3,2f345eedc5d57116fd91a647f50bc8469fabb997154c833e6a1b12f7e3520014,06beb40f70916b6375b8fdc57b3e8e984694b2a56d98affb7853b7c7715eff51
us__scenario_053__state_refundable_credits,90982adec7967aee24fbfde8b6c1ca0442c191a8ed13064490831e82638ddbe9,2724b39a99a342c4f29198e14e37169d322a1fb39e60dde9980ad38bb1fa63e6,bf504bd99b2a2e48e8047f9fe7d11f0e1646b212257ce69501e30c4f1793fad7
us__scenario_054__child1_chip_eligible,e910c6e99a7c2b82e93f415f33fa07f1b72493756e0d177a06d11fe1d0711709,99f36d276b92f49d6638f422500ed312ca85a1bd09334cbb7f6ca5c860a29725,a63805b6ad1fe06e3ab5c12633e8b753c2b9a797d3c972fb6a6d421f0f1f884b
us__scenario_054__child1_medicaid_eligible,755ce7ce7b429ebecb898e41db45889a81e3fb532a488ae436543a438760ca64,780d9c63ac2430244647c0a3cf8b0e2e139686b2bd49b642032d3be324242914,3e418224b416c6006344d7dda2191e74e2d3c9715ca426add6c97a67e09e1a8d
us__scenario_054__child1_wic_eligible,ebf420a222a27cf59b7d6378d04dd6e26f220d9d6ddcccd70d769784c844d633,59c6a581add091a9d9c395526ccf381352213cad6bbcfea5627009b0261c2a5b,90022559c272f96ff088ffc241d51bbc456e9679f884fad27d89a5674aa558e5
us__scenario_054__child2_chip_eligible,4e56930e77963c77c11b1dcde0db4f7c0aa6b1a720b0c4e35df3c327a737549c,cd86aad7f8dd4e17624e9a99f337ab94b2e989fad77b6e326391522b8cfe87df,c6dd467cab52b6e099651d5c2e71179e6e0198048d62b18cf4c2750963bc0c65
us__scenario_054__child2_early_head_start_eligible,1b6908a66c8df12a48e990792d1f70c867072608b6af72f925d40708412a61aa,50bb5636990a7bb880353c2079577a1ad0289d911fffbc0c92b8d978e284fa8d,432b6d9347d4d904d84df5ce3e99b718fa73a813788935c659f9a9a34c129f35
us__scenario_054__child2_head_start_eligible,e54f05a192cad6896ef57e563eb120fe3ef6bf407dcab7add1ce96689bcfc85f,7b7c98f5e43441e6ca18573bf030a073ac6ed5fdb517d82c19f3af50295e0492,d0b8792ed430cb5d2df736f291eafe67d4a498ebe69bb7447c0fbf9435ce9dfb
us__scenario_054__child2_medicaid_eligible,7915be52b82cf6a0feb8293209271869ad1dec7e718a990c8080a1e336e9b420,ce9abe300df96a44969ae510aabd67fc18cf2bea6d1aef25e64c50655563e9d4,e1b342e990c2f155a8ae753d945dd29c5de2c442a481012e0bbb297b674e293e
us__scenario_054__child2_wic_eligible,73fa3d6dae841552259f48b922a155d40d7797027efa5aec2048a95a64e63bb0,2a20c57db837283d7745cac1c1f876366f51cbb179728799ffe66ab8ffed0caf,3972e57a0d39b9821c24e4a0b05e2d4e670d39d9ea3254f7772e1c9dc3559410
us__scenario_054__federal_refundable_credits,0698dda2cd618c7bd1665c5f8fba5f39cfe565e52498d5a4ca5b8d641e3c2e3d,beb3643182158791f5818ef6da20370b4ded61ea670ed96fd3fe162c727b4610,4fa19b9b8b78a4d2e1afb016a25ee359995b969f5a8b3561bad965d4a7858568
us__scenario_054__free_school_meals_eligible,272b41f318402b8f8281fc7015c8f20af1afdfa47bae9f705720de7fe161304e,0fb737c11bdb437e593ac92ede33b104338a0ef2b37b50e47f07e5466823a570,f7a4bf56877ff705205fe419a4e68d5d2f9ebf37ff4ced3f95c87719ea5e2120
us__scenario_054__head_medicaid_eligible,17e5abc53ec3bbc718a912a326e94a39589d7e7dfaf5355521d8bf4fc07a51c6,55f985ddff08fc45b85169f79248661951ef21fe907254e639dd16ce8936adf8,e9fc4a3cb994da7c681b2b669f73fca366f895c05a9b2feeff3f1f343058350d
us__scenario_054__head_wic_eligible,25f02c541066aa31f6a2c2037bdadab41d7899d90f3855bbf52084b7b844013c,0ce5f6996b56c8e716934976320d228185dc7e19e367495186f072dca8858e9a,fd45c318b74424308a9f785fb23bb46b7b51473d24174f87e55eb7699187d079
us__scenario_054__payroll_tax,456d183aff785f6755222c483364079db7049ba9738400347935948cb4f6891f,564378153453428d1a8a02c2ba3dbfcb340f1fd1f99a201b9d6e8b2d6d26142b,c86242e2cb9354b3846676075519f78bf39b97fd83107e8a08a03bc993a9a443
us__scenario_054__reduced_price_school_meals_eligible,f12a56a4660c97ba4d7f5df29798df060b2955d9ecb829a32e6e5811d890e88f,b27fc7c3d4106e3bc6c14f3d348dad0cd19c0b7814774a1a0e0c1798bc92833d,fa28c277276b466df7119ebaf360b73fce7ec2f010239d0fd2411afb19d1a1a5
us__scenario_054__self_employment_tax,a8acdb6ccb643a3820e3b3ca22a76b301690f22cf7f556c70010957061b182f7,34584872334d8dd119b96788585fca3af74b4e8e9cdf2795d187dd6059c877f6,29e7a1f7c0b73a3d8d8af1b7379cb66b0094ccf4b32dc495d76175f2f6613e08
us__scenario_054__snap,2500a2fb20a83e0666dd3cd6cb9e791e07dbf4e7ce1c387412acf3061de2b8e8,f9af944a45870ba5749f0a34410d74d771a958a727ee67fa4c73a8193e9c74dd,626f2c4986efdada00e6c99e6bf14ba15850432b1e2b0f2a81df3a680ebd6e10
us__scenario_054__state_income_tax_before_refundable_credits,a3e88e18ad91a4baf3c47c93e7b6222ccecc8e62c5e2b3da93f46935d1b83b1f,3baade3fa32e68dc8facf405f96aaeb7335fdecc08574f2fac53b3de85571fe0,d7abec8625c31d99fcfeb8187c411ab509e4ba6d33f1d8e4a686acdd9831e656
us__scenario_055__federal_income_tax_before_refundable_credits,f18892c3259f7d032f26e3e0253fcd5525adde7110b71f839ad23889d187c29f,cf0a53f92114cf43b729b1dd2a81edb23f65ef69fde6cc3eec2bc53372f1aa3a,f01f99d77347d09561b72c368743b898306a2c736a6f5aaa090fefc9bace954d
us__scenario_055__payroll_tax,d679db023a368822952b62e560f1d87d125577422fe1cd55dd09aa809cd09f46,3e3d36d2e8c525f216592da5e54c991e39f7014827b0c3e1e564fcb01207793d,3daa1eb6e38e8bf9f8f37b22bf45e348c51f85eae65425a18b38b293acde1bd9
us__scenario_056__federal_income_tax_before_refundable_credits,869fed4267fd38e002f36fa8c77664485d37446ce7f17227f88b651d7e6077a3,ba7abd54e65ac9d1269f5a042a2f76e33045f3746893f3f3164135cd2e0780f5,c70cf36d8a946a935b68972e641f4ece811ede00c2e346d8815d4c320a0ddd96
us__scenario_056__head_medicaid_eligible,8cea184c97d14c48ab06ae60786e2e218504e4532b3d05dc5daaf77617ac7f0a,8804b0dc69774740c7590ef027a716e1d0dbda44601e402b6a7cb4ec618b8993,083870d36a76b5f90ac1a8c0eb1cb8863bd02feae93d1ddb41bd3d424e575f2d
us__scenario_056__payroll_tax,6531a2cf3210005ac2ae383bdcae048f99d03047c5e6de4736637171d9a3dd00,5cbddaf39f01de2b5d6a0cc5d7eae0b40221abafc0709b317e06282cf8bf6a91,8eee62bd20528b9817411603d7e615be7a7324fd8012678fb2a7a85f3e202c04
us__scenario_056__self_employment_tax,7901956ba0a795ba0c00a0c60afdc4e588328f7098b18e4cb3f85a81d327e81d,d2ed557c1f4ce1a2beead21aef264a49b77c71f1b7a5e2d8c98546a890fe7727,79a46c80b7efef1296260a2ff5921685839867b1ba6ab92efe51e7b849f886a8
us__scenario_056__snap,2fca2c84af589153b2a5ff63cd3279965c88586ceaaa7164d7e43e7a3890d4dd,cd7f02516e974876d855fbea87b896eaee5c5c75813f3f6bfd8a835edbf31d44,590c5555a7084af54ea57f3edfe9070fbcee349cb3ced45a2f2f7fc97fc9f122
us__scenario_056__state_income_tax_before_refundable_credits,828b862f6768e81a9585f9ae508db46ebd09bc4c7eb4bb9dadcafd573f2647f0,2be4296e7aa80df26a2403455fb0ec1d3a9ae7fbf8c87715f4cef8fc89ab7466,d83e42c23a85dbf78e9d730276562957aa87459a47aab8647578fd4ef1e13765
us__scenario_056__state_refundable_credits,9ccd5181a1e922a0cc5013a76cb501cb397e9285dde2d534a390fcd9a5eecdac,c6c23b679da533c4f4ecb38d3bba82ddd46b8578dc10a04185740c12dbfae43d,682dcf8f59fa081d2fde199aa7eb412ac0ebac7e65e557f085e6ac1db8c9529a
us__scenario_056__tanf,e29d915d8be36465f330cd19283eeb444e984e459bb631b80b28ede890585dae,c9259662a30b84fbc876aff7e14b7cdecd76b47016a909caeaf9f45390d70b5c,145200cdde3eba56438687557f98fcea2a0e6341eac6d6859f229256452750b0
us__scenario_057__federal_refundable_credits,3f9283c0d7c688fd650e5de4e59758b9e74fb8ba86b0d3e3ac2414381c65662f,857cc27db2a6ed2681e8352479a993caa1a94b503134f7ac33988e1776467d2c,40afae360cbdd0d62b5c10098085599873c695708f7a915bcd9aa99826b6f108
us__scenario_057__head_medicaid_eligible,232324e443d96dc96c2f845225aba9036508fd7fe90471703643878a3a619c6f,919a4a1120ec0f87f90ac23e44903af2adf9b48201830dc2982060891ee68d62,0fedf6af1bb7e17ccac032c3b29192aa5fb6a4f5b74ab03b295f9d805c77cb83
us__scenario_057__head_medicare_eligible,96bb4fe44b511474bc69fc78af6ff88de9fdb9836ae4aea160a23de88902a4da,817389ea8f2d6eba79d047872f57268d96b0efa1a3a89e9b31f894e2fd766c11,35cb5b1bf501146709a5171561211008c5c253463e8807a9d56d1939dcf49881
us__scenario_057__self_employment_tax,5ce219cef2a55c537084fda62318edad4d9ceebd1b2907131db70215cf6e2687,024e7c4c5998e7c761d8a235dba4191a7ded0b45843ce21ae92e9cf14d14fa4d,a4f66416043cafa2f35e7f48dc7dd8b7acf309c1c53335dc367c8823580194cd
us__scenario_057__snap,769afc6849c53e1ce72a7bcac4d69e1c2580d7faddf032776241e31d99dd1a59,29cc6f8b354d55aa186eb9ba4f822446e05d6d5152ae1848ee3a0457e649223b,dff3588e6454e00275e800cd3e4ff487827b694c44af07d95d323deb0e10e695
us__scenario_057__spouse_chip_eligible,40ece4779468b0368b2a671ee61fb8fcd292b92b38b0771797127becac9b3190,d24757f59ecaae276e455383add3bb6de3af7cc5d25ac40f3bba805006598ff7,ad37874b961cd949ce6723390947c26039ffc3e71bc20c46c96615a3c4a1dfdb
us__scenario_057__spouse_medicaid_eligible,c9d80fe640b7c9227e9c5eae6586229bb8c65c2f5ddb7bc41dbd4032fda1ea96,d1835cf06bf4d537ab87d2cf05b494e2fe3ec69cd7f16dd80bad05c1eea7a219,6d29880813763988d8af393c621a36d7e6973387e171532d2f0f74047e957107
us__scenario_057__spouse_medicare_eligible,119e2bf51d00f2ec1e2542ca44f4eeca389148c57b7d4330da70bad45eb7beb8,763f6b5016485ec69ba34af5be24f0e1b38bf2d636218d48a3c5f7f1365cf3d0,50f17c1f711ca8af5789f8ca41814d6e3269a8ff32b4a5085d2f2c4e3f482f55
us__scenario_057__spouse_wic_eligible,cff4ad62140e6c2b165cc678d22144e5df113f38535884b399283ec3ce395179,5a5d2c00c386a9da7842d62f48676ef7c5912bbc094c7c689ac6784da04b60e3,7954ac43f648b1a01aa5b2428fda29c9d82e03c6a5ab1f8a8948c08f18f87d3d
us__scenario_057__ssi,93e479c621cec041d3c4c158f8d57747b505e9d019378c1eba4de321cbab9bd8,a03c8f46a67a2683c3661c174cfcb49326a718ae46edb527813af10030059b38,7e4d403b0ace09f9416046aec259740ddf86b3aee39e734639e7d72dc93a2b72
us__scenario_057__state_income_tax_before_refundable_credits,aa152b05672b14cddbbedfd10c01edc052e23b7948665f0d2fb02b6e66c345a3,6155014a283e4a283cb844becf06bdc5e67668f64d129b48d24cb8106ff54376,388e77027deffaac5f2145f5e8e06807b9188f2b3e33e98feaa172063aefc16b
us__scenario_057__state_refundable_credits,8553f329d63d966d787afc1164a2197a49ed584d159325e811c620b85d28f4dd,b945291b4e0b66373f8e9ffe70a3c99455059b626669c47d721dabc8b1c7f8e3,06535ca31d02f2ef5a5e340d36db1c0457957dc9eafb12b06f7d8858d1870fe8
us__scenario_059__federal_income_tax_before_refundable_credits,1d439d6a4477451fcba34f7427a23275a3de177fbb434c8bb2169ada2af69e4a,9dc6032d8cad01227baf3b1f015650b7d0357e076fa6d7e40794694e92a9140b,335992f5199875b5047de43fdcd2b7658f702c91d4ca58ae298a870a097f355e
us__scenario_059__payroll_tax,419775e1c08e04d6bf1f077f1982d6845dc0f391ee5a7309abad54ceb7d88d07,7693f0de9b470f8ceb671723561f7c1f75062244cb024eb40be97ab1601dfca9,624958fc87f5df56c142820f0fa204b278f39f8c95aa77e1864f099e71aa4f08
us__scenario_060__federal_refundable_credits,ab74a66d3dfd2ec829f5e47e906bbc0387fac68fc4c2940cd1bef51d60c079c2,f2c90191bd630870458cefc9d4cb7ed54f90af5e95152059365a924ef85b9a09,4e9def2a206e6bc59c32d2ed808479e94c53b0a7283731d3ba0ec116a3afa51d
us__scenario_060__head_medicaid_eligible,afe47b5a9a0f5298686c27bad084339c0cbaafdebb1b0103723605e8ec1c34f8,f9757bef2887b783351fb7ca4737cf76aacb2f4d638d70f60943d01c09dcec0f,ef2e57efe6b4d0250acb5df0bc1e7ae8a9f36a2e26db1f4d2fdb11933037dfe9
us__scenario_060__payroll_tax,99b393efce61001a1b7ef18e1934ba1f186a93770060701b9932e454cef62ff3,e2900a1d724e071400b61eca7563b1635d6a2e532542fcf75e9dad0b52f51f1a,0b20430fc25f796c112ab07ce448c46209a7f9573fbb881c6d1e089d75055a5d
us__scenario_060__snap,72fae2f9e5738454676e15a0b6f23b9d5778ea7fb2dd254f1ffecbaa371925af,494e0586a67324fea0722cf480096c813695e55f29aa949df670e8a5d1d1b4e8,96df3096dda6e05a3bd042c5c95719bb410f0a52afaca2d6c06dc4ae75015faa
us__scenario_062__federal_income_tax_before_refundable_credits,05f0ae128288aa617a3555109f7ba21d3dc82fda3938ab88938d4748cbeddc5e,d81a5a5dc1eca4ba55cdb3cdaba0a372a40a339a0e79efb01d663ec67aa49a9d,e2a40f2ae9b4a164f70d7a94ee10c1446bb2cda19ffbf81fdacf374d43f42e2d
us__scenario_062__head_medicaid_eligible,174f8369cc2f5c91b7ceef7d3a98275d257d9c56be745e0a39843c7c46732b84,97a6ce548ebd03cf6c3424c54c57971602590f8731110058b7f1ceac80be1f8f,a5ec97ec3423d4473fa0526fc776844e22f47de044eb6a6d786de413633e5be6
us__scenario_062__self_employment_tax,f9890892974cf662e6002cca7eedc3c2b616f76346ee872214beb93f686b071a,8f686ccfcc253f315944cfd2ce35c0f7972dea79a025ba6837f7f05defd695df,dde5497d24902b9b780ca4519f5831a19517931e4ebe0bfaf3dcf1657e185c36
us__scenario_062__ssi,e1462635938189f55b8c9d75d8a5219a5631fb0cfaa7b49f6759e777ec44cf1f,b7b62aa2f60ca77d8300fff19b817d86faf1192700b6945bb9551d44b2e6a5ea,085df6908f32435930c7b423d0ecd6d275a1ac25fe9e5dce306620fb4c1560bb
us__scenario_064__child1_chip_eligible,5d365c4e2795b1793b190832385354135429d96c17f03000668bc6e648d6acc1,0c8b99b0d8e1c42d4ce88430902504b12cb0b0e51d35bb6888a891ab55821bcc,654abf9e678a9709144b4bcf61cca829d80b70b054075148a5507b00ebc85658
us__scenario_064__child1_medicaid_eligible,330f20345f568f8242837f54e2cfcc004f0e70833eb55b3f730aebd095ce8190,a343a7fbf71e698cd0150f5fff049c8290f3052ac8a8b630d5955c9abc4e21ec,fb63a410bfe43e340edb2544c79c5f4e8086ef4e26e3705cc56e7413464b341f
us__scenario_064__child1_wic_eligible,1f471bc60507ac15134edfdf89f0b723fa478de4d363a66baae1d77af86a8bd0,40c1117e868d81937384ac0ac878ad690fa6e03d9ed17d0aadfb1ef2737e7b82,6920b1616818e691c27eddf864bceed4339eb42ccc4674235c16e2a1285dea28
us__scenario_064__dependent1_medicaid_eligible,1bd4f46e6c2a106618311db8e984d510c65f906925fb4b6e90efcacd4ae2ddb7,8173e4b5fd7befcff8b654e1e66a1560b53474b93424a19e3b3542350d92acb9,106a5290a588c502b8b94e0cb77a686e75dd05e67bc0b8a386f084c6cd7ec8cd
us__scenario_064__dependent1_medicare_eligible,e43fa50ba14d70838c85a0beefaf210eb088a2878d4f68d218c401c0ae7d757d,7b8a49351ec89a25963939ec856a84c57b9fb7e7907a5e2acc01d58f6262f3cf,9bd86f9dad3ce0c1c4509e12353b948086bd062db29e131204ebf2db6a5600c0
us__scenario_064__dependent2_chip_eligible,bc53b95a138fa2c27903cd3b5a3507c9d4a3c97eee1c17172fa5c27c31d01d06,868fc9a16564705f61ad6a51476a5c558fd92ba01e7e3697038d1eb5dbb50575,a31e02cec8f0631f85ea3d1bec2504816b1bc9f964c823d8ddbfd78b62fbe7f8
us__scenario_064__dependent2_medicaid_eligible,e5581f7e66a002891937d6c0fccd7cec9928de4805cbfbc0d24fd5d6e6cc164c,6a4dc6506ad751fa451ad0d43ff52203a6f501dddaf5d2f3e00500ca6e4ecb91,b92de55c474691d141c5eaebc666870b087cc354267ecc8dcbf2bb3114587669
us__scenario_064__federal_income_tax_before_refundable_credits,11ebacb1b12b330018b6c739936434acfacb6efe534b29c3abc824975ebeb225,8dd1c443f4d6094c8ecf3ce6022f3b297c51c7366f526f0b4887e66ded2d7151,90d59a5fc460122f420ffddae697f282e7d446ec1d8ffc0c51b9b809312ffde8
us__scenario_064__federal_refundable_credits,198803cbb4e457ff11805fc6fb99ed0efc12cacafacdb48b9d7d5f0a6c2372a9,25387f1dcb0642d4ac5e11ecdb8af787451c7d12734afc3630988376e4bcced4,686ee53f238120af3362b95739b04d918da4577bf569ff1ab6e67387554b03ba
us__scenario_064__free_school_meals_eligible,e8e503f32843f5a4cd62293655c0eae89d7ac85538d77b9ce9b944efc647985a,c4257c9d0d823e5d54dd3988a6cf87a6bafe76ca4091c94375cea5ef418a0c10,5b08b56f82ea15eff2de12353ed0fa70e9ac8c61e7d68b67969969e159dcf4f5
us__scenario_064__payroll_tax,9664b997329e18ca93b1ba3af26f86fec41b844c7dc8d16075ba48280aca76e9,fb482bae6bf94222c33c0ff46c1d89a64d7ee131c3b535a730ea71c5a1640d64,076ab52a931ad3e6ad9e2962aed6dede482898de4e2d25f586c968bcb12da6d7
us__scenario_064__self_employment_tax,eec323b1b8ed51e273b9ef58b1a0c588494a76e0d177d944f27402970eb18515,2d0bc850240854ac857104807b4e3d8175335aba56da72ba8dad041af6d2696d,e33d95817297e1d5c8a450abf4628559d9932e7b7401414c9fbdcb0681d925a2
us__scenario_064__ssi,e2b84c4c8e9991f6c28d7eb60033f7148544130f305bbb82f963cb9e0ff544d7,0dc3089d4ec15ca23b7689e8b351e75b4ab7dbabf8c6290b5a8b63e59969f55e,6363474253b066af4fb023be153ce7b94865773f8a2b5a4429c7ed49a251bc67
us__scenario_064__state_income_tax_before_refundable_credits,c319626cc67a3df07eb24217380c540769577c241b3b6607a4ef6b96bc605e97,806778b3960b2cb8e5aa46de8a5ccf1ab4191f09a7eecd45f6a31d96ee0fd4fa,33ec8ad8ad415546cddbd3b0bab59029e8ac616148d7cda84d70c94f1f6476c0
us__scenario_064__state_refundable_credits,2d31533eb9728b969695198c8016eb43d7226cbf317011fd5caaee4922e84664,c7dc836f5ddbe8a8ec015472b276a4d8b1c9e4dc1908f8ad1f16a8a62ef66b89,3ea659abade7fd80b1f4579f747c45dbcd3cccf86a0897531f82497b0b165822
us__scenario_066__federal_refundable_credits,e364143a6ece2c379e1697803158e39a5850ee4a5c7dd167469df5aa80e2771f,c166cde90b9104849e3db334e1b225dde77d694c7c6c4ff3b13b4fb0d95754dc,d838b88723bc97871f7f92d3c94de63edcc6993ea62b7a8b3fbf5d3e7e124a8b
us__scenario_066__head_medicaid_eligible,124d6c83eb99fc5208213dd28aedefb00dedbbd488a2c40b42929e468b79bc08,47b8aea10e6dcf42767d89b767b766704c4b4e17526a6af1bcfaab32e285221b,e36697f91b42508ff6d97318c8176b577c39bbdb00fdf9d0c275473da6ed9043
us__scenario_066__snap,8209611ff60c7e4de6ed8a12dbc30f95470b0cce960cc5b36939b845de30f268,0b3f12a3795ea34ac276c9245317ee7337787caeb44b664c08c40edcd49ee827,51fd45c093ec99ed49f472a9fe8a667741b44a986a09c358e3c8b83968ef05c7
us__scenario_066__state_refundable_credits,632b4145c87de99d13c55f1d244bd1a059209a8ddd6a62c2f150baa59c9ba009,7cc7d739abfb98e2e195d3208a5aa91b35ce71e7debd3211e2385558d70e6a47,6d67b546ec0e667a6356bdf22ed6733a229a2252aa277ad4d7d3f65ba8afe72e
us__scenario_067__dependent1_medicaid_eligible,9cbc76d33e89a9d62f135f2b95e8613f4f9d085c4bd2aba9fac6ee7f8c317dab,fb827611e784dfba133a4174709eae2f660a3dde77563313e9821e2d574097be,3c0e1156c561cb6ece3668d0cee297d831eb3d7191d66ce9be4b4bb942bd8f3c
us__scenario_067__dependent1_medicare_eligible,6c82d350debd4d9e97a14bff9422dc0c2324f7fbdbd6512bc6c54988080c97ee,1c65d7b163e8a3d03d75a45ff8f15dfe10e2a2a7c55ea9c0fbe9816123bb787d,abea18fad8772c14ca58f4f319acdb36a52a6740b2708f57ba68c4a4517cc2b4
us__scenario_067__federal_income_tax_before_refundable_credits,f0a03d3dd9dbbbbcf6f06228895b7d1bc566df396749241cb9340fd5c20a14a3,14b3c650086550d7d336129a91d9a09a761db827c6ec633e3c846f81bc1e248c,557e56faa9c325fa3a145d6f145d1016843da075eb3e6347099d077c17dc5621
us__scenario_067__federal_refundable_credits,d029f05fad8543b059707f9b3a0b2eb2673f9ffc122d33c166eb5c02d89fa187,8a04a288d5a4c5fc9367a8f6abb9bccc8f388402e23ff7177c6ac8e55bd20ee4,094627cbb185c2a8a3a6d092c2a81b232969b1483f3ee2b1fdf7f92ddbe116e0
us__scenario_067__head_medicare_eligible,b52a10fe439c3a0d9fea4523fa7e5d5f5eba94fef9878311a24196a2b36c480e,e420b9cabece63aa44e206a9f4148ec01522c8a821a49654efbbb8d30c62bcbe,0230a32dc57e1dba9fb7b48122b3a9cf225548cebd65ee023107717a31be290c
us__scenario_067__payroll_tax,4ef064e3a112773d5fc87abe5dd119a7b656c53b06d65f1f2d00473d8427ac6e,7167f712406b9172e2c02c5df3cc7dd4a6700aa24696050df175698622a13898,325856b42146b5c7bac606ecb45cd8b3ac6675612b4df88054ba6dd94b184bd5
us__scenario_067__ssi,af6c500acb21de1097ef5ab80b018fae1f23cd05ea3be2e07b71dd679975a511,2158e5fc2980876918a076ee51fada9d91f4c49cf98203b43368d9f090a6b515,38bdd5ab400f030104689d96d813fad071ffebec977982a5389c646c33bd84aa
us__scenario_067__state_income_tax_before_refundable_credits,f4a4705adc49d7054404172d79f66be704eb931f7e7985742f9c401dbd40cb58,dbc043fd81f0818df89db234c343b41259ad40307d957943a777a905ac7744bb,abcc12349bc4c10c432b0e049e31cdaec5d10da77c4836ef4c89625b7e4a6aaf
us__scenario_068__federal_income_tax_before_refundable_credits,e5997ffb253c642c9a28efaed746084fb888031409fbe66e36faf12f2bd34082,8eafb0abb87a757cdac37994fa7bf0e6f7c4d72e90f328064331934f84482573,2651d83b1624932472e475724ccd612b4d99160fea60bce8d8af38ebafbf2ea7
us__scenario_068__federal_refundable_credits,6300187f606a96161e337ed0da3623b89e0040ed068c4898352bc2061d8d93ce,ea4b061ed07ac0f610687dbe9767a5d9e626851ab1757771493c60a7e358de4f,00046d648803494d47ea083c3b580222b62ac0eed35ecd743177b9507ddae1c3
us__scenario_068__head_medicaid_eligible,19f5a72cdf5d984fc842871eb8607c4b549466018bb36b6f04b7d6be921e3e16,8f59d588f88ebaf855be9b388ad5aaa5e9b2b3e52b202227033bf540ebe0ecae,391afcad6e2f7b67f84d4b29ffdc4ddd057b8c85e95a2b5809168fac1de34ff5
us__scenario_068__payroll_tax,a43ca39d6de4cb7807845586da8bd87f1a96badcfc83fc6bae9dded21622cac3,765d5220e322360d9d68a2b808cb2d098a013cb6b7db45c43123b9e007fb84bb,d344cf9b8ea360eb96d4cab5bad56bb4f1bc737b2c3cfc47e6df13205c647b08
us__scenario_068__state_income_tax_before_refundable_credits,6c2f11d412ce65ffd08a34c8b5b53ed1fc9934f3cc735c9a59a364b10bc89f35,0a6cf23e039d6d4e40f8ff2035c65f2371e838ef862c19b31f292a95ce8e234e,8282cdc4dc38416f574e6971911de79ffef8d17bcc87d582c76d9c1e1c3c8537
us__scenario_068__state_refundable_credits,4a19c8a306292486a5a2ffb5ffa7d23db6eaf519425ba6ebe18a427bf7d76adf,a90a721260c18f62ea2de2c672d2320ab7aed3bba2a75e3a74e53f15e394abed,1296a64997249e749eab14183774bd9be735f49cee0650809008c52bbd58e688
us__scenario_070__federal_income_tax_before_refundable_credits,17a232f0cf32d934e6de2898a97172c8747e736c8ae7d6f8eb3c5404a1b068b9,8206795d51cdf0d5ecd424f695ebe24f95a9ef148e137af6f61b4c9531189023,7a7147a28f32bae474e82478510f95a4736fa3ef3ba871359c9eac4822f90d11
us__scenario_070__federal_refundable_credits,6c984702dc99967234e1448f7c37a55d07dacf5cba470a6ddb36c9020b4350ad,c15a83a6353cba54edff881cf585fc3752a941320ad36c3ac3b387cb95f0119b,a61d03b462f53a1a0ca6bfa27f3469de909e74767073d841a976775baed19ba0
us__scenario_070__head_medicaid_eligible,3cb246086d3f2633f7559ded9b7adae70eb773fcd67223e846bb08181a8f068d,42998370c8e6bc126140806ba78054929b2828c1fe2f92e7e41bdca17c300c74,0166d3dac5db8c229e7b95188b6597b62b3bd3f369525c48153e38226b37127e
us__scenario_070__payroll_tax,d3830d6de8663afb49d463f3951e804b12685f2abeb76d570f9443622d758f59,1a49a2cc9cc655655f1cd3f580552f4939080350e7b000214a43ce7654506c3b,2aa994ec5be458c5e44671be50c9f09acbf767ad13175e7d78ae46f008a06bbd
us__scenario_070__state_income_tax_before_refundable_credits,d5b22ab156b4f4154fd44abc4be81d5d1bf0612fef4a4103324b85ff550c1c86,6fa410c1064cd206b438b9513472c83a3b1d2abcd30b93cf97005638b145f5ee,af7c82d43a4771025a4cb5ecd4908f3a307e71fc7a4e3bf33a1c9ac9c2e8532d
us__scenario_070__state_refundable_credits,d6a8f5765042bf78f21616b0c4b87a51827ae0a769a0b39c7448507e2a35608c,678dd72b80d6ec456f5fd815d0e0ead8894860be0022e5a087d5122a45330d94,a05a52406f0faaa3cc6ece835bf0298a6d303c76c75098e980dd774d8b5e0be1
us__scenario_071__head_medicaid_eligible,ba99ebca759d39acd30547f4bb2f06d2161374720399b22be919a2983c7a928a,dc1212f95319023a03f94eae3467b623a7495aaf08bdd995ac6ec7d359391cea,be403626832c7b1cfe01ddac76729624fbb3dd4406a044b4986216fa6a99d183
us__scenario_071__payroll_tax,123f3d610b3d0ae82b3f4df3a9f5bfb960671a64c47f6bbe6396c7f3202adec5,6616462501479e935116425369020023f1a3e8c39d4d6fd3f53cf00064ff2551,53d876370db25802fccad5e8f419371f34b621c5df93ebe255d2da6dd6414eec
us__scenario_071__state_refundable_credits,6840e2782fdd59bd46ce7d5aac8b2bcbf2d550da8bc1e91078ea2b4a85d65b60,9ba83cfa83c3e12acc3018f44d1d6ccec02368a9981a68b3afb7b3d1d9dc4b54,03e6bc9529ac1fa3357fec2de48186cfabcbd6dd4f21ea7363ca9f0c99e80f7a
us__scenario_072__head_medicare_eligible,8303ac810b4482adb25fbe1fdfbe1d0154f91d4d3cd660af81dc728b5a352818,619695951d21cfb3b3ce679f6d4057976f9277eb3ceff6fb811f83b7df8b8929,16f6588abe050bc85f91f625204a394395619d6df84fc96e0479c37be0cc29e6
us__scenario_072__payroll_tax,42e1e96ebaa613af49f2faf9686b75e3164179d2571f3aa394bb03455c8384a7,c61b259094aa5a9a9380f1a0bcd27f06227930baf8f1ad4f19a9ff74387248f1,e543aaa5172e67aff5d4557a966a48607e4689317128e9c99b1b4d2a1b599595
us__scenario_072__snap,99d0d803c8e9c2a40c60c14a032da91da14afda5941c513890221b41135c3847,28cab303bf314c742a14f4dcaa304f582f5d2d8cb88e4f5e34be97ec0cd35d48,2588a1441b28e63cdae1c17ee7d8fe93a74ff6ac07270f6cf78214f2d8fdcdfc
us__scenario_072__spouse_medicare_eligible,00c27b71fe5cb873698511e6cf4d986e5e6b3e25d067b5b633628f441adc6cd1,31386bfac7c095691dbcb3ec771403a326a679b4ff0908eb0803760e4e85c31e,ea58307a0b233c90a19b8bf206469b6f13829a5a0f3462012f0660c5e11cb362
us__scenario_072__state_income_tax_before_refundable_credits,4eb78404c03e372ba9c32dbd8c41b4e306a1d07a65050e5bba6f56fd6b1823ae,0c694480a2a62dfd8aea7f709e1feaa39a5593bcf261b9d316f85f66effbcf4c,c2fee98a3c29bbc3d625cd6ee7459565e85e932b78b1cb2c91a779f1e51ecdf1
us__scenario_073__head_medicaid_eligible,1d15f0a2cd18cc26d835eb79c4a47540be4cbf54f7e6155bcda5b7b054cf2fde,0515d34a252bec804783063879bbbfb9ef9dab77c29f369ea051072e068f81b1,2d2d6d167268d2b7be14004e42285f3a13723708473013c24101f6325f3f5560
us__scenario_073__head_medicare_eligible,0a1fb04f38e096a055cb7c73ba1455602ba851cd6c3c7db370118253f8167cd5,9e871421c786a853c005cbc79fe0284def24692131427b59955eea5516a6b8c4,42959839a7b201f2f60e4b827b9325b579370a6efdad4149f4d76eac0e4dd09b
us__scenario_073__payroll_tax,62a8774e28a1d2403c47602a40f50751c068f3063a0df96772719ad687c9b7b2,dfd6807014296d6db200eef2d57f1e2a6ec3e63eb936c6b28f8e1d6e649793a5,fe0ae513859c889368fd1f95d846ec1502f4541e8fde7c7fead1ebe9207883f4
us__scenario_073__snap,36c5d358ecb8cbcfa832562a5700a6c0cf3ba1b9ea75ead99c990a8dc0bce5c2,c465fe7cd2b1ac93b46f53412d80373dcd4bad2efca7d061a86ece2dec8061cd,6acef99f17ced98ec33157d829808fd293742f75f2fda8a981729b4703d5a993
us__scenario_074__head_medicaid_eligible,84befb4c8867cc4b47c5aa511c00b1e3cf709262c4ccc6c93b66d26d0f8371c4,f358889317dbe6c6c2d77f868aa2033578f7592fefcc40cb64537bcdb567394b,0546f53090cdde50bf5cbd76ca688940163f319967b4fbcad96b0896cf5f2421
us__scenario_074__head_medicare_eligible,661eaed74f649afdb3d70007460f142aa80411db8afa5cb51adfbca3f797f320,b181ddfa64457c117d3a1797c688674737a6f2fca0298c3763a1d2d10845ea97,e1f024f56afcfecaa569a6b2aa5ebf7028efbd6ce82555c282b02e6c4149e3dc
us__scenario_074__payroll_tax,470de108439fb9d94ca606a71cfbfa8ebe2e807907f172934333e6c93cd4ecdd,3ee8e6be5541322047c977c78a792ac03938004e431df721d89d37526fdb2441,6e61f6c916598c0086b3551b6167a583520d49ae59bc1f81880f14759859bf3d
us__scenario_075__federal_income_tax_before_refundable_credits,b92c9f195f318666a6a49cdb60657e4500a4e5e21b804b073b366f9ac3e39c9e,caed73db9ab9e1e99898b927b95a4ed5aef6735121063944db18383901f863eb,de2cdcc1fc6fca3e901c1c72978674342073217847b9bee2c62f31e62601ce99
us__scenario_075__head_medicaid_eligible,3301d5f151624e892a7d200692c2f9b3286e339f68a0f52b4a14ac573d770521,9285a211798d2f119a35c8179164fb0db08cafe2d72ca3f7d195eaca3f367ed0,164659bac5fcb53a6d8712160dade9d5a4ce03c4749bea428dd0ccc791c856ab
us__scenario_075__head_medicare_eligible,55b0c12ec6b5d0fcfc00963fb78d0628c870e0d7e0922260f2ea4c582c5ed2bb,abfb03885f46cdc3611dca71138fae66ecdff7cf01a213f7ef5a889a6eba09ca,964fde641b29aa66e9564c578bb2f6da642763918324a1e3e4b5c5db035ddaaa
us__scenario_075__payroll_tax,0a4cf42598637457633767cd80a96f894015be79362b187fd6537752f7b387a7,ebf4dcc8e62100166bd922d47f650942942a2799d5d1ec3d5e278e5d659d9278,0f33b880ede33f061d514a843f3e4294e473fd4c062c83e52e361a4e612c9f15
us__scenario_076__child2_wic_eligible,dcb324e790cbf06a106c3cdb595c777872c2eca48a3a4ba1f57a0b5348db4ca0,d47eed169beac46c7c0f8ad0537e54e5233515739c6aa11849ec639935e0f93b,e4e708df902037164fb01d2dc392a408d96182d013321df267f9160055dd79fd
us__scenario_076__federal_income_tax_before_refundable_credits,69549e322bb9d4db30f8fd590200d12fa5267b763ea32138a21e016c541a345e,9531eecc0f39155791219b7123a8700e55f4364e2c570b25783f85d9e6304a8e,1e9459b4258412826969e7d07862e95f87fc54d5b1c44cf4ae6133588425a4b3
us__scenario_076__federal_refundable_credits,4125a480c2c2b3f05ef21d1b4b30065f70997a7b9419fc144dbc332500f21fa1,1057142da7c9a28cef711e0e5e206c0188da6869e7c415f99eb7868c0c0958d9,f5bbf067528ff38fd3b9dcbf239a90f9456b2b21e4365840f292e01d74cf305f
us__scenario_076__payroll_tax,cf731d2ccb49b1614772ace7fc7a47afcb1fbbd9df341c5e0f06cf1ef31d47e9,2a309f139ac532c2147fe024d1485aeb3f3181f2253a489e275bf4ca086018f2,e9c2a1d126528e4e086fe963fe4c8d0c5e3716d58013c6e510654f0f53a247f6
us__scenario_076__self_employment_tax,2d150397ae7fe5ef0a663ea7529317a421fab3c9d43adfece5b2f9dcb71a9fb4,56cb0733e2e10bebf17bcc2e51ca2ab7dd0b5aee26eecc95fdf5f74a0d625228,0de4f51c84c8ecc8bc68f6f56a7699307a0c738e232cfb71d32427dc34bbd50a
us__scenario_076__state_income_tax_before_refundable_credits,bf21bc6166bd52fca529bb490a4a031feffeba471f003c7d2210c7fd4d48f7f1,0ac03bfb2f41f7be5111665a1fc71dc29420482194f38a7f60131ecd70f6de57,27cb8bd5212951f65720803ce95bea2f986c71b1561c326af8563d117eb53ff0
us__scenario_076__state_refundable_credits,37e166f66e3e244114112f07c12cbae121ad76c94cce00be2515e177d40dfae6,b7fc957b5576a27f903baa39180eab7c7d5ea6ddd532f6a06b267dbde86ab693,2eb1c675881bfc2d14feb5e6feb4612dbfba4d16510e857f7f611af9c096daff
us__scenario_077__federal_income_tax_before_refundable_credits,191fbd441f79c23d157d93512e7183710809a78d1ff8be06b37673e9a2cf3dcd,0507dba0069f170a79a4e2e5e6202ffd8986c7ef46b18eb86966b9e3c19c6442,c54c40121f4abf4b3dc45899753bd9f0048f4acec386c4bd34cb3d53c0bc2cee
us__scenario_077__federal_refundable_credits,b8f45460d30c69ec4f3b5c14ff1acdc762b6d82fe9f553621d345bb5c5859153,be84ef35a55e2793d5e8a790ce803caa6e270c26003936463169e76f0c1a29f3,ece31e2c50de1d52a5069aa3dfd83f4bc2776b0fe0f0b0415f53fb6770463ee7
us__scenario_077__head_medicaid_eligible,d72d46c9a98b4b56dc463aaa6553382adc2442bb3a184d3d91222a38c5749899,7daef34f5bd68e1748ad3a0ed17772bce6c440b4ea37f93ba8897de2d10d7e8b,4dd1d51a506189a0eb976d697a484d82c64527e5aaaad904dd83deddd23173ef
us__scenario_077__payroll_tax,338a29146830eee07f27635e2e63eb6c6a9785b752b595b4cf6d402cb616868f,4d836d7a89aa1405b0da7a4b7e03057d1d94c70f8189e1727b1c84d5a5975967,21ee95bb9ad55fa07fcaec6034052898863ef564c4a7e344428d0e2c90051427
us__scenario_077__snap,42cd315c4574a478c9f5ad080d0c1020c3900f0706793796c24be4bd13691110,a9c625950a6df86d4d71c926ed932aa92f4a86f3d272012e9242f57ce95998d5,655012b9e5b2b10324079497dc335ce6a68b2c81c9d7e76c1b53a4ae8537bd17
us__scenario_077__state_income_tax_before_refundable_credits,904ae6362757937cc84c7a3a794b5f4facf4476ab0dce2c7e5342d7cf0ea62b6,80cee6d82755e4e79c7dcc89e1d4580b4f7ff256a120877ef6203697f65fbf34,52df02227d2b49198d4d0e1dc7db598c43663b11acf03726c9b1f59792736539
us__scenario_077__state_refundable_credits,016fd89e08a42ec4a55ad0006c9bc9999c5bd0038ba6f84a328a9b40a47db34a,eb290063dd4670a7b7879f0dd59d665a52599fc1669426a7c830194bea20558f,0e92b020d2c07e2fe6c0b95377f4062ced58cbe01a5d599cff10c7c436010317
us__scenario_078__federal_income_tax_before_refundable_credits,b017c6921fe5738a814eb6b768893ceafba2ff0a01f731b361c50eda5b931369,6610e1906bd9548d193559ab8b4db2b9331ce40955cbc21be8e9c97a96dd121d,6cdca497a9dfd0f8a9c89745cfae8157868ba9d972f7dbdb76a1d499a9484a47
us__scenario_078__local_income_tax,ae75e1f800c367a941799f18bfa5df88046bad46d93395e67dabb75c8020f187,6ec4769f167ee3cfcfda8e2b42a07aad5103527f4940990caf8849b3cebd50d6,ecbcb59119a2b1be6d546ee44a028b6042dea2dd346bed278c8cc3fc3c90e9ce
us__scenario_078__payroll_tax,5e2ad2cc8a3a504e76ce068fa40edb19f4b9f2bd56180658e1edc351b6521845,d288b3157c5b4b9baf116871390ad03692a24b157bc225bb3d48fa9c8e69b29a,b533b3020282508eb72890ec6b63ee3a1cef0447d36e89b7c0c57b98f0a7c5c7
us__scenario_078__state_income_tax_before_refundable_credits,d18b08c450c3215502c5c1c7f82aa490837fbea7b274a5c48548267b7cc2f780,5834d0cd99c13e06a872d67afdde3c429781faf384ddd206ae15dd58b212c90e,b50d84f95534599499a98721f9570907453bacada94672a45a23e970361e0642
us__scenario_079__head_medicaid_eligible,54607808aec56f1a6d052748f5f44a5f63ebc6ba602de245a30258d5f9375819,d13733174e7a5e03ca4af5124d5a084a74817c97abf9aecb24fcd9c83b2da0a9,2606572b9e0f523152f7c04e3510781b1694f7a588d86b527f6b4e5c588b66ed
us__scenario_079__head_medicare_eligible,3afb0b4c177c2f79945e033493ea5626fa4ec96846251f44f8e7b319e107f767,851ff4a1182ec096dc4d65fe3b64cd357fcd4c565f98d88e6d2cde138959bf20,d37674c61f1839b4d83634da3c1e4da557f8e49a0a1becea311ead599b477598
us__scenario_079__snap,52cd35008c350cc1bdf469df07dfe9d12083106bb0a16b5f58cfad643aa21498,b8d0bcc8668541fc943b843679813924d469eb0a0b90893c7ff27a879237724e,424bffe2c2c7be7152f348ce0eb472b76708317c50f674f0d75f049bfa605efc
us__scenario_079__spouse_medicaid_eligible,c380546d28efeda3bdc439bdf5eb9697e0f1f6329ddd31e18a908af6af7e862e,36397b770011d07056985f6ca8492d56f84bdcbbf024c37a9fd78151576edd92,d75c4b097391348d830736bed64c462c6a85ac01e04016cd550bd6df53116556
us__scenario_079__spouse_medicare_eligible,cec86393c35b4f546c728338780141823369051820cfe5f2d1e76f8e21a765c3,405488af7f686fab047a5ae60ede65fcd4c709b555e376cb11461301192eb84e,ec53e01789dc0fb063212693552603d49dbc982103d07d440c615eba794c7db7
us__scenario_079__ssi,1c9c70b5645425d697448c47895f553728c7d6a6ac21fd151e7b9a90e10a3dea,630216cdc7fffaa68090bd1b70e9aa6791f63c3f93e5bb4fc16da615446e3048,0cecc1907b9e0afa517332b61c87ed9f18b843d72a9258380cd925e294444038
us__scenario_079__state_refundable_credits,22e6eeedeb11dd9faecca7542d30c4600cfc7bf0d4ad5a1db1dd3c6dd0f5df62,3fb107075977b8e14e76897ddcd76cf0920dfeb2a4dad674249e7cacfc039c6b,d9e3e9040eebfb55afd5438897897c3b2ca860e54f267efd09606b5c764500d6
us__scenario_080__head_chip_eligible,b9e243b6e9c037068d659a827d4efaf40abd5d121f00858acc06f269b5ae1f5f,2bebc812bdcd3afb3421d9cfcd80f85c031a54519c059a9ea5b62a5bd832d008,eff7ab3089fbabbe6f9ac08d287c0bcf74c2f070d0c5efca098c4c8708356ffe
us__scenario_080__head_medicaid_eligible,16d1b05f6af3005da239eeb250450ddf94b48ec2bcbfd41f3619bfe35a634db1,fd63fe651f2a41a394659cb102c39e1df15f02821352fb72391743d4f9c031b7,e641a6bb3731c1380c45f1d49f28719ba2ace25e847fd9e00639899dfd8c5abe
us__scenario_080__head_medicare_eligible,492bfbaefcfc3cf4d7f171d47776f7c047bc20c284c26e9d66b6300db4a7ab44,42129dfd841242f5cc66cf5d734ce1a8b079879a1bf9d95136305c06f3308fc3,a4bca247bdc3956dd4cf92c5fe858a9f1a47b36651c3503d600df1fe3964ebde
us__scenario_080__snap,7ad7d538f14c953861eff29192df96f9feb7eb367af18a01d270efdd301fb0f3,222f30b266dcfe3ce6e7c46e65a885ad170343b2205d3b7d29f59c39ffba5d72,bc0629d6ba38279117131765bd3e4ca595b3696040eeb9a45d6af0e3da27dce5
us__scenario_080__ssi,43ec21461fff18629819bf6759eb8e9c588bd39df5f8995dfce3ebcdc481c8f2,84d00efc18d7c7b1daa09fe96695cb46edb33843d7af0e65f0d3d7d97b80940f,eae7a31b61bacacf4497ee6ca88dd051436c84201c46c69894a25d64770948b0
us__scenario_080__state_income_tax_before_refundable_credits,26ea6c8424e9afaac05bf877993a8cf76a402aaf6992178465395a8abf77d26b,65e8795b8cbd17ed44252f37465d7cdb50c6ecf219a48c336691cdb1fd8c706c,959693d95d6eacd6c246fd24161f66dd18c4ef7f092c1aad5a2cd504f01a80be
us__scenario_080__state_refundable_credits,95beccf4253f75c7438dbf00dfc205c887dc689e56002fee1d0b4c18105a4972,ff2fb3e2da9cb07e82d437f6d9a4ca29ddd983170e1876ad3a7ebc3d68e86b9d,308b9e77fd273c1ae822b86ed02a214e39467cd3af1c387d037325b840edf919
us__scenario_081__federal_income_tax_before_refundable_credits,85efbcdeaa0c4816969bb7aea290472564631d48dc28923a5d5a583ea7cf76d5,6aaf7b3344d97eb1c063b918c6a5a1458661e704bf0334d0828ce2a17a3304c7,ca5bb9d982803ffb688fa96713893c88fe6ed6415c940a616784a340726945ce
us__scenario_081__payroll_tax,1ed3c1e942399f545efac0f9785aa4bd67bf22498ce01336a1c4eaa89bd9d819,b29fd367d87b47db08504f5116ad0dfa315fb8b570074126b2689b4bef9fc54b,9ea5663cd1b2506012a469baf48c5882b38b4d4977749d717c1e0de831eb16c2
us__scenario_081__state_income_tax_before_refundable_credits,87f221ffbc6e4080aa38e4a6f4eb53b415f5041d10afa25859ae6c662cc68733,793d50e48f8598b85f5c1c3c0eeddc1b1fa01ff5a329d9931a079b85bd5d1876,1c64c58a64500f57b935ac128362c12ea93276b4bb51d1e14dc564d3a0b59180
us__scenario_082__child1_chip_eligible,80b33e55fbf3e28c423c7aaba899db4f361fd63fe4174366cf3a0af84b2559b5,731f2b677eaf50a70fe8968a3ac828a4fa48185dd863e74bb6c5a87316f0b99b,da9d1e2465e0281b29597548856af821e7cfa0a10730162486e1796875c72a2e
us__scenario_082__child1_early_head_start_eligible,d241170df6fc5ec2029d90f9fc36e3c0efe8f52334fac0783f87e6d89f63f7f9,6f50e20abc79a7c20c8e238114f31f4ad62d176cb1dbad5bf67ab443dba826e3,3370da7f82f9babe655557d1ef3e329b7941d1938a141a33644a5eb14d8382d5
us__scenario_082__child1_medicaid_eligible,d4c90f759a1e2b96dc2246cc21623d0d55b418986ae37fbafb34d2f65d2ef1f5,f2f7943ec6b3367fe7205f7f9eefd68110bc23da84128c82960ec570b09de8ce,04fb936d4f08dd32d978f900955f0305233f17d247267b84580e78ee983c0f7d
us__scenario_082__child1_wic_eligible,3be2990225770847807aa5a221c2e4b8aae867b804e2e3eb93b39d925badd0f0,165c8776674e8d5807c4aa4537e26810fef06866a5ad4578193e9103628271a2,fc6bf4d903d7bd746ecb35df52b6370f27fe31e4ca0739670a32815ba9714dbd
us__scenario_082__federal_income_tax_before_refundable_credits,4fb657fcef719b83e000b20a0106f3ec33d6f7a13ac5d61c3115d064137e224e,81aa2a674a4188d65d1bc87fbf11be80f77db5fbd028db3dcacadf9950f7bc00,ac70c1030cb45f85a422bca6621522249af81dee356888fdd988a90783b054e5
us__scenario_082__federal_refundable_credits,c14b0ec60660e88c83f681ac79565b9e931def8d84dcea0590a0c99e47740a03,da5db67eeced7d31f30ad4a4775297e571fac1755b5118b03629a4c3b4d143c7,7acb00c70bbe28583f6da09b0c70a20239418831cc527d58bce5c4771b7e09cd
us__scenario_082__local_income_tax,c5b87f8b4749b02085941e27d09aee571394a5de297b9a126eab8dbb3a5e3696,e7790e074408c946cbace6724e8bdfe01086d00180dd1199765c7918b9b798e4,17695bad4475157eb62f2d021ac042f16c54925e8b712f961a752eb0fdec3511
us__scenario_082__payroll_tax,51557f6b625f9f70bebc0ec9af38223ebfef4704181afea8235669074a842606,b7a8964530c183bb40079292b65272d9387a758efdd583b53e239096e06858fb,21006456caa57b4858dcae3a2c636bd504e0ecb5c77ea931c19324ca7b4b08dd
us__scenario_082__state_income_tax_before_refundable_credits,3c899069db098d04c6bbd3afcf26c02f68a2f4583f9bb849e1499dc0b80498c8,a155239ccdede0b06275a0bb6351b77067a88efd4cbd0b32c6ceb53937e70dce,0a634d995200fed3456e777066b5b2b22f3c01959c49548034afebf11ecda36b
us__scenario_082__state_refundable_credits,8ea39c75524817fcdad1887a9b48f9578dfd2e1cfed2ab56bf3ad21cbf6c8edd,7e8430a540e56db4ab5484c7046b98d944b8151c7c1f073247c05b525de7046b,8da4c2982398d8432d860633451c8cfed09ad2e5ddc5c55ae283d5b59db66a56
us__scenario_083__federal_income_tax_before_refundable_credits,ebfe45d55e2ac1aa9edd1ce1c1311b2972a11be334240e20605b367d4e5091b6,73e0da8cdd71ae02011f35c379191fd015f3652f82048893e7afa40e3a00a078,e169f00227b496b6cb6d1312e0d6ecb459ae4b5ad808fefec58b87f3caebf1f5
us__scenario_083__federal_refundable_credits,608f65e5e547b0b5ec853ea1d43d57eaa0d895ed98f84d8ea6cf9b72a1e887f6,117ed52ffaad02a72621d18e1c940a874549d1cab93f06eb676a74db9adc648e,cf887d19d739f4afd12df4bfec58bea0ab125f5174959a4e51aac6389b2cc9ea
us__scenario_083__head_medicaid_eligible,8358e5331be3f07cb279f791570254a115496649a01a60a36c1c6df4f46be714,1e04ead6d9649b46349582885ceb3c20cd5f4592c4fa4a238d9919a7cbf2f64d,7adada880901a5d65cdc47a42f1fca50390a55bed42f9cc07b1572a166baca28
us__scenario_083__head_wic_eligible,4435607c931ecb6c4360844bc887a7bc38e9dc9afa7f19a74a94457d3914352e,9c87962fd37c542e9a6272d0dae6388a94115e560ba1bb116bd347e05a97844f,d1ead5860f3b68332d2002bceb4562f5985ca04a0b86cf3bfb14d754ff18ce17
us__scenario_083__payroll_tax,fa01e9d20210c5424321ca7882e05c25bc0fe860101e43d5ca179fd19236b77e,c80c2cfdd4be89b14502a5c9a739b9308bf5eeff37df32135f5770aa926bf052,ec51ad441739b58aae43a94b192c8c41df52a734dd69eb9fdad7fa6763141745
us__scenario_083__self_employment_tax,7135171a2c6cac98702a69c4b2942f96153cd6c2123cd81e8e6bf3f958f3a085,7dc7d9549fa10e089409843468037006efc72d517049285383f48a1bbbcb74ec,fcc726be08c470e1eba9aaa46e8d0891c8382ce64d6316748835be26c1ec5848
us__scenario_083__snap,847f77b72b10efe0c5b2f6273e5130dbd0e727511e215cdc07419ab55319acf6,cb1223419824e574d2938c3247d031169ff0e1902a6483b496d0975ddca9a23f,5156278f3905458c320a25fc47e1f5d61b0b61fa90e669f1a2176cd5e5e524ec
us__scenario_084__head_medicaid_eligible,0e5e90dc483e8be74b2d68446065a96b9c585838afcec38845f7c8bb57d65534,88e6a367b44a1e25fc365bec18aae59c25f3b077635fdb2212ff131be3f4b284,76c2ce4c00a254d863ee9fd93f0e9414bbe81eaf4736e0a810043215e41579ac
us__scenario_084__head_medicare_eligible,8e9781877e07d8ba2688818834beffaf982095ef3005bd3d71aa06ee65c69e77,1aae4222e16575101c4da0ed1e8fc764050c1fe4bbbb9ed9ee589ff2da6071ff,3505e7c816d519a9df40a99c8ac684ca67034a04a1aef32e28aa2d2f4230193e
us__scenario_084__snap,31df3f430c2ff4676f627b356e2ffa8ea2a50cdd37d5f593e9daf1fcc401545a,cbe27bd9c1a4f5aea880cf52058afdf402cac8536dcdfb776d6c752ea881e73c,2cf690c646f01fd08e3cce103b810fad43a07ac91eba5280ad7e9694200eda1f
us__scenario_085__federal_income_tax_before_refundable_credits,e444cdf8dfd4276c27691ed083fc9c2f849aa678be1af0c1f506c0b0647452aa,2feca4723fdab959a645df2ea2720b71e1b2705879cca813b0fdf28e7c67f37e,3f646a650cd62b2217614b0dba101f5bae3828d5e0b07899e18e509e4432a50c
us__scenario_085__payroll_tax,d3d31aa47604969bc9eb8a80b68fd9482a43146ff55ecfc0c187b1f33f582406,10b9eaad094fe3eb3b1402f485db0de6c5fee485ca11738722c4ad76decd18f5,1503fb95a8953405cd8491528ca1712b786e05977ec0cd00d3b993d4362f6dcb
us__scenario_085__state_income_tax_before_refundable_credits,d618c72891fdea1b9638b2ed9e35a072bf6bb270b75cafdf02e9e29f08ebc53f,05015cd8e25e30562174814fb1650261f575788e331b61aadd93d1573e4b969e,4408e954d97eb10191814badd0df764b3e668f998203c02a6e133db24d019bb5
us__scenario_086__child1_chip_eligible,132b2353232480d388f6b4fe9b18719217ce2ee58fca95c1bab94eb72f38081a,8b42d7488bda25472edc168c6cc71eb0ee1b7dd3616892e5033eaed742a301df,9d953984c17a115eafd34912e1526e8864da52eb55451c7685b62f999b858480
us__scenario_086__child1_medicaid_eligible,b93c423803d89654ef4205ecbb9450f810b164b7f0e2a494159edc8b3f4f25a5,852e7130b43982e057e00b4f4a0a49d178faff72c066725543f7e6ba5ceb86e7,e51790a4e1a427169e513017bc3b635faecbe16b56801f9d3cdc191b0d2cda70
us__scenario_086__federal_income_tax_before_refundable_credits,9ff321da9b79e7ac831e84f6f1010325f8db33634035306b85e960a7507538a6,1c97c59a94e665898894b9350df34122ce8a9fdee7e32b4610da97aaf42a14f1,2132526e0ae0b650f130045c7db30207b68f1a5f08ae35629ced65c7fe9d292d
us__scenario_086__federal_refundable_credits,278696e8621e02462272b88b837c08e4a6dd4ec2518ad57360573d0fd9435d1e,101ad0a457764903753416f9aefa0295e8fb6de8a583407675a3e7e20f504de3,b575e59b17ce0b273a0aa647dbb017313d8159ac6f956358620b109d9d53d486
us__scenario_086__payroll_tax,daa030ce5a2659241a349cc5010205281928f2367e846c278432ab7a30c1a2ff,5a4c6d0128dd3f73b6f231f93181ad95820781102c12c9e76da2ab171dce6b90,6bc3073a80cba461d44fadbcde6f9d62841fe63ac646f5074408ead327616534
us__scenario_086__state_income_tax_before_refundable_credits,006ca7c6d1c0b41449f1baa1737233a35147e15be93ee9be92d153687582655d,04a67b2968be871acefeab993db92c06de7818803966a8553a35ff7ad587d169,72ffc445338c4c09df6608ca21be7c10c67c701192f19a8a8c25ef9a62b82ca8
us__scenario_086__state_refundable_credits,ea1145fdbb6d74270c3ae2ea376d9aa3a345c1c12c125bdf8b139a6e06b0da0c,40da83d0513aa388507d9c5a60bfaac4e222f1fc2b8d970984683217b43dcc7f,234060f2a6a37844a6cd2ab5492d58737f662134d933b15a7ab4c1edec91e4e9
us__scenario_088__federal_income_tax_before_refundable_credits,e1bdf03a8438ad2b82d2d5dffdb81acec8c63e18ea0927ad3710a23ca68bb1d8,80265259c57739dbba4b287e55eb8edc58985af7d438b4dfec98641d640d9039,4c32b61b37323a404a8b4b541ed63bc0216db2e0cc73379e7ca41ce7907e4b5e
us__scenario_088__federal_refundable_credits,1b4b87155061a5567d6f438eb8c9507034b9ba0eca8b8e7386a2abb45ac5f8e6,548a6ac1712f13b8de12e2f882aef60f22c960556f3106fd4da39821f47ab74f,70f074906d99e002085ef3025521a6c7bf940e0c97efb6f6c03c145de3ee8ddd
us__scenario_088__head_medicaid_eligible,f262f7ff9be7bddb5a00cdee6dbe87c0704c5956d0b93b5b6cd97b8400109992,c94f5e5cac556c5a4826900a6b3793a7939a53ce6fe38819f5b9d8deefc45bb2,b432a536eaaab39d83e5f38bd3f1abdfc040300a81d8e6f7d54d95da79c785b7
us__scenario_088__head_medicare_eligible,21ae3c74efb67aeeb20856ab39ece2e8545fd6802a9a4db7d8cf2e37f5da9099,7d444b630e33f0cca14a5d33e062b05801ccf72f83ae3b8c015299b54e311d77,6e0d92f800aa018c13c0ad92dd3535870d0f0ae46b13bc87cd023bd3351b8355
us__scenario_088__payroll_tax,ee728e53172e6c8d1a81d8fe48b4d77018ff88f0d75ebee0921134a06b3276ee,c1636310cee9bbeadd30d5d11afa023f948a25a9330c35f9d86b4cd470e41f5c,e7b7f4bb2609469f83f78099e816d7c764b68d09f62e84f3a4027facc0061ca2
us__scenario_088__snap,b513ef27aa643ae954feb25faecaba19236c48352e713e0a023956d1115c0f8c,c2749c18b4c65d93ba5e259c14d9d1ebb9f1d32fa02606585f5407983de1c37c,516c286d156f6155e0179e6f6931df7b3995a49029dbc962431ed50c9db6c6da
us__scenario_089__federal_income_tax_before_refundable_credits,8c4663531f1f95ca10d30d828f5e7b875eef226500f03693ed32dc0c99578737,a97ba8e60ea5bf11d25909bbd6be4472e063ec72c4f75d132ed52e00f6e19774,b8b47ccbc21a9ec59148ae4fbed20c026a7903403229e40a00af52146dfd720f
us__scenario_089__federal_refundable_credits,76b8ffbf111908e61b6585203ae5d2b6ad3a88576729bb525d54a1dc3da1e0f8,abffbc6622c3590de80b2b669cc6b0cd2bb82bc6b5ebfcf9d4db194102637e4c,9049037c4592180dd47f24b99ef0806fc8e32dd9922888211cb24967e6e7c8bb
us__scenario_089__payroll_tax,acb6c51a690ffc0ad71d0de1739fe53077ee70df7c474a1062d0291b18940e96,921b11870b75bb6fd06a2445f0378e6bc1610476b988c83b3c71fba027eda68e,0f9e44af0355b85dc905c77b44b0254149a8a07e823d578bff3ed9cf15bf1d64
us__scenario_089__self_employment_tax,af4f031ef8c78d06d632aaeb63644df33d0e815f5abe75208bc1f678698b3fd9,6b3a3325e09e82d44ef5f19d476e92276b8f27a0b8bcebdbcf7756b1f4f0a377,f62b654883a3750f88d56643714a982e037577e6808cdcdb9cd662cbcc92dc99
us__scenario_089__state_income_tax_before_refundable_credits,910938b1a93ace7ca25982276c459353edbe356f220c010a2f9204868e36084b,dc6a6a6587e066ea46ef82e0c497248ebe2e044e9a21a628afbf640763ebab3d,96132a32357abbfc33bf8364fa70362c12e9568f18b813832797723a02640060
us__scenario_090__federal_refundable_credits,883b9d8dbff5f97cf405381d19b5aa6857773f235705f7ed3b6e633181928a9d,0b986c5eb2a684246d25fa0f7b066d3f6664a4b46d150c4cce4899a4a13c3705,7da46980446223c1d0325f1856b352569f9f9680678f1b2a6f3cdbeff4f786a1
us__scenario_090__head_medicaid_eligible,975518354410f94fda216542642828d9172e924dc5dd5312a6292e316ce5cc95,b2bf8589c249f839f0d978d9f85d4d37bf37455c466db33bcf5547446b7d52c1,5affe0564d57107fead091b0185707ad602c1b5f209d87ece060cb001833b101
us__scenario_090__head_wic_eligible,de7963217884179690525723fd5e09cabefd68b1fed7287ade0df00331ed0912,cf121c9a8d4a8cad7f923bcb84e57a761878545910ab9745e14f92cdc6f9a9e5,49e4890c5bdf9a76e116e5460f2d06dd94fbd460c9aa1e296b6b33e7d04c2632
us__scenario_090__payroll_tax,0241e654bff01cfc8123680d878f92de0b5c8045919cc6c7d34d7972598b7a28,ec28e561136033f45a11d8f085a74170568bb6c6bd2a1b8d525eb152a308972f,028dc39e4de6140d47ce9bacf0e118f3175c687e1761403939a6f29ee3ef49d3
us__scenario_090__snap,8b4c8cd1fbf6e67e564afb530189a2db3a9ffa4a064ff14ac5f513cb0190daee,e2ee14fe34e800822456143b8d32fa78b83adbe276ad36e517527d0fe4abf4ec,2641db2bb3798a092492eeb2a1a905105e824adc01d470394d4d463e4956de46
us__scenario_090__state_income_tax_before_refundable_credits,9bf19f37bb7c98744890933cf4026b4d9ce5c0b25597dff3b06dc154f5761920,2080cd651c58a1a1cc934a4b1a1c0bc864d7648f4b787ffae81f9d0c759a9e61,0fea9796b07b8e165d98441e88bd326536d8eed25d3dc582cae239f59da7cda1
us__scenario_090__state_refundable_credits,c69dcf0865eb11ac1db95892523febda5700e6f4cf89c009ebdd24facf4c27cf,b7830c44d0e70c649f4120439b44056b0b8aa160cb07335687e64e09754491f8,9d5cdea4a3bbfd336311e1c19ebed6a82478dac3ad710001f85fb1acd98df665
us__scenario_090__tanf,0d5de46899b23929efe04fdc55ccaefaa9ac6fed2a89f738f3cf646a16fc1654,4497551dc0871de67850eb45ec3df301fb19656905b16327354b507d2418f302,e5ff2cba7316f005317ad8deea0fb086be44300e994c5316754ce4f2129fd7d9
us__scenario_091__federal_income_tax_before_refundable_credits,012e43d131b1cabc9c8ba06e6d6517f23deca6238c80badad7b335356a85468d,8b1b13f9923e229fac336e3ce80fab0808b720bc688e8560877fd0ad0b7e70fc,295b3adc10b2c8af76ede45628b2899c9fbf6149d31fc260305a2c8591fe21e9
us__scenario_091__federal_refundable_credits,8df1f4ea06a8e5e061a9360214c3eb0d2aa9cc87b58724a5166427fce19f53c4,b93387945c5ced8c23931f580276818d481bc9c6fe3ff01595fe3a1e41976a0b,4fa805836c0a94152953861c98b96426d9007eda726fa1db0ac48fd3f5fd151c
us__scenario_091__head_medicaid_eligible,09a593f97e8e0f55da018a2c9dc3bf5d71862ebadc6a1f10d828feac711e3733,bc1816dbce66b03d332116782e6b3b849819fc83821bd7f0e41c1a1afaeabc6d,c944af7cf03f7076e0cb98a3fd7bebabbda22638709ab82e193a83796d5a32d5
us__scenario_091__payroll_tax,169c9bb322ccc517893699d6e8378cdbdf41346f0f2732c8bc18314006b3b54f,e78f7cd27868bfb017034d223abc39d20441154b5ade46e390565a27401eea31,954326b99859412a794cd4419708b3c5e578f78a5e26debfc8eeb546f4458666
us__scenario_091__state_income_tax_before_refundable_credits,c1ac8f52b319698d0e313ec4cdd1221703181d4542de8f82f52555f610c41e70,4016d2798ec41c954b76f1e21d2ef4e8833826bad8798daa17b5ed43eaa3c31c,efe29a55efd5124db864d5377e6d76acaa5271cb1e87eb9d4d402df928e30e36
us__scenario_092__federal_income_tax_before_refundable_credits,9eb3008ac41ee85eb6a6e7109170d6762b486b8f3b1a0eab767ad1df5004fc21,a6a8d17eda6ba980a1db0841174d0f345b686bb5b24c454c5655dddccd776189,8ec6e9342a74fcae3e034889e638579c80d6f342b166cb366af68127b91d78bd
us__scenario_092__head_medicaid_eligible,d0656f0e15f47f9043415bc39d9b5b1eef75d2cb375a0463806980e068e0192c,ee9ba0e26fa0b67c5c7796ad5a338e1ec2b0fb7d8409ce1b14bd4cb41d28df08,f21acfa6845158752884c201eafb2e0a33f77992ae2c95a9cca108efa95f4062
us__scenario_092__payroll_tax,05ed96e35072eada4a402d80d6455b04caea25572462171004960e696c717e2b,e53420483a6035291619ac59fa234908e0101dc75891ff043783c9f8ea2ffe9b,9c61a3c40c657c71627cd90c2ba5ddd9804efb47d7ed7383268f5745c386fec3
us__scenario_092__state_income_tax_before_refundable_credits,a7150d425e823dc20533bead348bf37380d391e8fa22d3137d70132cd18c359f,838df2ec9b676e9d0ae5359830a848e99f91fd70245f608f0f9d7523b4d04617,a13436d1fa0d79e2ae57033defa1406b1e845216f0b327a040aeccab1d2fa9f1
us__scenario_093__dependent1_medicaid_eligible,eb1c9057f0e3cb56fdf807100bb1a683550fbbdb421c0f5f236da96c28302a3c,f99246c546c6d8c8d52f3ae8c0f9072ce6f1f3dcbcfbecd58f1094abf9a61b2d,586025a536cb922462b0fa5f039f331c6d3212dd49fcd3b57b549e35afd50f96
us__scenario_093__dependent1_medicare_eligible,4c98f5d5e065d92ff76f3323c7b589f75b3e80876e179c3544ee96764806944d,64ec5368210534eb7ad9108a5fc76fa26d75feafefcbf0c1042c5c17264934b9,1052dd7d4523e7b8d5ac867fccf97d6e58af4790a97c72c3b799ad6519f2b886
us__scenario_093__federal_income_tax_before_refundable_credits,530d4ae5f36dfd6069ab0f2029b35f284bdf22e0066f556af446f912fa2b606e,ffe6813fab9da2b5199078d0d73d28c980aeae66f175c24387eb046a72790d66,bc4495776e64b1728acfabc66ed47789a44d821a126e83c90e7d4ef129740ea9
us__scenario_093__payroll_tax,362396ea7bfffae44b4c6d1583fb68a2ea4a8d408be65d05c26656c5e8a2e094,f444d5a8a73f7021680e0794eaf9507c907d0c009bf639eef25083354cf5be00,0cc483f39a0eb906491a24e2217fbe99504d8bde52012793c5509c9ab122abaa
us__scenario_093__state_income_tax_before_refundable_credits,6dde48e773ee560f5298988112b727fe2c84a397bfd6cbab244e3d72dc1ddfe0,ff59b438bd0144216e3ce19fce53ff841e0488b4d0826ae1707d2547b75fb011,f3bfd81ef2964eb063df6bc3e7100a43cd8cb226d3909cdcb15afa9b5ad2cd12
us__scenario_095__federal_income_tax_before_refundable_credits,ccb5c9665099f1d79a8912ce862a72df12f8fb00805a0e82f82f719b93303b14,91791c2297010efe95154511008a2e3d4dda5025fabad17253f3d8297d93d551,18a57ea20adc629ae29a4706faf62c4048b191983721d6e67a649adb57b86c41
us__scenario_095__federal_refundable_credits,b8bccb7e5a85fd9b6635acf822bbab9961528b69d361dc678efd92e392d2f2e7,c07bd65803460c28987589426954d25cf63a87e43c627082b58df374b144fec2,aca37f63b5bad9d00127cf582891f1bf3a8991407e522c4b0a629dfacb06845c
us__scenario_095__head_medicaid_eligible,6cd67e0f6cb5665b551e0b9b5c3f83076d9acae10dd5de188266ed30298a516a,257446f7cfffdd8ae8897c54584ea6b445118e09798fd32e98a0cba5dd350e5b,9b32172ea006061b7c537151d5947cdb94dc88e0d7ac6bf1d23e5e5140911b4e
us__scenario_095__payroll_tax,1c474b2f24426553c37f93431a143ee7c8c107d0fe1476f2ae5f690da317c3ce,ced8b7c0a5b863ce0ca9aafb5590cee7a4a677a2848f806dde38ea6d1ad5ceb8,324ceb4c95dbbe857a2389bd5bbdabb0fb4831579adc05b55715909458893a57
us__scenario_095__self_employment_tax,20143b1cec485e2263a4bb9acf4a43db0c6519de11bee4d125188e136af5d62c,f57d9dcc03cfdca601a222450c567e38c14377ff8761d59e34c36ebbf2650cc3,fd06f4fd952e70cc2a886e4065d9937bcbdcf008b7aa586a7bc42692f1c1bdaa
us__scenario_095__snap,098ae23c19657b353b7a0989d70d3ea33b4c9f3721ac59087b78263f336416af,aa7021baa80f939bf546fd2535dd0ae16620d3aab855360654c5db84764581bb,3d13e40a76f0ed1f10a46bdc279480be444b9809ff2eedbff67232db6d321a6d
us__scenario_095__state_income_tax_before_refundable_credits,a87ade1b4e8e9ee4bc49463bad701d16e0fc1b8771d00b034e2876123016cf7f,4c892d51b8c3cc174ae824a90a11422666543dad45514cf32c14d40acc1476ba,0c116389d9494f9c1514fc5ceac4c9e84b677f0488da697f3448bf6f32d13518
us__scenario_095__state_refundable_credits,7e7a8d24842d99f54f9a6d1c363ab32189dbbd1198525c68eeeb65ba9f75a58f,7108480f987033e0853c9bc7e9de697493710bd08e271a4e92679c6168157e60,eb3688a046b53fae77f5e3508117546f74eef2e07788b434b67a7aea37231833
us__scenario_098__federal_income_tax_before_refundable_credits,a38f4b835a8615fee9e27cfc0ca40aef6c0147b04557ffcc0c4ff32c64eaa212,ec0835e4644076760e0c9e99a307ca4f8278766322d505d908502bf615fd5b97,91699a6ea9659c8113040de102613b61d52f8281b643776f0af33463f543c9cd
us__scenario_098__head_medicaid_eligible,8cd262afd7a4a5b417aefbef9b8e5e0faa2c6cbe9421dbd6c4e682bf64320080,5dc5b7fe103930e61b86379bb10b504b34a78b5c76b8d16a0dd27a520c54ffe2,d94ce5ecbce7ed26e7d5263e310509561268168981e8877d92a41a377f047f48
us__scenario_098__snap,b70c95dc088b00f8350eb378731243909cdac4379b57e884ff1cbbc6a565e262,d07af42cc921dd613def0a4b91761a0f0e00f600f021c6896ffd9ee03f75d6a2,947f63f12d98a43c5b9895c0bf3f7910584a2fb6ae779dffadfd2547d5921c48
us__scenario_098__state_income_tax_before_refundable_credits,3cbd357144aec83f90dc1093c44612e75515b8e3e4501df85ea99fb576480e04,1ee09ff45f612781bd76ae55b794d277525bae38f990b10edf80c9b6633ca8d0,a0ad5b607b87be493044ac2d009b70bd7bc342800ebf4ee41976e5dcc8f08a20
us__scenario_099__child2_chip_eligible,b0f31b2f454547fe5d09dc6e639c8c4e63989fb675bf88bda01f713c545a3c52,2ea73dcd67efb98b2e7d6f0f267882c81aa878e35b41a9bdc9b7a6bb04358715,5b7cce4c6a9f2eb380d2b5f4b9d6eb5cdcffbdff336559104b246766427b8ef8
us__scenario_099__child2_early_head_start_eligible,2fa95a87c099ff8ac433c5b2b8d7624ee6144ea3d47a7590ae159eb9a79e77b1,7b908adc23d068598ecbe1c7ef1229e4109ffcfd64159586f34c4890a30acfb8,40254921cf30ade6dbc80e04f766c54cfae2672b461f77255b898e746ade471e
us__scenario_099__child2_head_start_eligible,86da19ad621cf5e66d38598fe8e04c7d92e12a7d18fd096c15dbd08065d4dbdc,ceb659b95e5d3b715ef5b5a5a454e87ea1ec5201fb99d0a1078c40d4e33054b4,28e3bc4ed42d5b73ceec4c89b8b2f62bb09df93c2caa20d57eb486cc029955fd
us__scenario_099__child2_wic_eligible,fcbed40dc9ba79bd8a1424465919adcd4dc22bb89308647182b676f05ffcbc10,3f3394172da33877788a16cbb8deaec82da485bee529b664be1e9c2780deab4b,009d40ee0da54d0999a34c47bba02522b635f3a8b97ce3ab7adb5ac30d45fea9
us__scenario_099__federal_income_tax_before_refundable_credits,794be385a99f97fd30de85271eb6ab17bedf78a2c8106bc7fdf974fbd52e62e4,34a0352852925ca3f56e90224c39dd4abb35d043f44bf8311506c0edb4b30cfb,bb3fc52a567f305694d394ce81f77b9e1523a573f8302cb0d43943711e9656cc
us__scenario_099__federal_refundable_credits,168e1138247a6005842f1b2525b8411c148b6527f5c4f41f68a4c82918aeb4fc,de41a2f2039a46d03bf52dbfa99e68a28039d42c1a273e93e5ba5f4da587195d,b1e0bdeaffbc33bf354a99b28bf1909e08b5486108ac7eca63e76a793078c73f
us__scenario_099__free_school_meals_eligible,f004dfcfee69aeec9e7bcfcae2bb3660594df2c890f59fbaeb115a4b347fb675,bb1e171903416c3e880b35d9745e0a0d3c4bd6191caf6985a75fc7e4e9f2e3c8,f1f37985a0d2558b3625c9bfe24a8ff5cd81df3c4e16808151095f3960d19bb5
us__scenario_099__payroll_tax,3a7f05528b9a4b49ad84e8839c8096f979316aacfc06f0e774542ba0250e589d,5d5964c8ed0a3873aa02f72a0282d61e301fec582e3fc10d24f4dc8673969e4d,8af23ef949f6d6ea0cc95f8c8a9dd402a71157e2351ceb21a5ef03a6c5889aac
us__scenario_099__state_income_tax_before_refundable_credits,64ebb147711a8eeb6fc8b81873c8aff6b5d33d124dd4ad2fdf8e7a852aed09c9,099ab7858bdf8764fb01c3cf1eec279c1efa5bc9c6ebea8150941e7c1072ca8d,6da4c68f3eaafaab61ca5cc223401a64fb6db23485fd520d380b5af0a2d014f0
us__scenario_100__child1_chip_eligible,7ffdbc7ca5d08f46ca46ef66182bc29a8c46cd19a72a87925e2eaa4c36d40514,92bb560355412c7e0ebc905e8a42b418aad216365b267c7272ce94e55ac5f87e,635d29435412c5e4a94537b043fe948349496c4727857ecf8379e5ac058a1ff0
us__scenario_100__child1_head_start_eligible,3a45c04a38aa6d578d3f9bcc7372a85cee7651e5498a49bf590595fc4ce95ed7,e461745e43a775ad6610aa7b32d3f9744820f64ac1c7c608fe6293779755a99e,f0b47e79dc51dcbcd0a131ddd557b9b7b4fda0ef9e00dd159d652a7d16bb7be5
us__scenario_100__child1_medicaid_eligible,f4d72f7e9ec7a2a3c872bcd432b325779ba1e11df4929c9e5c21c7b880ed190c,1d1a4add8b5311c807c8f9ff80c58ae1dd96477788525eedd426296fd953f21a,f2f35744081a04d4ecd9d8b43513e37d2d9168b8bea5987552195a2ec3371dba
us__scenario_100__child1_wic_eligible,b93165ac4af96aacdac7ab4614ddbe807465a52a9cffe523de29dd09f7e6cc24,7dc92815ef7b7b2f828b9e4083f18a1a2bbf182180e6ab46847f6c909bcdd828,717a0d6e2f5207994edd8eeb0ecbc1882f15390816e702955b96d375273bdc97
us__scenario_100__child2_chip_eligible,fde0a7af991c6e5e3740c523584c06a4a43ffeaed5c9b6febd2bad6d9a910429,b09ad5050f3a921a53a2e3185ff5a6d41efcadbb366b85b3b026ccba41247a7a,f17ba49b3c3f32f756a7a02f284eae6b41c735d7128be8d8ef551ea74645fa6e
us__scenario_100__child2_early_head_start_eligible,c293f7bd6ec6d82d1698e3fea3cbc42d8e812b9003cedaa382769b50631a4924,37412541482c0bb137e2db632405a91b0b55bc15b4f2d40b00dcde3d3b285d72,f352c56390afa17c18307ba9bd8ddb6cb2198ce42c4ecff654803a30d3930180
us__scenario_100__child2_head_start_eligible,6fec1a2f819664628af449323dabf4d3164be30ac606a39c9ef58fa9436970a3,d12046b335644c4a08ae44c001a1759f6910d7f63ef2ace53e15ff26574840c6,eea53a34c2a492f2953cb8891d8179846042421fd594d6137b53a90e4cdb6bf0
us__scenario_100__child2_medicaid_eligible,fe030897de6850c05bf4ebedf681a49e2c56fa9d5935b651d2702155c36599be,231902793dbcb27611ef0d54fbe06ded22d5c10211053898d714c0dfcd97a12f,ac8934ac9b04c0bcf24db7aae7c4698c5481968a77a61c7d08209c21d1205b8b
us__scenario_100__child2_wic_eligible,15aac302048c0071ef24dea934b0db74ad55fb9d1f0d15a37db249bcb57a3efc,dbd041e195efadfce756c8f63904babf943637aa01ec27b88b307b5a9486f990,1a7d587ed60452ddd77705cdcc3463fd1d2ecf576e3c97570fe4cc330d546f00
us__scenario_100__federal_refundable_credits,6fc8b14d084d1cf09e25a95401db7db739ad61f90adba7da633c98194931bbc5,d69995cecd526b9b9c5e882690a2e687f09bdf76ef3d380640c71c3424132127,199ea8aada0fb7615583ff72ba9c7428db3af9f862dc84978c5d41d9d3d80910
us__scenario_100__free_school_meals_eligible,7228854ed21c25c78f6154b660ba69b627b06c3a83ee5f214927e83d16d897ab,346b3cfc914a2538ead9b42441edb562c301cf7f59d04eb601c3825a759fb31c,fe3e233836876f1c758c1adbdda59e248f4df1189b4a430515d9494c60966899
us__scenario_100__head_medicaid_eligible,8923cf8df4c4e6e63caa569ac41c858a1d8a7100eaeeef75443d45a05bc3bf4f,96081aa4f900774be344f8f0354ba1040eee81fb73a457623caec09828f39819,ae80ba3f6cfc84cffff2de848c7f3fe4feb5f5a21333ca5054f584a4e1da246e
us__scenario_100__head_medicare_eligible,ad947d335e7a019c438dd97f875e7b9e58b25aa08455f97573282a67e2dce0ee,0ae21bb28543c90f5963805ea426fe4027fa5b581dbabbc47360e3592591e49d,c7ecd7f5cd8376b44c2bb4ba5da3e5b11b5f9db389c1b4796a3dc7ef5f4460f4
us__scenario_100__head_wic_eligible,cf153d90fd04487b2e320b91ddd524f4f43a7d4486f8e9d5b7d4288f2cc16b3a,a419bd2dbaa28c22cfbf65bb7e9660ee4fca6d7157e5c153f24f71de0416eaab,297544a88edde813a4efca9c93b37f0768ea8796fb5bd94b857090bb2ef09014
us__scenario_100__payroll_tax,f864eaf0d9dfe4da779598c661c52b7491350ec4a6528e4730514d81bacadf61,2ffede13456c8f1cbd057431c0494a09c92dc28c6391cc1c6d40e249bd2b6a90,5207c572d6335aeacf916ec36c719e743d3e19813f6889f320ddb10a5323b328
us__scenario_100__reduced_price_school_meals_eligible,f48e0f5e3e1be80d313f5e14147df9a8518ebbade9afefaccccf8a085743b7e2,52a1034f6edfb84b8ec945fbaf13dfbbca8de2b289716d76054ae88a909c9364,07ccfe1852f7ab60bada34d22c2ced581d7eb977fc5326e3a1508b1ff5afb5b7
us__scenario_100__snap,01016cf16bc7e3b1d8e6b12a0c04b9de8f55822f86c54be24dec24c209ed676a,7ce99fb4948a9c14cce7e3aac16f38f215049336a7ed1959f4d9742b2454045a,321624caa40a73b31d085790813cfa5a9303169617ce3335f755cd3d583ec1c6
us__scenario_100__ssi,09ed7e493c8ac49b0075113658c5d540283544489f4c4a4cc90936015b747c2e,ab0f911ffe235e01b310584be8ba7b9d9e5d3d5d5a63bce6328ec0f604057f76,e16809c62a364efcd07a192027378d468ac7bc670d805f4ba387dca16567471a
us__scenario_100__state_refundable_credits,c4f9e34bee0210e50311859b615bcbf1f23b14cd0a0189033756bdc7198ad4b5,97dc0c0930067a602e1243249df3d13062e54b642406fb48e069482e87f46811,54046e6d9bea46f349b39eed25b50b1b8381a5241a03feb59b6ff10dc1ed22de
us__scenario_100__tanf,c2d180482c531aa1ce661fa29f87d2b76ff6dbe2b7b9e416b3e10bef7088e49d,40a7f703fb1ee9d596dd3e8dd9c747b1b8c2e54c6712d228a6924c66caed9847,8ae7788fdb5ead014b5e26a74df06b05278f6cbf8e7eb1fb08e052f11414a2d0
us__scenario_101__federal_income_tax_before_refundable_credits,2ade35296a93669322eac38ade7d98c3f4accdf7a68d2d6befb1fac8c4d4160d,02cdc31c2e97504e5d2cb812be0142f385fccb2232652ce3ce71384d529293a6,5c2d99a341ef6c5524876a21a3641ab788eddd07b1c0608a11f5bdf0e56f605d
us__scenario_101__payroll_tax,a2f08013c87417df310e5bba5659fdf8e70c3c889de68f52f01823ef05d01e09,b762fe92671cfd200d27ebe71cfa91c9f15aa388f38047b4886a727cd01681e8,3f3fc17e179df72fc29733562a27c18a1119f7cb90b80694ce11185276e08166
us__scenario_101__state_income_tax_before_refundable_credits,4a51ce741f9c4f5e11debc391104c9bdd78ba23a379912d224cfdd8232835533,2c03e3495e68b19fb648a5c21134b23f0f35401773765bad122d24d7f9d3c2a6,82c7816307833a19863563d3883a51651dbfa43ab11269c2348cd401b14946ad
us__scenario_102__federal_income_tax_before_refundable_credits,6580951ded1e5b0a9bcdfebe9f7ab678960c76423ee0ac62c5ba6968dc426224,c80561779b0558c8b7fa005879d05066f3310aae764f62dc5969f83097624ca5,d19fa9401bb6d634504402e455f979e175765a7f35716e236b839c8b55a697de
us__scenario_102__federal_refundable_credits,1e601d03532140264686b284f460d2116091b602a6b80a4ec30d7f3799324997,ae74d7f50b0d6de89a090d1dfdeff35fc4953aa940e1e26481f55c4698c71f54,6f32ab9228001b843edd81bf8e92994f9c2fedc592401881b82afaa66263276c
us__scenario_102__head_medicaid_eligible,d5d3ef6446b0a066d66bc5785940e16828da8116caa2149a1d1927dad6a94729,751f23df5475cd27a58eb4a61a8afa5c9cbd25d9c10b6dd5145119c1a4c11c51,b327b43c48c95e3160af60556f94aa06c8664c9f69077231183af108959722f0
us__scenario_102__head_medicare_eligible,9c8252197127659c9777920538fb95f25310821a95711e0cddac4fbdc0ae782e,3260f0c19ea1a55544d355cd60c7166364cb6c61477857c3dd2f1fefefd1ed0a,c3bfafbf1ca56d7a40c17f409fcbaf13c67e8ac7db3df438d0957184942ad618
us__scenario_102__payroll_tax,a523f7e9decd50e805727522f8afed3b0e75ba96ac5be21f2f52f8ca76b958a3,14a08ba286f5452be98361565152a26d67156a02f16ec470f0f292178b49f739,4126891bfc03dea1bd989c7e87b772bde033e7c6f26802c343966631da0f0375
us__scenario_102__self_employment_tax,8657d250c36b165d52ef2648ecf991d3aa4517cae167f3a8f673b5cbc1b6e573,c20e61a529c60cfd66a8ed543ec7b930133dc678aa78d283cc6d43b1eb7adccd,e2c6d7e56d3b93da732b1e8a86629874c7803d7e0e2d874098cbb0c600e494c9
us__scenario_102__spouse_medicare_eligible,8466fd8d30fc19df5ec6f5f81c4688dc1b4ceaaf48ea48ddb99d2724ef95c23b,bacbcf969d7063d6dd766e66a24a145c9e2afcb766770fe24d38d21f02a502e2,d7814b754d90da5eadd4bdf44d2194599db7bfa266150eadc6b45ab902584bb9
us__scenario_102__state_income_tax_before_refundable_credits,8288a9db0e39c2f85200d2635109ee82c79b6e973a45b433929fce435bb2fa6a,44bf1aab7663fd23209b6366611eab79d2f52f2f0df756767c30119553912042,354acb97b94baf4a8070faef0fa4a9b0cef07754309ccbe3211268a3ee926047
us__scenario_104__head_medicaid_eligible,2be536aa9e33fdc74fb76b8cc8ecb299bc6c6c4b0ec941b37283379e4c02507d,df565d71c1643211ff3ff2db8de166d96e7816be78baf39c115fb8696c9bd35d,5a13b253e168178453315c01812d4c70bdab7d871d57641eecba1783f118bce5
us__scenario_104__snap,ddd90e125c60e639aab3fb91979a33aac4d6de88fda09ffef7bf32d89e599952,918f3d22f7bf8d30f940c35441a4d60dae9940efea8118f52f0f5f7e7f83285e,a4d7c724627df6da7370b55f09eabac14680255258df65ac68b90a8e3a650657
us__scenario_104__state_refundable_credits,e1ccbfae16f82ecc76808d1bdc19607ec277f01a04140777f2853653d7624c9b,48a4b28bcb0b63f57af2e47109f0cda96823db8e281ebbcf46675e98d8a0f605,a3b0b7c70ca910cb950a2b7cb864d7287dfc00c11b701bf9ce6a35b6cd69548e
us__scenario_107__federal_income_tax_before_refundable_credits,ae86382325d449aa954d9ac405e3b35ed09a4f64375a3dbb9b29fa82e4b702f7,f392af050b61548f936e52455de3aeefd5f32310a0f1478d8d6d6381b054ddef,4a3c80eb9198043399f17edad001c9b653f293ddd665efd46a7526845513d288
us__scenario_107__federal_refundable_credits,8ce30c4292c1d550874c94f936ec81c91e7bda6501b4425baf686768ce12bc97,f4bebed066e53a96dc3758b7efd30b421663fb3a56019d93ca6b674097b6b0bb,92963caf843f6c822fccf1ec51da06eaf935ac872c64947a2fc48608e2172acf
us__scenario_107__head_medicaid_eligible,d64333207d87b423bad3bae0ef46495e35857778fa0a6c60a1636ec8f557f280,22e27326f52dcbf196f98ca50d3ea3febe7691655708a4c561ab7dc331e6510d,0f04e232e057f8b0c4606b111c328f0bf613cb665dba62c75c0056320980d351
us__scenario_107__payroll_tax,492359a5328a9233be292b09edf7a0011778a0aa21744aa6abb5a771d4cd32ba,45a6e6efced759812f979e51794ee4447950fa7d3a99b59b2234081e1a202d8d,718fa3f4ab47f0a5ffbf5414abc5f1662d828d9dde7295370b402d456e654217
us__scenario_107__snap,a8c76325a7f15ddd29f9480f8ae9a9ed424bb6c0b9be982a75296f8a78654c73,c29da5cb840d5ef24525b4df767de20d35334c4bc5e7a8e0b1c0fe17a2ae5ad3,1a4666f8cfd87cd782c062c92341dbd905f2b5f0f54532511274236e8cc8aa90
us__scenario_107__state_income_tax_before_refundable_credits,3ca54642b83a48e0a9c810433c9d185b443b9d4a1ad29176d771dd79d55a52ae,e4ed77a3fbefcda2d7931eb41de980c5e87f9b61f40a9b0ef77da25bf775342e,b541aac2a6ae2ff3263840c9f1ed9d01f3ac5d0f632172c781285f7b9e93b244
us__scenario_108__federal_income_tax_before_refundable_credits,f055f23f31453e1f51c7f34882dd643ddb36ad83b714f8543067fd2c4c9d7b0a,99801a44d1aabbd23aa38a7d1b29d799f4260f88f37cad7feee5baeb7a62f45c,8ee1c77e7a7d16ef656d24e65c70c05635183c34e7855fab01d0f792b4e91a47
us__scenario_108__federal_refundable_credits,1c413f0dc2dc3bb0f8b33e042c2805e0966026e9c417ee210620d33856d14446,481c7d2928c83010123aee24ffd4f4135a74a91a3ccbced7ae43aa06a42e3d81,b401f954023644311ca1928ba8f2b106d5f7b637deb1eb45c6406a434794f1e8
us__scenario_108__head_medicaid_eligible,6a483668c681e02232875b8de5c6c95917e4364a3abf41e8ecf6e7bf3448530e,206ea10d52f62a23e88779c7dc4d54dcfc037270f3d47f06760b2c1b4b7bff6c,0fb5b5ae0013298d4a8667331c52a882539386272acd856254c4045a215eef66
us__scenario_108__payroll_tax,02809809d38b37addbfd7ed5ce7ae0b06b3077448f4daae0cdbbbf5e99b00654,0de4a4b0f4a4eedeb8cfc470c02dd520a9eb33accf45c34f99ad5b22f669fb74,69fc28c71fe5feb1cc84f33b6e25be69f95fdd36c26a619b3fc72c4ce8ad469c
us__scenario_108__snap,0d0150c16a3d7c669900d5095308d611cb11d98299427e92ca3249857c93a6fc,0a76cc9f1894dfc3f49249aed4ad5964e62a9224590ad90b1cf19cf8cd607483,ec8328f281d191bb1bdd06a5a3768da144bb5f4c13d1edbc1a40f72ef6d222be
us__scenario_108__state_income_tax_before_refundable_credits,e9c0825df31e9d945d395d03ab9ebcf9afe01dfe6324c28d93a91bf7e5144071,55578f41ddae1c0e2d0efa06856197efe8c704de227a90f7d757aa77a64222f2,bcc335a4345ac1eda19a30f5a4406a10f22e3b6af8268d8191cf077b1eb429a7
us__scenario_108__state_refundable_credits,8113a3936c27ca53dd2a9662586ac4177243b87469fcec6ad948d86aefb8bde8,bf289fe7f42a0a8c562da2a581fd0b6e871f4277c54ea2e0c58711eadf25da5a,fa7bf0be21214bdbda6c0679ab5981095847147cb511d5173a375334a67fa9c2
us__scenario_109__child1_chip_eligible,95b07ff668b9575e4309589318f19b58020cce8d40172ba5de626fa839c9caff,4179653b3eb573f877ae4cd6dac9362b5baee7f96f5901830f8a367ffdc062de,f82057b87d78ef415101737342716663e308b8209df1bcdbd587233422fd0511
us__scenario_109__child1_medicaid_eligible,c806fea0f6a8b994fdf9205258f536acadec10c25daa12f6ca105c8e4034bcf6,4bc3938fd7c76188713048b6a01cf5ec34245afb71c38abf6bc332264fbcc4bf,6d3bbd98d302a3f5d3e813f320fbc94fff25a4f8e45cbcce7bfffb9b5360a64c
us__scenario_109__child2_chip_eligible,7e7873d309632b91ea07dcdba15c95c84e30759c00fe7be071247b983c2f9e8d,8437126d76f27b635bb201c035b1ebf73a8df5352962e49c1237d49317570180,796c06316f76e0a21b12dc87906aec96aadce5ecd8f70e4180863426071fdd9c
us__scenario_109__child2_head_start_eligible,f46b048bee44d197f028cae7290c62e42ccf3e5e5e7468331607ec3c136d4119,ff4e4d4fac95ae515a1ded072a26a93678a4fee677e318184fa805fe031d4f66,b1d89ff2aef9283b659ae555f1e2d7a910bb68e0a9e489074a7900dc1bc2a9af
us__scenario_109__child2_medicaid_eligible,5f41323210a69526bcef644dc26eaa0f5d4d3cab8aa7dd7adc42d0cf28e34f55,0deb8c46388d3597980907374bd27e0b487b907c9945a868f31c08202fa75d8e,d13e31859d925c7d6e5ea21b5378f438c7aa01dbcb40a450d1ea3b2d5bcc6edf
us__scenario_109__child2_wic_eligible,ff0267c6ef81551f3877368a43b5218cfa245e1194a95dff0e69ebf70d8ccb77,78f286838cd944b3e37925f586cc2f2f5f68861204f3e5dc8be6594c03a3bebd,2852e9ec1f409146f4aef9bad16d0ad272c68f19312c987b5fc909a5c0d326c9
us__scenario_109__child3_chip_eligible,dde97cf5286042bf287f0a20fb76fdead5508c0e9a84b29c104e9bf8ed5b1fdc,b30f8127d5631222cae718b98ada52886c0a400050b5ba1cf7e3bdf1a186010e,b5121ca96790f39d7852a7b795a6c3597892568b38ee6251eccd3f26c5eeb9f7
us__scenario_109__child3_early_head_start_eligible,2d40b21ecfddd39defe7add5b274ca5d541c7d4ba5600128b0631eabf2eff666,26176a8ad6de724f4d8c5c47e4911c55b6b4e8daca6cb6cbc98057751f501741,1799c79278b5fbf3fb5c21434bbc3267823a2208be33451f74436da292750e47
us__scenario_109__child3_head_start_eligible,9bf66fdc97e155bf72a12f9b4de76f3e3ce2d76e39610e67bc6c10702f25e6da,3652c93d43605f903e1e3ae9388150d47a97f2672cd617fadc556865b92668ae,37f67acdcb85d4e4403d877266e8bc5be988ea3c7dced4eb5949a3b25ce28e0a
us__scenario_109__child3_medicaid_eligible,ca2be8657ff9de56b93cb7cb0a523e8fb5c22bea9e253d94661966a0a6bde1aa,f0923debc63db7e5edf9b40de1a35df8937ce0e99d3ecc27fb60c6ef3b8c8b51,7b002c062894c3830f8b209eaf7abe600f1dc07ce6a5539cd95d27451780c4f8
us__scenario_109__child3_wic_eligible,af474fc81edb2a4f723848479c0f3a499f588f0081e83740d215ba59a19cc3ad,9ccf3a7e8a096d6450d84dbc2fda4136ebdf18be87515b08b2f0f23e73a134ff,d891372ff43d5266cece395caa1c5c16819660d0c1dad3b189f0546de5e521ab
us__scenario_109__federal_income_tax_before_refundable_credits,4d8d528b04dbf78859d3da734e6c564f21c7ddfb57d6cc1cbf6c8c792771db53,be4af2f46c406bcb08c621ba20433a734d9ecdffb1a47b5a2973219c401cd9f5,fa8476a47e2d8e08069da706ae1537767f2a1cc3052777c5313873343d7b4b06
us__scenario_109__federal_refundable_credits,03620d981768afde52a1fc57d2b9b27fc864ae34026e5414b678eec8782bd6b1,c66a0a413ba04771dec8ca4612e7b87dca4b7dbc24748ec02fc58f340932c813,d35ed2c73b478d8298923b499dee2a5a5e4268c454cce0404ef9844e01ae34f0
us__scenario_109__free_school_meals_eligible,de534fa64d3370e65f6d7b5d407bdfaf4489cf1e71de949d28ef815da2073b76,b92f7666fda454f815d74ccfb926e9e5fac2e7ce754fe1ce9de630d979ddf3a3,f9b3997d0f436d86fc3d4b6b33d8b50dae83b116dbadbb2e04e39da7082c89ed
us__scenario_109__head_medicaid_eligible,e28e69e317185feff2783d9cdd3ee1a87cd2afd9d26cec04e2be619b20e454f9,4efd6c417a20ab25a4bfe8d33b538e37264cba3c8fee877377c66e04a410b8c2,33038d9235de77297a6b0ec97b349a40f4227c7b37ab9852b0d1e7c77b59243a
us__scenario_109__head_wic_eligible,2137dfc79fb6f44c4be90a4c29879317924f7d86111820852a78f38605790804,e9f69a0cc76f50db8b403dd46f905776815a156a2bbe7c53a50003ed22591cbe,af86b6ed934a160bff7965f4542457a9784d8eec7be4e369c90e50fd4a93a3d4
us__scenario_109__reduced_price_school_meals_eligible,31bf934a56c29f7f00d7c7c42f59c897b5a175a61da73e7ae5fe75fc6ecc7bcf,6d9b2b7eaaf2e304e0ad51c254f0a181099931d157140a5d55596d84ce84fa40,714f9255e64601f60abe21029d9a4f0b13ff95e3da03842ae232824d9410a687
us__scenario_109__self_employment_tax,0133f3dee663890285aa94fd9005cd18c50c20487feb9ea9490901e54c34cd07,38c60acdc7d7daa6dde74f177afa29c26a7fd504d2bebe77f40a0527f20ea4e0,4bf7e5a34c6ea4fbc850812c64192f0afac426ed4f27cd0f63c9caad2966f312
us__scenario_109__snap,f900b822fc0e2c464d5e81df5c16fe166769f67ec94d0945a5eca83bb3f8d523,4f37a6168f6ddd64e13273e4d5b51887a583b3cc4b2e263ba23be3c489200871,b310b5f027fde9717919990a722361f4a9461eb27a9e1f3ec3a2e36ec1aa40d4
us__scenario_109__spouse_medicaid_eligible,f21941a8c827445dc9ffd1d9fec946c43e531df7ecb97925148b006aa396d9aa,f1e03b0784dd96fdb9eedac1f34427f2adde5f2082fd660972d62c88f59cee88,00e3affd859e88458bcbf5433789c698ed909abaae3c03c287642993f021943e
us__scenario_109__spouse_wic_eligible,325d38a414903be1464707ece33fe114afa63a8e00c8b52f57c34034f5924398,c5b9e14bbc394fd2f65c3b4ddf1e3d8f3c0135764e4f9125c0fe5b8a07742499,b29f6edb7f8314abbfdb558f086060e9257e52170a9dc2a00bcb30bbbe486480
us__scenario_110__federal_income_tax_before_refundable_credits,f2476fd121814705cdfbd0f21067654431b92a5e69f0dc7193bcaf10fb90990d,2d0acb6d999128a685eb312c9b1ba2cb1c6977144841e85d910d71e48f077ea4,fb17958aa8e098bfb52912faa20ecf558538b5662997b22e583349880bd9fb30
us__scenario_110__payroll_tax,7fcb1d9c16aeba7fd3c624e8cbd0f6f84cba771040079c214da447d5fc392bbc,2d37c52041393b2a57b9e9cc57919066ead20391ede088db48481d4d949b309a,16ef3ae6a6b8a4fa365f3764e242f91edebae3d2e0a12f78b62081fba770f19b
us__scenario_110__state_income_tax_before_refundable_credits,1b27ba47123113217da6e66268e3f61a8ba2a2f0d80fa28c8497262c7d901daf,fdac8632534960ae57af1b45e93e1c279d50f2b9b62ed59cfb884ebab404ceef,35601b2b03ca7cd4f91734f35c347df17f31355b258a251192ed77693bc84af5
us__scenario_111__federal_income_tax_before_refundable_credits,43d0ef06a041e5007925f42ac571a195b241e9637d19d0b8558604819be914b7,492337b58b95c3ed7954c8ca550c3374f2bca1fbdcc4e373d055964e51f0c9a8,6c3a2828190b7d1b868ad7c6194c535f4d9e4e07e7a8cc35ced4aa8c2ea801de
us__scenario_111__head_medicaid_eligible,796e50469600b975ca6c882bdc31e97b7d134a5910a5e610296f35e08b8f3fa7,c85f7a15f9b4bdafe60197c9d4b89d568071bdbf0b7f2d8e0fca83d95c1fcfe4,7fdbed78e4a34c3953c201deb059cb13a13fb9c89245c8d52d434926e8be333c
us__scenario_111__payroll_tax,3beb0ace746fb3a63ee03e1205ad309dedd3bbd43062ea75a433d7f111dfb361,513c770f6a6cc764c39ac5c53c079f27692b9fd3f138e0bf9692c319d16e5751,3756219e63db0bf575f699e00a01634c311404fe177a259cb581567d024d6099
us__scenario_111__snap,b64d6497d900bdfaa8402f2f8666d20127f340800b74e293d0e51f83d6d38fb0,95a092d05068cee4aadef05c2d697174c94c9384bde66fb42058ea747074461c,39a1e9cf41b440e1e4a049f9fcc0ed80dc2cf1c49b9ad5324a8efe3e131538a2
us__scenario_111__spouse_medicaid_eligible,85746ff35f782bcdd6e8caa011c15afbd7a7e521b456787d321f5b0df4be7616,d7993641cb2c7b15c57440bb948e5d76090993f247d2084297f121acb3c40ebb,3249d5ae60f000bb3e4262c7f027f8d3f8328dc3edf32b82a8815a42bebb2397
us__scenario_111__spouse_medicare_eligible,a9af5931b56c6a189ce1907b11d91aecd6745e5b2fd46709881234be52b329d4,cbc919a52588cd1e68c08d7910da7abafadb982400d82e2a92c9a28f1e5eab37,22f4217b7df80ef2345602a2e8181c3209294e1d6a8b9e5c15743cbd616fb7ed
us__scenario_112__federal_income_tax_before_refundable_credits,4e724060206eff175e4504eb2caa1b272013bf1c7fca80397d6217b9f3288157,0ecc7c6bee1489e81a8eae1183d2d9b50b06f4b4da652a5873489d38a9639c95,a745259e7c92464d0b2aa6393de5933c460f07d5e51adf9d4d71ed800e31537e
us__scenario_112__federal_refundable_credits,6fc1d4fb578c17ab817542e899a18492b0a02518ce31e1e522007e80eb37108d,df1c15a914ab07ed70b700910b46bfbc8dc19fd978671da23d43ec10d3ed02e0,36503dd0da656bf623db55e213537b08694ef3b5e9bc6ed132aaad2a4415e638
us__scenario_112__head_medicaid_eligible,239be8c8c005b939b31e41b63d3d9c094c6a301e60a93092e3ac7af65a2ff275,cf005069f379d417e3274be065641b60c14779d6e1817a078b5769f98c136096,05129d8ff35f463342be0a4de7df777034f2eb1e6b0c7a30dded512ca50d117a
us__scenario_112__head_wic_eligible,c3991638780039d33fe9f6e3c34d50da701f0c919f0f67998e62b5b53d596411,a67037d1bf6467d0560a3fa3d2cf93a456e9ab93be0965f511a08e78413a4989,af1540a6bd56a06d4612d88901d674c3ecb8c313de481fdc4a2ddc51b2d6ffe7
us__scenario_112__payroll_tax,60d96684620fee48910f39733de20767413c14547b1142fb9f6c559244bc7172,62ff4ac380676683da71168ce441119a931c332f23a94ad2fe38deec48b691ef,4c5c936e8adf2a336c08becca075f26cc9cd7f55847e1e821ba27a77024c6283
us__scenario_112__self_employment_tax,92f4fde0e650ff25da9e097ad237c91b7c893d29962e071cabe9ebcab71ff218,2fffa4ac34206dd5c70328cefe0d4856b80f86cf7cd71b7f441abfe294c8f3bd,d6a3b5fbd11536c4b715dd37672bec691bc63511bf662d58d7e66a6adaefc44f
us__scenario_112__snap,7b2426aef957515c82a39e7c7a6834badb9c3b1d312719c5cdc0b56576010dd3,df3b27ef8a1b854dbae0c5f8e2132e226640c8a7a8aabf6b2ac719c64d2b2019,ef91349297861f4925d4a898f8df91db3c380798b4d3fe7c100b30e38b7b1e29
us__scenario_114__federal_income_tax_before_refundable_credits,f98d755ccb7393880d2d4beb211eae3e31ac8664566b4eefe9ce90256bafb98d,f3f1b2562ad3026b07f05a558df7364954c1c2c01f14890bf38cd9fbfda34cd6,de19f7500f9bd16acbb0623c83ae6a4f071c2b776b5576972d3ec54e17ed9bd9
us__scenario_114__federal_refundable_credits,4893ee696228cb54f450e9dc6c27be2f269016891f0fb00d235926b36107118d,67a85e18b6df494d0bea9ea6322784dde7da0013dd82731b1ec49d2b48906f66,cfc453d25519117b019218d2db51f32651c37507f27be9f6bac5dcdb172611e0
us__scenario_114__payroll_tax,728ce80c383ebea347b59f6b25ac22a735cea327de9586aae7a1f47047870fb6,61c5b2d82967d3af7df146d7ea4412e0007c2937109a90087177aea3b7f9f9d4,2e0a7877587e6f0a2f1742a3730967031f5b5dc594ab04f1aa733775bf326834
us__scenario_114__self_employment_tax,976e0494715515829e2ad02f305cc25016077051b55baec3eee1377956c3e8a4,b28a5d2fb6758654353e8be605f64d0a843182a0a08e65b3595e4fe63be5e5c1,7975e6dd2c15b2fb35bfc21332b5e87a48c79685b36014fda8003205de4cd7e7
us__scenario_114__state_income_tax_before_refundable_credits,4ca2b638b013598dba97ef8bb40320a3e9465a60b029e7d47f23c2da1ff70f53,59cf75d07bdc5f09f4c08ddb648f22421d131c0d9dfa29f5fc3e421f8768791e,f905d5f1e4547f7ec23775b441bb6fa87faaa6b362add19453763a412e657dc2
us__scenario_115__head_medicaid_eligible,ecce7759f91e86e416e3790ebd94fd8398dd43380b496474d0517ff5ac21990d,02f548c330509d4f280a34d9e2f7b2b18dfc6b767dce5a51e0e17865eebdfbce,e0e1f3c36300aeb761c961f6f2c774914f09d87a942cbb0d13b032ed98b910ae
us__scenario_115__snap,634c417adf074bdd41cf1d4360f098e38645492ca5e486e05ffd1764bf24f9ec,3ede57fcbd96772eda588d55904edef6c1fcd3fd4c276c5e86df23367026ceb2,34dd567abecad36f4edd9d150388507d9a6f4c4342d9af0a15849171a65b3948
us__scenario_115__state_income_tax_before_refundable_credits,2e824d2a44dedbe009e151ddf4f1a60197a1607b343bf957573f2cb65a320e5f,a0a1a09cf60749ea9f15fe63d23c48935c9753ddd9bf6e642f7cbf670aa5e3cf,3f15f7603b3ac8e644ce8d5f09016c7e13c395b085286a7b9a9dfa05f025f8ad
us__scenario_116__snap,d875ad46611cd5214dfaa9c96d4a3a8821334ab2c97a93394607f17b279f7d8f,6971485bb9b884f5db2b4c85b8031d6f02b12efab642ee87a46ddd72a24b436b,fc8c5747edf6b8bf10bc8683692ef7f3b9533ea6725b70445d9617d28309cb23
us__scenario_116__spouse_medicaid_eligible,14ede8f372d1d4ccc74d4a617692f663b62de35a102b7767aaf6cf4a10a8c7d2,53e47fbabb0aaaf5ad4aad7042e5a579fa726331c69993a8275635d5e6ca3f2e,e8fb30b593b1e9d3be387526a8a979f76fa6109fe1cf4d409f93f53dc05c94dd
us__scenario_116__spouse_medicare_eligible,27d1a59bc663a6554964dcd29381234b41d06cd9126096ab39c321387179a7bb,f3eeb61c01244bd97c131c7e51f5433c8d04751db4d8c89728f88f415892c739,08457d3f7b3987f414c19896a26d39c24281e8e805c29b329f15102aa35bae58
us__scenario_117__child3_early_head_start_eligible,0926d12e2f0241120078e26167ad9cf017333dcb4b8955a2d5a09bf892c007b2,fb8a3a1900d19278385a97eb392b00206f4d61e82f090c754abb697565cb20a1,fa218402276fcda780d63cf57c35e056a76ddfeae49e1e9ea2fb38a88cd3702f
us__scenario_117__child3_head_start_eligible,44703423e85c5569457e69aa31ef80b2659065d6f27fe639e083fbebf58fe5ab,8c0858c6f18e6a21d8b2e443a088a19d25ab0b0c09c0aa10aa25a40a0271335f,dee337c434bbc9ce2ba971608caa33cc63289dec2f55861f7fe07cd5cb0ed42b
us__scenario_117__child3_wic_eligible,31ff794afa1cb3ddb82ead5b6dece0a9b998b02ff644f1214d827f7b6a90d20b,4c82af05c92393e1707d1699f64d3d02619c4a506d76d10ba2ab4e9d4f4165f1,138769e355fb16b7443bc2aac1c09bcb678b23567aaf16190c3c17490f338d7c
us__scenario_117__federal_income_tax_before_refundable_credits,6123f6df5fd412461878c98a36401c51bf811da1fd58ca7e1f0ae15ce913a102,6fe8a0fcffaba12526ecae2c0f791fac636675aa1e1ff426f5864aab90797642,ed056fa9c639778e8394ce205b1e48adbd8d864c9554297d252954fca454f5ba
us__scenario_117__federal_refundable_credits,b0f1d7553d95d493cb21d918e67ffda978fea56f3db7a5f7c6a48ea50230606b,e7d2a782ec4c5074b9650ede908b9a02eb5cb838fddf78745e839b539a6b312c,e3abb9269c6673c9445ced7dc69a8885585c0b3060016866e991e550369b3ce8
us__scenario_117__head_wic_eligible,d65f67cf6634c591eee1aa2dca4f3abb6eab181efbfa9683cd69121f74d78ba3,999b453c4ea5381c95feea026b861503c86c28346fea8abcefb8e3f65a6bc3cd,eef9b33d1aeb8b296d3893ab9c28ade4c1d39158c0a66eb6c6468ec14b82bf96
us__scenario_117__payroll_tax,5723db3827329d4163c1cd858383de1c8f4dc2b7338a45037a2a28ef07b22551,d861a931661c0a076d8ebcb5f3b478231c9e42f94123c61f4135c8dcd41c1bc1,b67244f679992dfb9b7e5152f093c746be045d76ab205c9b4eec1d2fe0b2878c
us__scenario_117__spouse_wic_eligible,3de7fecf4f8871a549d78944fc9fa629faad351400955f029091211d2cef52a5,d3518137770e1e43fafb36317e5a4dd1224f90d663bc6e7f03944820d34a09f9,2a5c5b99e7fc722b38730df06d144c8c04fd968926924f986c6befd9610ae9f6
us__scenario_117__state_income_tax_before_refundable_credits,f2a8b35b0763263cc63247d16622a70b2c5bf6ea46696f5d8dc091ab6ec63915,0d89ac5445eb49c89f75197d3dbd76f8035bc2e351eff44764a490663efb0ad0,b902a1332919834815492ff3c6f4621548498c164f72d40c3e1dfaeee4cbd3a6
us__scenario_118__head_medicaid_eligible,c73817e22dd1584f2bbe2a1f09bca6927748893b5f37a7bede5423cd1acf6f0d,bfb90fee56f8afa66629351f04798ed6818d754c832047dd445170445285a949,d391238f8c05ae59b753ca41f885fd187245a921e8d4704aec1b1ad34ac59b3e
us__scenario_118__payroll_tax,ac99d20fe15a935dd5b988b6dcac640b33c3845851e44786a260727e14f52c85,d6aaec3987c5199e4297fc2d723d03dd240caba24a4f9581a1fbe2c170d6f0fd,d2bd377fc182e8fd47bf837611bbe18f73a43736e0aef04693375c8a49c724b2
us__scenario_118__snap,80cacf91274241d04ba829366a619f8950c4748b5ea0e72aab145a4c5f5c7559,da8e108a324a75da56462cc5359bab742464d566c038a552458d47d949109c8b,21e7313f15050de293e1ca2a02a06244d08e9778cb0d2ffc3effb39285f1de47
us__scenario_118__ssi,519f876cbcaf7c9f8c420b205d6b9688cc92e190e7d2667b4de0113cf33960ca,b9ba12382a09c64ed7b38e1b7847dafd98cade0601e969a273b9c4a974244689,71e920cfbee0360ea19ef947cb44b6555885931daf98c193c287e0e8948be89a
us__scenario_118__state_refundable_credits,255a4d0aacb8f2a9f47c81cda2f3a1512dd03912046179cf20f43403b94447e5,b7f923c1a512c7b94a2273e21d65d636f59069fb5a4aaf54e4fa0ffd54587487,5da5a526a36f77a6dca05e6bc4e0872f704434945976eeddb32cfdad17d79192
us__scenario_119__child1_chip_eligible,380eef556ace7ef7f6bc5d713e5843dd735ad306514c576ff1057355704ad129,17ecdeb200e5875fce56e5e12f275c3330e9e62b756e4953dc2ed5069928886f,65be0fd53043c147c398c74557b2a7363203765f6c6495994e2e3f99d9ce2c52
us__scenario_119__child1_medicaid_eligible,f668ff1e7ae90feca959db659a3ae7454694f0086f0cf96c21aa48fbcd3c37e8,d513b32caf26de5ce33d49f27064fd8be3795cf85bab12eb5a7c2ed57c7d4ecf,bfbc2125fa5b3c77592c5230d9e185989d3a470b47535d42bbd487200e888da5
us__scenario_119__child2_chip_eligible,a9b1e54d772c0f72bd23e442ebcb3e4b2c22424dd8e4b30ffdef6359a3ef7d26,d3145c69dc8724c0cbfca3788c092cc91871ff062710a5159c697e1e49979ab8,387cb9c2a9310eb99987ed67fbfdaecafc7018a08dc6075122bdb0cdf03b0b8c
us__scenario_119__child2_medicaid_eligible,7cb313e5e8fb5d9873baafe18f7267f69f0fa26462027805052b82945c94b108,1186a23be3c19588241bfe8570c02e655f77fcb020fb966268ed6272dacfb313,8ad5e4a19abcef4a1b682669da671e7ef83e657b6dcae8086f75a7c8ce7237fd
us__scenario_119__federal_income_tax_before_refundable_credits,68f748ccbc0a2fc3a151aa72a49c5df3513a500d7daab36adb6fc6f2384abf06,483b63d5796504255a16be834b8d108b39917f05126887cdeb0a6d581eb8e86a,9ce9701c1f18333137468c09c7122243a02a5da02b7981e514ea865557d7cf99
us__scenario_119__federal_refundable_credits,92eb0357c1853eaa2eda73b562a3678e5daea6d386f51c5b9d4dbb143f35c866,a4c92a0da6ff70ba83547bf62db038219b3939471d447938ea84079c7e58143a,e9feac092d653400fd26674e14ab97490e5e42cf870470f40ecf040485fb6a36
us__scenario_119__payroll_tax,cb769fe3086fc959370b9a216a9eae64b73dca1b6cd01b03cd2e3ce043fddab0,7b305387fa263aa1b4a3d182fa86088c6f70a422780c05ceefab428bcae8bc2f,7a4ace71b0be619f95f4fb6451535905fc8a06ec1bba4600f3e3f68aee1a1443
us__scenario_119__reduced_price_school_meals_eligible,71c358e735d0e5b84b1fce88b1b2c6e2fd2a4a7aae846d4ffd6292a0bda5f688,5ef0c626bbd708c1ff5dae3ac9d239f8441037088dc638f482ce246c6ff6e556,f6911fad66b76fd7984c3c9dd758804cdbb61a6dd2d2e33c06c738473a84876d
us__scenario_119__state_income_tax_before_refundable_credits,c48e6209867d555f94796191785c4ba858a759ba6682bb318e1ba6de770b7b83,1128d26b6d3f4197b0ddf1f94e77f8f284fb313494b2e9fdd8ebea6a949453b3,4bc28fb8456f84fc76c1ddfbb58a5b3523e6653d485fea74cd5af50acf350faf
us__scenario_119__state_refundable_credits,22e99c624a5f6c6599bd81f3d2d0d67a9473749458d993376345f8c28ba965e7,868eda6e2844aebab57fb1846c43df17264851f5b97c9d3b4aaf7075ce13015a,86b55ad99b05cbdb5360d05045638728011b669a6d6392693c62328408a34822
us__scenario_120__federal_income_tax_before_refundable_credits,012d13595fe64ba4cc4cdac71bb0f0fdb2051f8748a168c00565a136e64902ec,918306009e82bcc7ae5fd17b491f8a6c64aa8530cbe7af9c2670514f3e8225cd,55a6de948d7632f2a6ab294343366445cc9cf8eff5b32d165728c8f4c01f007a
us__scenario_120__head_medicare_eligible,38423457f0d2f776538ce275d1e8d4614066e17bd7c163adcaf72765980cc522,eeb633fc78773bcd0efed8dd71893b20fa0213a5605078c0a2c01eaa9bb128c8,3ee2b360a227e9011bacc4ddd77d4f7fdec6e12d783a6038fc6508b06405da90
us__scenario_120__payroll_tax,af64c38301ebd57c7ada7c7d4b70208c0e83e1d6189950e7a4dcf507964987d0,6538f4744110d18408406d4048a7825188f3f5f7915bb5a4ea0594b55943b133,f64063fdb0b20e1170e6b7a443da4f87498139d4933198f94e216793b5d89145
us__scenario_120__state_income_tax_before_refundable_credits,d64e69903ede752777ef8919518466d85e9ee12ef2a1a2da6a1163e58ed593e9,40cf423750666c61604f52b14f3ee8bc5ab0dd09b6afbf207b0d9c18b215929e,8773b3f03a6a3ff6c66b8c07cb97820b107a541f86f79502e04951a8b021bd7c
us__scenario_121__federal_income_tax_before_refundable_credits,61bfca59d67cc2550a0886929d585cd61b021edbf52e10b02a116c6eab77cf70,ec63cc2614dabc2731ae4cd4c2aaf51ff02a2bdfe46e944b673d4d3db7425b36,2c0caf2e591d652ada392daf415a0a97305fc5fdbdc1640800cd2b8455cb200e
us__scenario_121__federal_refundable_credits,21245c794e7489d82d006c47eb91924e7adf2641c548f97a077a37fd96152dfd,172a7cc3c7dc2766ed07f83ffd2fd74afa82fa4903585a1973982dc6fef8e94c,fcf952ee04821c9b4724f31ff7575af210602b95f7c73755f464509638ebde6e
us__scenario_121__head_medicaid_eligible,f1d2f12bbacc579e157d86e1c3ba16e03e842336293472f8d256c129adb3b4b9,72fbf4afa7aaf9bc3d5898710bac6ea7e3d7a5effb3fa7270abecb173b859f31,fc9419fa6e9899666214f04a4903f80dd52f2f6e53823b0a25261da4e31dcc13
us__scenario_121__head_medicare_eligible,4ad89400a3b2df1e8aef7ca57ba6a4f9cd615197682d876927b147872aedd4bf,435f32119d5e958a39d1a4fdd24825de98d3f749cc3aecc6b89815ab452c3d59,f12840fdb92023e37d860bd50c96d106651eda12d3b21ff5ee79ccaed7860c5f
us__scenario_121__payroll_tax,640422209d50a59709a5d256d27a53027530bcc184a59d09704b2abe58ad7d09,66b09cf08016c1dc3370ec43fede9a05b96ebc5e009ae2756e067fcf1aa6e9db,f2822fd100a2a171dd39e12c611d0da0c2f50456bbc06ba6ee144f831a06d8a4
us__scenario_121__snap,f111e1a6556abc797106c9b94f0803cf5ddc9b86506f50d6ad27abda84a2d0de,c258f442e8185f21a2a664e06e5e7869bcb7a1620fa39ae4633bba3a03cb03b5,8cb5733ec68cbcb847a7c6a56d3e03fcaeb2cd667fc3bfbdffa88de6536b52d4
us__scenario_121__state_income_tax_before_refundable_credits,ce60fe57a06785eb16d777ea41b1cd3c9a76e1982937a20d627a5a68c819c61f,a8b657c3e9398e752ec8ab3cf4d875ba203398c56ba07803b1a6b0ffc7533375,1f7382f6ddab52581c8670769783caa1a629ca5a9b9e2c681699d89e49d0cc81
us__scenario_122__federal_income_tax_before_refundable_credits,1651e5d2391184bd11a1c8daa6b35992e02f055052b9585172fac9142b3c3be1,8dbaf3a0688ebc840977f814d334aa59e4ddc6a4469af9be8e002f3fc321ea85,95768306d0add2d051740820305d2afdceefe168727c4ab293e572c4a6753ed4
us__scenario_122__head_medicaid_eligible,9cb1915eea284a648754090f09defe9de9174b415c189f7fbe36e396b2cc153f,f33e1094f352c7a871ac9bddd720e1a9cf13c42735d4cbcc766bb5775599be76,9cb6ec95397992176497ebfbd531e9b1d57936b88a56fd6a68102b2a394686e5
us__scenario_122__payroll_tax,6194402baac22b4f36529d9b2ff9da2c38282f5954eec05586484ffb93af6ba9,8b7cfde758ff2f97f0bc27f7eda3f2326f9a04ff7ca3d277ef9ff936dbed67b3,f89d9a4a60ca0ad5b99981a3e4743447119f2290c1599bb9731447a2f340680a
us__scenario_122__state_income_tax_before_refundable_credits,d2308ad10853c665e416837d89378c501e11d8cb290f5b700f55b595cb19582e,e4876cca5459dcbfd3b41a89d7f035579e4ec7b4d82eda5bb0348845112cf4e0,276af95f09409ca98b6a356b53c8b8692607eb5e03347a5490bd653c7be6329f
us__scenario_122__state_refundable_credits,b032c5c37245f6c6c08e03b129af3c18af4f5095260eb2315c74fae180986175,d04072605a758bf7afdef0d7bd603251a3594b41f84b4d7c4d34118c1787cf0b,4219fe72b0a9b63283e79e65942f917b6687dfd9bc94e05858f9b4d3298f69d8
us__scenario_123__child1_chip_eligible,396ea9294f25df4757accd3fa501d5116ab243cfd339fa977f462450b459067d,655d730efd8a49a87d1448fd3a55ff88b9872ab3bd5b72cf5450350f7bc8ad23,557df466a5e6d015b386f3266fd25d81f2be365c172349362b04c2703b49f9bb
us__scenario_123__federal_income_tax_before_refundable_credits,2d1f922cc7bf87e76432cd80337e1344076b206e42435d2c5a12b7e06a6fbd76,0a87767581bd3f0f1355051b8222338cbca68b62a4171df9381e1a62cb3f0ebb,942fe1c4f47d91937adf5aa62e3e8ed2ea0900d70bb03a52537c622bf96ed153
us__scenario_123__federal_refundable_credits,1b4e0478dd57381352d13443a3bb844989a26c0843514ebb45d2a142d0653232,a9abcef52c7be874497616bf1ce520817ca82b28aadba529c84c2bffd47fa435,83133fa271cd89ae258a716b1fb4a05d55817738a4ebcaa7cbfae13ef61da792
us__scenario_123__head_medicaid_eligible,bcff1a25f1f72e5213b3c6611ef16ca31b2f8bf6f89a2fa9376e171df6866671,746a18bf8fd8d6650ea14f83587282a4119c5a7a4e053619f18a86b11b82f84c,a22aa0867a4017860b0e5945d64fe9c25adceed507a799ee838093ade35c841d
us__scenario_123__local_income_tax,73d046ea1cd007f5d7371adfc9df36cc8ef4abb512879b2d82ec9d6885d75bc3,a5aa6a1188d8fda5e8d7872e1724e0403e7114749df22a94769458369a2b5e6d,275fb31586c63c8e3a10293bd34ed10726d3b3e98b8383aa122db4f34d7aed75
us__scenario_123__payroll_tax,bdfa2aab60f42aaa803c2a2bf0deb2a4afab3f5edab46391e592ca7908d8c298,5cb7217c4b2d00506c5af57448942416f137f84d588a7401303702815464328b,8bc859f1f8ddd9bf8dbba02a6e0507cd738d9fe4dcc146e71d03f562a9a0c69d
us__scenario_123__spouse_medicaid_eligible,0ea7b3c8cc4c093da15503cb7cfaf83494a83b12184a598bd2138df85b630449,40d4250a45815d85b6550450c375aa9390128d15b3c74eddad4687365e5ab3cf,603fad29d79279fb10b6676a6d41cc240e5607791d11b67e694a560c62e804bb
us__scenario_123__state_income_tax_before_refundable_credits,5e8b8a612737185ee515dd1fc60f75531effd3a0f63b2b298ee2c865e7ddcc9f,97d4f13045ec4d3349b46475397beea403ec3a464b27e67d651dd4a732282bfd,22dd0ee8c341f6af5b62a3ec747af9e501d6c0f06e52382bbffb9eb45854ffa4
