variable,mean_score,mean_exact,mean_within_1pct,mean_within_5pct,mean_mae,mean_mape,mean_within_10pct,mean_accuracy,mean_coverage,total_n,parsed_n
capital_gains_tax,0.9158333333333334,0.9083333333333333,0.9108333333333333,0.9183333333333333,753.0960501566569,0.5171142379253414,0.9258333333333333,,1.0,1200,1200
child_benefit,0.8416666666666667,0.7683333333333334,0.7858333333333333,0.8925000000000001,93.3818194498698,0.18303080725215878,0.9199999999999999,,1.0,1200,1200
income_tax,0.379375,0.25833333333333336,0.2783333333333333,0.4008333333333333,2478.626923116048,0.3240172675106318,0.58,,1.0,1200,1200
national_insurance,0.48854166666666665,0.395,0.40166666666666667,0.5341666666666667,481.9974340464408,65.31354567312204,0.6233333333333333,,1.0,1200,1200
pension_credit,0.9270833333333334,0.9266666666666666,0.9266666666666666,0.9274999999999999,545.5421658203126,0.8627055942771876,0.9274999999999999,,1.0,1200,1200
pip,0.7399999999999999,0.7399999999999999,0.7399999999999999,0.7399999999999999,2673.296375,,0.7399999999999999,,1.0,1200,1200
universal_credit,0.8147916666666667,0.7999999999999999,0.8041666666666667,0.82,1409.8326588867187,0.6757898285401084,0.835,,1.0,1200,1200
