variable,mean_score,mean_exact,mean_within_1pct,mean_within_5pct,mean_mae,mean_mape,mean_within_10pct,mean_accuracy,mean_coverage,total_n,parsed_n
capital_gains_tax,0.9158333333333334,0.9083333333333333,0.9108333333333333,0.9183333333333333,753.0960501566569,0.5171142379253414,0.9258333333333333,,1.0,1200,1200
child_benefit,0.8447916666666666,0.7600000000000001,0.7816666666666667,0.9025,82.52483928222657,0.1666682191233754,0.935,,1.0,1200,1200
income_tax,0.385,0.25,0.2683333333333333,0.42250000000000004,2537.2792146769207,0.3219194855907101,0.5991666666666666,,1.0,1200,1200
national_insurance,0.48854166666666665,0.395,0.40166666666666667,0.5341666666666667,481.9974340464408,65.31354567312204,0.6233333333333333,,1.0,1200,1200
pension_credit,0.945,0.9433333333333334,0.9433333333333334,0.945,332.58798076171877,0.7029705634272125,0.9483333333333333,,1.0,1200,1200
pip,0.8125,0.73,0.7575,0.8716666666666667,670.9404836588542,0.24862100705384474,0.8908333333333333,,1.0,1200,1200
universal_credit,0.8145833333333333,0.7999999999999999,0.8033333333333333,0.82,1457.390891048177,0.6787705661653006,0.835,,1.0,1200,1200
