model,mean_score,mean_exact,mean_within_1pct,mean_within_5pct,mean_mae,mean_mape,mean_within_10pct,mean_accuracy,mean_coverage,total_n,parsed_n
gemini-3.1-pro-preview,0.7278846153846155,0.6730769230769231,0.6976923076923077,0.75,3265.4493219367973,0.8041435032915502,0.7907692307692307,0.905,1.0,1300,1300
gemini-3-flash-preview,0.693076923076923,0.6476923076923077,0.6676923076923077,0.7115384615384616,2704.3685924961387,4.792216141081951,0.7453846153846153,0.88,1.0,1300,1300
gpt-5.4,0.6751923076923076,0.6346153846153846,0.6515384615384616,0.6938461538461538,4528.443054036478,4.845003063777505,0.7207692307692307,0.86,1.0,1300,1300
gemini-3.1-flash-lite-preview,0.6553846153846153,0.6146153846153847,0.6315384615384616,0.6684615384615384,4362.6691927797165,7.7453909952174795,0.7069230769230769,0.87,1.0,1300,1300
claude-sonnet-4.6,0.6517307692307692,0.6176923076923077,0.6315384615384616,0.6623076923076923,4552.897529682308,4.873093719446005,0.6953846153846153,0.88,0.9976923076923078,1300,1297
gpt-5.4-mini,0.6459615384615384,0.6192307692307693,0.6330769230769231,0.6553846153846153,8328.791597153591,4.8555836129569965,0.6761538461538461,0.83,1.0,1300,1300
claude-opus-4.6,0.6434615384615385,0.5992307692307692,0.6153846153846154,0.6623076923076923,4053.0815526854985,6.632960551549212,0.696923076923077,0.875,0.9753846153846154,1300,1268
claude-haiku-4.5,0.6174999999999999,0.5907692307692307,0.6023076923076923,0.62,5370.812742415971,12.137593450653581,0.6569230769230768,0.87,1.0,1300,1300
gpt-5.4-nano,0.6046153846153846,0.5938461538461538,0.5961538461538461,0.6061538461538462,11739.555371098151,1.442531535152511,0.6223076923076923,0.7949999999999999,1.0,1300,1300
