model,total_rows,parsed_rows,error_rows,total_provider_reported_cost_usd,total_reconstructed_cost_usd,total_cost_usd,estimated_cost_rows,total_estimated_cost_usd,total_elapsed_seconds,prompt_tokens,completion_tokens,total_tokens,reasoning_tokens,cached_prompt_tokens
claude-haiku-4.5,1300,1300,0,,0.4842659999999393,0.4842659999999393,1300,0.4842659999999393,236.8352681259857,314456.0,33962.0,348418.0,0.0,0.0
claude-opus-4.6,1300,1268,52,,2.4965099999999456,2.4965099999999456,1300,2.4965099999999456,396.64631412900053,325807.0,34699.0,360506.0,0.0,0.0
claude-sonnet-4.6,1300,1297,13,,1.4598569999999378,1.4598569999999378,1300,1.4598569999999378,398.42618120809493,318399.0,33644.0,352043.0,0.0,0.0
gemini-3-flash-preview,1300,1300,0,,0.1040855,0.1040855,1300,0.1040855,151.21365896094352,89887.0,19714.0,109601.0,,
gemini-3.1-flash-lite-preview,1300,1300,0,,0.06899425000000001,0.06899425000000001,1300,0.06899425000000001,191.6536974589689,89887.0,31015.0,120902.0,12911.0,
gemini-3.1-pro-preview,1300,1300,0,,1.4924659999999386,1.4924659999999386,1300,1.4924659999999386,524.7985924539898,89887.0,109391.0,199278.0,90550.0,
gpt-5.4,1300,1300,0,,0.39827249999994474,0.39827249999994474,1300,0.39827249999994474,213.53591429299553,92907.0,11067.0,103974.0,0.0,0.0
gpt-5.4-mini,1300,1300,0,,0.1189912499999874,0.1189912499999874,1300,0.1189912499999874,118.61442187899951,92907.0,10958.0,103865.0,0.0,0.0
gpt-5.4-nano,1300,1300,0,,0.03232515,0.03232515,1300,0.03232515,146.11663620804023,92907.0,10995.0,103902.0,0.0,0.0
