variable,mean_score,mean_exact,mean_within_1pct,mean_within_5pct,mean_mae,mean_mape,mean_within_10pct,mean_accuracy,mean_coverage,total_n,parsed_n
capital_gains_tax,0.9251785714285715,0.9185714285714287,0.9207142857142857,0.9278571428571428,500.5442241333008,0.46101236546264585,0.9335714285714286,,1.0,1400,1400
child_benefit,0.7746428571428572,0.6307142857142857,0.6507142857142857,0.8892857142857142,97.33950181361607,0.1182874527957873,0.9278571428571428,,1.0,1400,1400
income_tax,0.3514285714285714,0.21428571428571427,0.26571428571428574,0.3892857142857143,1813.8215681374684,0.3918060012146527,0.5364285714285714,,1.0,1400,1400
national_insurance,0.5419642857142858,0.4428571428571429,0.43928571428571433,0.5771428571428572,353.1414882206815,80.98226022780524,0.7085714285714285,,1.0,1400,1400
pension_credit,0.9326785714285714,0.9321428571428572,0.9321428571428572,0.9328571428571429,453.3032439732143,0.8821788859313812,0.9335714285714286,,1.0,1400,1400
pip,0.9821428571428571,0.9821428571428571,0.9821428571428571,0.9821428571428571,91.70974285714284,,0.9821428571428571,,1.0,1400,1400
universal_credit,0.7944642857142857,0.7742857142857142,0.7821428571428573,0.7985714285714286,1235.7010554017857,0.5389857028352214,0.8228571428571428,,1.0,1400,1400
