variable,mean_score,mean_exact,mean_within_1pct,mean_within_5pct,mean_mae,mean_mape,mean_within_10pct,mean_accuracy,mean_coverage,total_n,parsed_n
capital_gains_tax,0.831875,0.8258333333333333,0.8275,0.8341666666666666,594.7534791491458,0.4761897990433304,0.84,,0.8891666666666667,1200,1067
child_benefit,0.6939583333333333,0.5691666666666667,0.5908333333333333,0.7891666666666667,94.37158936475157,0.11853975291855129,0.8266666666666667,,0.8925,1200,1071
income_tax,0.31416666666666665,0.1975,0.24416666666666667,0.3466666666666667,2137.0377231459674,0.41759766420893146,0.4683333333333333,,0.8766666666666666,1200,1052
national_insurance,0.4922916666666666,0.4058333333333333,0.4008333333333333,0.5233333333333333,370.4894967486353,57.076257469626604,0.6391666666666667,,0.8908333333333333,1200,1069
pension_credit,0.8277083333333333,0.8275,0.8275,0.8275,510.67731702837654,0.9234543859166536,0.8283333333333333,,0.8925,1200,1071
pip,0.8825,0.8825,0.8825,0.8825,45.58066375576298,,0.8825,,0.8916666666666666,1200,1070
universal_credit,0.7060416666666667,0.6875,0.695,0.71,1250.0129477197831,0.5886038409927913,0.7316666666666666,,0.8841666666666667,1200,1061
