variable,mean_score,mean_exact,mean_within_1pct,mean_within_5pct,mean_mae,mean_mape,mean_within_10pct,mean_accuracy,mean_coverage,total_n,parsed_n
capital_gains_tax,0.9260416666666668,0.9183333333333333,0.9208333333333334,0.9291666666666667,501.83842362060545,0.48244980368563367,0.9358333333333334,,1.0,1200,1200
child_benefit,0.7712500000000001,0.6308333333333334,0.6541666666666667,0.8775,103.16479803059896,0.12428265228138358,0.9225,,1.0,1200,1200
income_tax,0.3425,0.215,0.26416666666666666,0.37666666666666665,1964.8708138061522,0.42702169266319095,0.5141666666666667,,1.0,1200,1200
national_insurance,0.5366666666666666,0.44333333333333336,0.4391666666666667,0.5691666666666667,382.06874079389075,86.61840918565947,0.695,,1.0,1200,1200
pension_credit,0.9310416666666667,0.9308333333333333,0.9308333333333333,0.9308333333333333,477.20906744791665,0.9234543859166536,0.9316666666666666,,1.0,1200,1200
pip,0.9899999999999999,0.9899999999999999,0.9899999999999999,0.9899999999999999,46.8177,,0.9899999999999999,,1.0,1200,1200
universal_credit,0.7925,0.7733333333333334,0.7808333333333334,0.7966666666666667,1349.4087855338541,0.5741537491104326,0.8191666666666667,,1.0,1200,1200
