variable,mean_score,mean_exact,mean_within_1pct,mean_within_5pct,mean_threshold_score,mean_mae,mean_mape,mean_within_10pct,mean_accuracy,mean_coverage,total_n,parsed_n
capital_gains_tax,0.9721291095305881,0.9184615384615386,0.9207692307692308,0.9307692307692308,0.926923076923077,469.1828392812876,0.4595243288989636,0.9376923076923076,,1.0,1300,1300
child_benefit,0.9561832783559848,0.6307692307692307,0.6523076923076924,0.8861538461538461,0.774423076923077,98.0704769906851,0.1184235720108519,0.9284615384615384,,1.0,1300,1300
income_tax,0.736376976623098,0.21461538461538462,0.26692307692307693,0.3823076923076923,0.34673076923076923,1897.410340901771,0.4098399141621273,0.5230769230769231,,1.0,1300,1300
national_insurance,0.8258100647618171,0.44461538461538463,0.4407692307692308,0.573076923076923,0.5405769230769231,365.9775762294178,80.57956818470187,0.7038461538461539,,1.0,1300,1300
pension_credit,0.9367869475083505,0.9315384615384615,0.9315384615384615,0.9315384615384615,0.9317307692307693,472.1327216083233,0.9199972817728863,0.9323076923076923,,1.0,1300,1300
pip,0.9884615384615384,0.99,0.99,0.99,0.99,49.21633846153846,,0.99,,1.0,1300,1300
universal_credit,0.8687628521633369,0.7730769230769231,0.78,0.7984615384615386,0.7934615384615384,1286.5264558473557,0.5498637718063984,0.8223076923076923,,1.0,1300,1300
