variable,mean_score,mean_exact,mean_within_1pct,mean_within_5pct,mean_threshold_score,mean_mae,mean_mape,mean_within_10pct,mean_accuracy,mean_coverage,total_n,parsed_n
capital_gains_tax,0.9728020860774098,0.9184615384615386,0.9215384615384615,0.9346153846153846,0.9284615384615384,449.16549891169626,0.4511121220636918,0.9392307692307693,,1.0,1300,1300
child_benefit,0.9554400401642825,0.6461538461538462,0.6515384615384616,0.7646153846153846,0.7478846153846154,99.95388275240384,0.1204323238803176,0.9292307692307692,,1.0,1300,1300
income_tax,0.7632626899559241,0.24153846153846154,0.2946153846153846,0.41615384615384615,0.37692307692307697,1831.5934513519287,0.38858213887257437,0.5553846153846154,,1.0,1300,1300
national_insurance,0.8321053516783633,0.44,0.44153846153846155,0.5753846153846154,0.5415384615384615,359.8360351536678,0.5153222372052612,0.7092307692307693,,1.0,1300,1300
pension_credit,0.946235577932547,0.9400000000000001,0.9400000000000001,0.9407692307692308,0.9409615384615384,271.07674825721153,0.896610221228183,0.943076923076923,,1.0,1300,1300
pip,0.9884615384615384,0.99,0.99,0.99,0.99,49.21633846153846,,0.99,,1.0,1300,1300
universal_credit,0.8676901722251423,0.7730769230769231,0.7769230769230769,0.7976923076923078,0.7923076923076924,1293.963750528846,0.5583129687933179,0.8215384615384616,,1.0,1300,1300
