scenario_id,variable,state,v11_1755,board_20260922c,raw_2_15_17,conventions,final,reference,excluded,cluster,action,moved_vs_board
scenario_000,federal_income_tax_before_refundable_credits,TX,2883.49365234375,2906.45361328125,2906.45361328125,2906.45361328125,2906.45361328125,2906.45361328125,False,,,False
scenario_000,federal_refundable_credits,TX,0.0,0.0,0.0,0.0,0.0,0.0,False,,,False
scenario_000,free_school_meals_eligible,TX,0.0,0.0,0.0,0.0,0.0,0.0,False,,,False
scenario_000,head_chip_eligible,TX,0.0,0.0,0.0,0.0,0.0,0.0,False,,,False
scenario_000,head_medicaid_eligible,TX,0.0,0.0,0.0,0.0,0.0,0.0,False,,,False
scenario_000,head_medicare_eligible,TX,1.0,1.0,1.0,1.0,1.0,1.0,False,,,False
scenario_000,head_wic_eligible,TX,0.0,0.0,0.0,0.0,0.0,0.0,False,,,False
scenario_000,local_income_tax,TX,0.0,0.0,0.0,0.0,0.0,0.0,False,,,False
scenario_000,payroll_tax,TX,0.0,0.0,0.0,0.0,0.0,0.0,False,,,False
scenario_000,reduced_price_school_meals_eligible,TX,0.0,0.0,0.0,0.0,0.0,0.0,False,,,False
scenario_000,self_employment_tax,TX,0.0,0.0,0.0,0.0,0.0,0.0,False,,,False
scenario_000,snap,TX,0.0,0.0,0.0,0.0,0.0,0.0,False,,,False
scenario_000,ssi,TX,0.0,0.0,0.0,0.0,0.0,0.0,False,,,False
scenario_000,state_income_tax_before_refundable_credits,TX,0.0,0.0,0.0,0.0,0.0,0.0,False,,,False
scenario_000,state_refundable_credits,TX,0.0,0.0,0.0,0.0,0.0,0.0,False,,,False
scenario_000,tanf,TX,0.0,0.0,0.0,0.0,0.0,0.0,False,,,False
scenario_001,federal_income_tax_before_refundable_credits,VA,0.0,0.0,0.0,0.0,0.0,0.0,False,,,False
scenario_001,federal_refundable_credits,VA,0.0,0.0,0.0,0.0,0.0,0.0,False,,,False
scenario_001,free_school_meals_eligible,VA,0.0,0.0,0.0,0.0,0.0,0.0,False,,,False
scenario_001,head_chip_eligible,VA,0.0,0.0,0.0,0.0,0.0,0.0,False,,,False
scenario_001,head_medicaid_eligible,VA,0.0,0.0,0.0,0.0,0.0,0.0,False,,,False
scenario_001,head_medicare_eligible,VA,1.0,1.0,1.0,1.0,1.0,1.0,False,,,False
scenario_001,head_wic_eligible,VA,0.0,0.0,0.0,0.0,0.0,0.0,False,,,False
scenario_001,local_income_tax,VA,0.0,0.0,0.0,0.0,0.0,0.0,False,,,False
scenario_001,payroll_tax,VA,2223.393798828125,2223.393798828125,2223.393798828125,2223.393798828125,2223.393798828125,2223.393798828125,False,,,False
scenario_001,reduced_price_school_meals_eligible,VA,0.0,0.0,0.0,0.0,0.0,0.0,False,,,False
scenario_001,self_employment_tax,VA,0.0,0.0,0.0,0.0,0.0,0.0,False,,,False
scenario_001,snap,VA,0.0,0.0,0.0,0.0,0.0,0.0,False,,,False
scenario_001,spouse_chip_eligible,VA,0.0,0.0,0.0,0.0,0.0,0.0,False,,,False
scenario_001,spouse_medicaid_eligible,VA,0.0,0.0,0.0,0.0,0.0,0.0,False,,,False
scenario_001,spouse_medicare_eligible,VA,1.0,1.0,1.0,1.0,1.0,1.0,False,,,False
scenario_001,spouse_wic_eligible,VA,0.0,0.0,0.0,0.0,0.0,0.0,False,,,False
scenario_001,ssi,VA,0.0,0.0,0.0,0.0,0.0,0.0,False,,,False
scenario_001,state_income_tax_before_refundable_credits,VA,0.0,0.0,0.0,0.0,0.0,0.0,False,,,False
scenario_001,state_refundable_credits,VA,0.0,0.0,0.0,0.0,0.0,0.0,False,,,False
scenario_001,tanf,VA,0.0,0.0,0.0,0.0,0.0,0.0,False,,,False
scenario_002,federal_income_tax_before_refundable_credits,WA,0.0,0.0,0.0,0.0,0.0,0.0,True,,,False
scenario_002,federal_refundable_credits,WA,0.0,0.0,0.0,0.0,0.0,0.0,False,,,False
scenario_002,free_school_meals_eligible,WA,0.0,0.0,0.0,0.0,0.0,0.0,False,,,False
scenario_002,head_chip_eligible,WA,0.0,0.0,0.0,0.0,0.0,0.0,False,,,False
scenario_002,head_medicaid_eligible,WA,0.0,0.0,0.0,0.0,0.0,0.0,False,,,False
scenario_002,head_medicare_eligible,WA,1.0,1.0,1.0,1.0,1.0,1.0,False,,,False
scenario_002,head_wic_eligible,WA,0.0,0.0,0.0,0.0,0.0,0.0,False,,,False
scenario_002,local_income_tax,WA,0.0,0.0,0.0,0.0,0.0,0.0,False,,,False
scenario_002,payroll_tax,WA,0.0,0.0,0.0,0.0,0.0,0.0,False,,,False
scenario_002,reduced_price_school_meals_eligible,WA,0.0,0.0,0.0,0.0,0.0,0.0,False,,,False
scenario_002,self_employment_tax,WA,0.0,0.0,0.0,0.0,0.0,0.0,False,,,False
scenario_002,snap,WA,0.0,0.0,0.0,0.0,0.0,0.0,False,,,False
scenario_002,spouse_chip_eligible,WA,0.0,0.0,0.0,0.0,0.0,0.0,False,,,False
scenario_002,spouse_medicaid_eligible,WA,0.0,0.0,0.0,0.0,0.0,0.0,False,,,False
scenario_002,spouse_medicare_eligible,WA,1.0,1.0,1.0,1.0,1.0,1.0,False,,,False
scenario_002,spouse_wic_eligible,WA,0.0,0.0,0.0,0.0,0.0,0.0,False,,,False
scenario_002,ssi,WA,0.0,0.0,0.0,0.0,0.0,0.0,False,,,False
scenario_002,state_income_tax_before_refundable_credits,WA,0.0,0.0,0.0,0.0,0.0,0.0,False,,,False
scenario_002,state_refundable_credits,WA,0.0,0.0,0.0,0.0,0.0,0.0,False,,,False
scenario_002,tanf,WA,0.0,0.0,0.0,0.0,0.0,0.0,False,,,False
scenario_003,federal_income_tax_before_refundable_credits,TX,22154.69921875,22154.69921875,22154.69921875,22154.69921875,22154.69921875,22154.69921875,True,,,False
scenario_003,federal_refundable_credits,TX,0.0,0.0,0.0,0.0,0.0,0.0,False,,,False
scenario_003,free_school_meals_eligible,TX,0.0,0.0,0.0,0.0,0.0,0.0,False,,,False
scenario_003,head_chip_eligible,TX,0.0,0.0,0.0,0.0,0.0,0.0,False,,,False
scenario_003,head_medicaid_eligible,TX,0.0,0.0,0.0,0.0,0.0,0.0,False,,,False
scenario_003,head_medicare_eligible,TX,0.0,0.0,0.0,0.0,0.0,0.0,False,,,False
scenario_003,head_wic_eligible,TX,0.0,0.0,0.0,0.0,0.0,0.0,False,,,False
scenario_003,local_income_tax,TX,0.0,0.0,0.0,0.0,0.0,0.0,False,,,False
scenario_003,payroll_tax,TX,0.0,0.0,0.0,0.0,0.0,0.0,False,,,False
scenario_003,reduced_price_school_meals_eligible,TX,0.0,0.0,0.0,0.0,0.0,0.0,False,,,False
scenario_003,self_employment_tax,TX,0.0,0.0,0.0,0.0,0.0,0.0,False,,,False
scenario_003,snap,TX,0.0,0.0,0.0,0.0,0.0,0.0,False,,,False
scenario_003,spouse_chip_eligible,TX,0.0,0.0,0.0,0.0,0.0,0.0,False,,,False
scenario_003,spouse_medicaid_eligible,TX,0.0,0.0,0.0,0.0,0.0,0.0,False,,,False
scenario_003,spouse_medicare_eligible,TX,0.0,0.0,0.0,0.0,0.0,0.0,False,,,False
scenario_003,spouse_wic_eligible,TX,0.0,0.0,0.0,0.0,0.0,0.0,False,,,False
scenario_003,ssi,TX,0.0,0.0,0.0,0.0,0.0,0.0,False,,,False
scenario_003,state_income_tax_before_refundable_credits,TX,0.0,0.0,0.0,0.0,0.0,0.0,False,,,False
scenario_003,state_refundable_credits,TX,0.0,0.0,0.0,0.0,0.0,0.0,False,,,False
scenario_003,tanf,TX,0.0,0.0,0.0,0.0,0.0,0.0,False,,,False
scenario_004,federal_income_tax_before_refundable_credits,NY,0.0,0.0,0.0,0.0,0.0,0.0,False,,,False
scenario_004,federal_refundable_credits,NY,0.0,0.0,0.0,0.0,0.0,0.0,False,,,False
scenario_004,free_school_meals_eligible,NY,0.0,0.0,0.0,0.0,0.0,0.0,False,,,False
scenario_004,head_chip_eligible,NY,0.0,0.0,0.0,0.0,0.0,0.0,False,,,False
scenario_004,head_medicaid_eligible,NY,0.0,0.0,0.0,0.0,0.0,0.0,False,,,False
scenario_004,head_medicare_eligible,NY,0.0,0.0,0.0,0.0,0.0,0.0,False,,,False
scenario_004,head_wic_eligible,NY,0.0,0.0,0.0,0.0,0.0,0.0,False,,,False
scenario_004,local_income_tax,NY,0.0,0.0,0.0,0.0,0.0,0.0,False,,,False
scenario_004,payroll_tax,NY,0.0,0.0,0.0,0.0,0.0,0.0,False,,,False
scenario_004,reduced_price_school_meals_eligible,NY,0.0,0.0,0.0,0.0,0.0,0.0,False,,,False
scenario_004,self_employment_tax,NY,0.0,0.0,0.0,0.0,0.0,0.0,False,,,False
scenario_004,snap,NY,0.0,0.0,0.0,0.0,0.0,0.0,False,,,False
scenario_004,spouse_chip_eligible,NY,0.0,0.0,0.0,0.0,0.0,0.0,False,,,False
scenario_004,spouse_medicaid_eligible,NY,0.0,0.0,0.0,0.0,0.0,0.0,False,,,False
scenario_004,spouse_medicare_eligible,NY,0.0,0.0,0.0,0.0,0.0,0.0,False,,,False
scenario_004,spouse_wic_eligible,NY,0.0,0.0,0.0,0.0,0.0,0.0,False,,,False
scenario_004,ssi,NY,0.0,0.0,0.0,0.0,0.0,0.0,False,,,False
scenario_004,state_income_tax_before_refundable_credits,NY,0.0,0.0,0.0,0.0,0.0,0.0,False,,,False
scenario_004,state_refundable_credits,NY,0.0,0.0,0.0,0.0,0.0,0.0,False,,,False
scenario_004,tanf,NY,0.0,0.0,0.0,0.0,0.0,0.0,False,,,False
scenario_005,federal_income_tax_before_refundable_credits,CA,106505.8984375,106505.8984375,107833.15625,107833.15625,107833.15625,106505.8984375,True,excl_r02_ira_219g_federal,keep_excluded,True
scenario_005,federal_refundable_credits,CA,0.0,0.0,0.0,0.0,0.0,0.0,False,,,False
scenario_005,free_school_meals_eligible,CA,0.0,0.0,0.0,0.0,0.0,0.0,False,,,False
scenario_005,head_chip_eligible,CA,0.0,0.0,0.0,0.0,0.0,0.0,False,,,False
scenario_005,head_medicaid_eligible,CA,0.0,0.0,0.0,0.0,0.0,0.0,False,,,False
scenario_005,head_medicare_eligible,CA,0.0,0.0,0.0,0.0,0.0,0.0,False,,,False
scenario_005,head_wic_eligible,CA,0.0,0.0,0.0,0.0,0.0,0.0,False,,,False
scenario_005,local_income_tax,CA,0.0,0.0,0.0,0.0,0.0,0.0,False,,,False
scenario_005,payroll_tax,CA,36044.0,36044.0,36044.0,36044.0,36044.0,36044.0,False,,,False
scenario_005,reduced_price_school_meals_eligible,CA,0.0,0.0,0.0,0.0,0.0,0.0,False,,,False
scenario_005,self_employment_tax,CA,0.0,0.0,0.0,0.0,0.0,0.0,False,,,False
scenario_005,snap,CA,0.0,0.0,0.0,0.0,0.0,0.0,False,,,False
scenario_005,spouse_chip_eligible,CA,0.0,0.0,0.0,0.0,0.0,0.0,False,,,False
scenario_005,spouse_medicaid_eligible,CA,0.0,0.0,0.0,0.0,0.0,0.0,False,,,False
scenario_005,spouse_medicare_eligible,CA,0.0,0.0,0.0,0.0,0.0,0.0,False,,,False
scenario_005,spouse_wic_eligible,CA,0.0,0.0,0.0,0.0,0.0,0.0,False,,,False
scenario_005,ssi,CA,0.0,0.0,0.0,0.0,0.0,0.0,False,,,False
scenario_005,state_income_tax_before_refundable_credits,CA,41051.51171875,41051.51171875,40986.8671875,41267.01171875,41267.01171875,41051.51171875,True,excl_r11_ca_itemized_conformity,keep_excluded,True
scenario_005,state_refundable_credits,CA,0.0,0.0,0.0,0.0,0.0,0.0,False,,,False
scenario_005,tanf,CA,0.0,0.0,0.0,0.0,0.0,0.0,False,,,False
scenario_007,federal_income_tax_before_refundable_credits,ID,3707.695068359375,3707.695068359375,3707.695068359375,3707.695068359375,3707.695068359375,3707.695068359375,False,,,False
scenario_007,federal_refundable_credits,ID,0.0,0.0,0.0,0.0,0.0,0.0,False,,,False
scenario_007,free_school_meals_eligible,ID,0.0,0.0,0.0,0.0,0.0,0.0,False,,,False
scenario_007,head_chip_eligible,ID,0.0,0.0,0.0,0.0,0.0,0.0,False,,,False
scenario_007,head_medicaid_eligible,ID,0.0,0.0,0.0,0.0,0.0,0.0,False,,,False
scenario_007,head_medicare_eligible,ID,0.0,0.0,0.0,0.0,0.0,0.0,True,,,False
scenario_007,head_wic_eligible,ID,0.0,0.0,0.0,0.0,0.0,0.0,False,,,False
scenario_007,local_income_tax,ID,0.0,0.0,0.0,0.0,0.0,0.0,False,,,False
scenario_007,payroll_tax,ID,0.0,0.0,0.0,0.0,0.0,0.0,False,,,False
scenario_007,reduced_price_school_meals_eligible,ID,0.0,0.0,0.0,0.0,0.0,0.0,False,,,False
scenario_007,self_employment_tax,ID,0.0,0.0,0.0,0.0,0.0,0.0,False,,,False
scenario_007,snap,ID,0.0,0.0,0.0,0.0,0.0,0.0,False,,,False
scenario_007,ssi,ID,0.0,0.0,0.0,0.0,0.0,0.0,False,,,False
scenario_007,state_income_tax_before_refundable_credits,ID,755.7783203125,755.7783203125,755.7783203125,761.5570068359375,761.5570068359375,755.7783203125,True,excl_r07_idaho_health_premiums,keep_excluded,True
scenario_007,state_refundable_credits,ID,155.0,155.0,155.0,155.0,155.0,155.0,False,,,False
scenario_007,tanf,ID,0.0,0.0,0.0,0.0,0.0,0.0,False,,,False
scenario_008,child1_chip_eligible,NJ,0.0,0.0,0.0,0.0,0.0,0.0,False,,,False
scenario_008,child1_early_head_start_eligible,NJ,0.0,0.0,0.0,0.0,0.0,0.0,False,,,False
scenario_008,child1_head_start_eligible,NJ,0.0,0.0,0.0,0.0,0.0,0.0,False,,,False
scenario_008,child1_medicaid_eligible,NJ,1.0,1.0,1.0,1.0,1.0,1.0,False,,,False
scenario_008,child1_medicare_eligible,NJ,0.0,0.0,0.0,0.0,0.0,0.0,False,,,False
scenario_008,child1_wic_eligible,NJ,0.0,0.0,0.0,0.0,0.0,0.0,False,,,False
scenario_008,child2_chip_eligible,NJ,0.0,0.0,0.0,0.0,0.0,0.0,False,,,False
scenario_008,child2_early_head_start_eligible,NJ,0.0,0.0,0.0,0.0,0.0,0.0,False,,,False
scenario_008,child2_head_start_eligible,NJ,0.0,0.0,0.0,0.0,0.0,0.0,False,,,False
scenario_008,child2_medicaid_eligible,NJ,1.0,1.0,1.0,1.0,1.0,1.0,False,,,False
scenario_008,child2_medicare_eligible,NJ,0.0,0.0,0.0,0.0,0.0,0.0,False,,,False
scenario_008,child2_wic_eligible,NJ,0.0,0.0,0.0,0.0,0.0,0.0,False,,,False
scenario_008,child3_chip_eligible,NJ,0.0,0.0,0.0,0.0,0.0,0.0,False,,,False
scenario_008,child3_early_head_start_eligible,NJ,0.0,0.0,0.0,0.0,0.0,0.0,False,,,False
scenario_008,child3_head_start_eligible,NJ,0.0,0.0,0.0,0.0,0.0,0.0,False,,,False
scenario_008,child3_medicaid_eligible,NJ,1.0,1.0,1.0,1.0,1.0,1.0,False,,,False
scenario_008,child3_medicare_eligible,NJ,0.0,0.0,0.0,0.0,0.0,0.0,False,,,False
scenario_008,child3_wic_eligible,NJ,0.0,0.0,0.0,0.0,0.0,0.0,False,,,False
scenario_008,child4_chip_eligible,NJ,0.0,0.0,0.0,0.0,0.0,0.0,False,,,False
scenario_008,child4_early_head_start_eligible,NJ,0.0,0.0,0.0,0.0,0.0,0.0,False,,,False
scenario_008,child4_head_start_eligible,NJ,0.0,0.0,0.0,0.0,0.0,0.0,False,,,False
scenario_008,child4_medicaid_eligible,NJ,1.0,1.0,1.0,1.0,1.0,1.0,False,,,False
scenario_008,child4_medicare_eligible,NJ,0.0,0.0,0.0,0.0,0.0,0.0,False,,,False
scenario_008,child4_wic_eligible,NJ,0.0,0.0,0.0,0.0,0.0,0.0,False,,,False
scenario_008,child5_chip_eligible,NJ,0.0,0.0,0.0,0.0,0.0,0.0,False,,,False
scenario_008,child5_early_head_start_eligible,NJ,0.0,0.0,0.0,0.0,0.0,0.0,False,,,False
scenario_008,child5_head_start_eligible,NJ,1.0,1.0,1.0,1.0,1.0,1.0,False,,,False
scenario_008,child5_medicaid_eligible,NJ,1.0,1.0,1.0,1.0,1.0,1.0,False,,,False
scenario_008,child5_medicare_eligible,NJ,0.0,0.0,0.0,0.0,0.0,0.0,False,,,False
scenario_008,child5_wic_eligible,NJ,0.0,0.0,0.0,0.0,0.0,0.0,False,,,False
scenario_008,child6_chip_eligible,NJ,0.0,0.0,0.0,0.0,0.0,0.0,False,,,False
scenario_008,child6_early_head_start_eligible,NJ,1.0,1.0,1.0,1.0,1.0,1.0,False,,,False
scenario_008,child6_head_start_eligible,NJ,0.0,0.0,0.0,0.0,0.0,0.0,False,,,False
scenario_008,child6_medicaid_eligible,NJ,1.0,1.0,1.0,1.0,1.0,1.0,False,,,False
scenario_008,child6_medicare_eligible,NJ,0.0,0.0,0.0,0.0,0.0,0.0,False,,,False
scenario_008,child6_wic_eligible,NJ,1.0,1.0,1.0,1.0,1.0,1.0,False,,,False
scenario_008,federal_income_tax_before_refundable_credits,NJ,0.0,0.0,0.0,0.0,0.0,0.0,False,,,False
scenario_008,federal_refundable_credits,NJ,12433.611328125,12433.611328125,12433.611328125,12433.611328125,12433.611328125,12433.611328125,False,,,False
scenario_008,free_school_meals_eligible,NJ,1.0,1.0,1.0,1.0,1.0,1.0,False,,,False
scenario_008,head_chip_eligible,NJ,0.0,0.0,0.0,0.0,0.0,0.0,False,,,False
scenario_008,head_medicaid_eligible,NJ,1.0,1.0,1.0,1.0,1.0,1.0,False,,,False
scenario_008,head_medicare_eligible,NJ,0.0,0.0,0.0,0.0,0.0,0.0,False,,,False
scenario_008,head_wic_eligible,NJ,0.0,0.0,0.0,0.0,0.0,0.0,False,,,False
scenario_008,local_income_tax,NJ,0.0,0.0,0.0,0.0,0.0,0.0,False,,,False
scenario_008,payroll_tax,NJ,2162.760009765625,2162.760009765625,2162.760009765625,2162.760009765625,2162.760009765625,2162.760009765625,True,,,False
scenario_008,reduced_price_school_meals_eligible,NJ,0.0,0.0,0.0,0.0,0.0,0.0,False,,,False
scenario_008,self_employment_tax,NJ,565.1820068359375,565.1820068359375,565.1820068359375,565.1820068359375,565.1820068359375,565.1820068359375,False,,,False
scenario_008,snap,NJ,15246.9052734375,15108.0,15273.0,15108.0,15108.0,15108.0,False,,,False
scenario_008,spouse_chip_eligible,NJ,0.0,0.0,0.0,0.0,0.0,0.0,False,,,False
scenario_008,spouse_medicaid_eligible,NJ,1.0,1.0,1.0,1.0,1.0,1.0,False,,,False
scenario_008,spouse_medicare_eligible,NJ,0.0,0.0,0.0,0.0,0.0,0.0,False,,,False
scenario_008,spouse_wic_eligible,NJ,0.0,0.0,0.0,0.0,0.0,0.0,False,,,False
scenario_008,ssi,NJ,0.0,0.0,0.0,0.0,0.0,0.0,False,,,False
scenario_008,state_income_tax_before_refundable_credits,NJ,264.80999755859375,264.80999755859375,264.80999755859375,264.80999755859375,264.80999755859375,264.80999755859375,False,,,False
scenario_008,state_refundable_credits,NJ,5342.39990234375,5342.39990234375,5842.39990234375,5842.39990234375,5842.39990234375,5842.39990234375,False,nj_ctc_fy2027_budget,adopt_latest,True
scenario_008,tanf,NJ,0.0,0.0,0.0,0.0,0.0,0.0,False,,,False
scenario_009,federal_income_tax_before_refundable_credits,NC,8348.0,8348.0,8348.0,8348.0,8348.0,8348.0,False,,,False
scenario_009,federal_refundable_credits,NC,0.0,0.0,0.0,0.0,0.0,0.0,False,,,False
scenario_009,free_school_meals_eligible,NC,0.0,0.0,0.0,0.0,0.0,0.0,False,,,False
scenario_009,head_chip_eligible,NC,0.0,0.0,0.0,0.0,0.0,0.0,False,,,False
scenario_009,head_medicaid_eligible,NC,0.0,0.0,0.0,0.0,0.0,0.0,False,,,False
scenario_009,head_medicare_eligible,NC,0.0,0.0,0.0,0.0,0.0,0.0,False,,,False
scenario_009,head_wic_eligible,NC,0.0,0.0,0.0,0.0,0.0,0.0,False,,,False
scenario_009,local_income_tax,NC,0.0,0.0,0.0,0.0,0.0,0.0,False,,,False
scenario_009,payroll_tax,NC,4590.0,4590.0,4590.0,4590.0,4590.0,4590.0,False,,,False
scenario_009,reduced_price_school_meals_eligible,NC,0.0,0.0,0.0,0.0,0.0,0.0,False,,,False
scenario_009,self_employment_tax,NC,0.0,0.0,0.0,0.0,0.0,0.0,False,,,False
scenario_009,snap,NC,0.0,0.0,0.0,0.0,0.0,0.0,False,,,False
scenario_009,spouse_chip_eligible,NC,0.0,0.0,0.0,0.0,0.0,0.0,False,,,False
scenario_009,spouse_medicaid_eligible,NC,0.0,0.0,0.0,0.0,0.0,0.0,False,,,False
scenario_009,spouse_medicare_eligible,NC,0.0,0.0,0.0,0.0,0.0,0.0,False,,,False
scenario_009,spouse_wic_eligible,NC,0.0,0.0,0.0,0.0,0.0,0.0,False,,,False
scenario_009,ssi,NC,0.0,0.0,0.0,0.0,0.0,0.0,False,,,False
scenario_009,state_income_tax_before_refundable_credits,NC,2190.510009765625,2190.510009765625,2190.510009765625,2190.510009765625,2190.510009765625,2190.510009765625,False,,,False
scenario_009,state_refundable_credits,NC,0.0,0.0,0.0,0.0,0.0,0.0,False,,,False
scenario_009,tanf,NC,0.0,0.0,0.0,0.0,0.0,0.0,False,,,False
scenario_012,child1_chip_eligible,MS,0.0,0.0,0.0,0.0,0.0,0.0,False,,,False
scenario_012,child1_early_head_start_eligible,MS,0.0,0.0,0.0,0.0,0.0,0.0,False,,,False
scenario_012,child1_head_start_eligible,MS,0.0,0.0,0.0,0.0,0.0,0.0,False,,,False
scenario_012,child1_medicaid_eligible,MS,1.0,1.0,1.0,1.0,1.0,1.0,False,,,False
scenario_012,child1_medicare_eligible,MS,0.0,0.0,0.0,0.0,0.0,0.0,False,,,False
scenario_012,child1_wic_eligible,MS,0.0,0.0,0.0,0.0,0.0,0.0,False,,,False
scenario_012,federal_income_tax_before_refundable_credits,MS,0.0,0.0,0.0,0.0,0.0,0.0,False,,,False
scenario_012,federal_refundable_credits,MS,6127.0,6127.0,6127.0,6127.0,6127.0,6127.0,False,,,False
scenario_012,free_school_meals_eligible,MS,1.0,1.0,1.0,1.0,1.0,1.0,False,,,False
scenario_012,head_chip_eligible,MS,0.0,0.0,0.0,0.0,0.0,0.0,False,,,False
scenario_012,head_medicaid_eligible,MS,0.0,0.0,0.0,0.0,0.0,0.0,False,,,False
scenario_012,head_medicare_eligible,MS,0.0,0.0,0.0,0.0,0.0,0.0,False,,,False
scenario_012,head_wic_eligible,MS,0.0,0.0,0.0,0.0,0.0,0.0,False,,,False
scenario_012,local_income_tax,MS,0.0,0.0,0.0,0.0,0.0,0.0,False,,,False
scenario_012,payroll_tax,MS,1683.0,1683.0,1683.0,1683.0,1683.0,1683.0,False,,,False
scenario_012,reduced_price_school_meals_eligible,MS,0.0,0.0,0.0,0.0,0.0,0.0,False,,,False
scenario_012,self_employment_tax,MS,0.0,0.0,0.0,0.0,0.0,0.0,False,,,False
scenario_012,snap,MS,4952.08935546875,4884.0,4962.0,4884.0,4884.0,4884.0,False,,,False
scenario_012,spouse_chip_eligible,MS,0.0,0.0,0.0,0.0,0.0,0.0,False,,,False
scenario_012,spouse_medicaid_eligible,MS,1.0,1.0,1.0,1.0,1.0,1.0,False,,,False
scenario_012,spouse_medicare_eligible,MS,0.0,0.0,0.0,0.0,0.0,0.0,False,,,False
scenario_012,spouse_wic_eligible,MS,1.0,1.0,1.0,1.0,1.0,1.0,False,,,False
scenario_012,ssi,MS,0.0,0.0,0.0,0.0,0.0,0.0,False,,,False
scenario_012,state_income_tax_before_refundable_credits,MS,0.0,0.0,0.0,0.0,0.0,0.0,False,,,False
scenario_012,state_refundable_credits,MS,0.0,0.0,0.0,0.0,0.0,0.0,False,,,False
scenario_012,tanf,MS,0.0,0.0,0.0,0.0,0.0,0.0,False,,,False
scenario_013,federal_income_tax_before_refundable_credits,AZ,0.0,0.0,0.0,0.0,0.0,0.0,False,,,False
scenario_013,federal_refundable_credits,AZ,0.0,0.0,0.0,0.0,0.0,0.0,False,,,False
scenario_013,free_school_meals_eligible,AZ,0.0,0.0,0.0,0.0,0.0,0.0,False,,,False
scenario_013,head_chip_eligible,AZ,0.0,0.0,0.0,0.0,0.0,0.0,False,,,False
scenario_013,head_medicaid_eligible,AZ,0.0,0.0,0.0,0.0,0.0,0.0,False,,,False
scenario_013,head_medicare_eligible,AZ,1.0,1.0,1.0,1.0,1.0,1.0,False,,,False
scenario_013,head_wic_eligible,AZ,0.0,0.0,0.0,0.0,0.0,0.0,False,,,False
scenario_013,local_income_tax,AZ,0.0,0.0,0.0,0.0,0.0,0.0,False,,,False
scenario_013,payroll_tax,AZ,0.0,0.0,0.0,0.0,0.0,0.0,False,,,False
scenario_013,reduced_price_school_meals_eligible,AZ,0.0,0.0,0.0,0.0,0.0,0.0,False,,,False
scenario_013,self_employment_tax,AZ,0.0,0.0,0.0,0.0,0.0,0.0,False,,,False
scenario_013,snap,AZ,0.0,0.0,243.0,240.0,240.0,240.0,False,az_snap_bbce_200,adopt_latest,True
scenario_013,ssi,AZ,0.0,0.0,0.0,0.0,0.0,0.0,False,,,False
scenario_013,state_income_tax_before_refundable_credits,AZ,0.0,0.0,0.0,0.0,0.0,0.0,False,,,False
scenario_013,state_refundable_credits,AZ,25.0,25.0,25.0,25.0,25.0,25.0,False,,,False
scenario_013,tanf,AZ,0.0,0.0,0.0,0.0,0.0,0.0,False,,,False
scenario_014,federal_income_tax_before_refundable_credits,WV,6311.31787109375,6311.31787109375,6311.31787109375,6311.31787109375,6311.31787109375,6311.31787109375,False,,,False
scenario_014,federal_refundable_credits,WV,0.0,0.0,0.0,0.0,0.0,0.0,False,,,False
scenario_014,free_school_meals_eligible,WV,0.0,0.0,0.0,0.0,0.0,0.0,False,,,False
scenario_014,head_chip_eligible,WV,0.0,0.0,0.0,0.0,0.0,0.0,False,,,False
scenario_014,head_medicaid_eligible,WV,0.0,0.0,0.0,0.0,0.0,0.0,False,,,False
scenario_014,head_medicare_eligible,WV,0.0,0.0,0.0,0.0,0.0,0.0,False,,,False
scenario_014,head_wic_eligible,WV,0.0,0.0,0.0,0.0,0.0,0.0,False,,,False
scenario_014,local_income_tax,WV,0.0,0.0,0.0,0.0,0.0,0.0,False,,,False
scenario_014,payroll_tax,WV,6802.96484375,6802.96484375,6802.96484375,6802.96484375,6802.96484375,6802.96484375,False,,,False
scenario_014,reduced_price_school_meals_eligible,WV,0.0,0.0,0.0,0.0,0.0,0.0,False,,,False
scenario_014,self_employment_tax,WV,0.0,0.0,0.0,0.0,0.0,0.0,False,,,False
scenario_014,snap,WV,0.0,0.0,0.0,0.0,0.0,0.0,False,,,False
scenario_014,spouse_chip_eligible,WV,0.0,0.0,0.0,0.0,0.0,0.0,False,,,False
scenario_014,spouse_medicaid_eligible,WV,0.0,0.0,0.0,0.0,0.0,0.0,False,,,False
scenario_014,spouse_medicare_eligible,WV,0.0,0.0,0.0,0.0,0.0,0.0,False,,,False
scenario_014,spouse_wic_eligible,WV,0.0,0.0,0.0,0.0,0.0,0.0,False,,,False
scenario_014,ssi,WV,0.0,0.0,0.0,0.0,0.0,0.0,False,,,False
scenario_014,state_income_tax_before_refundable_credits,WV,3092.186279296875,3092.186279296875,3092.186279296875,3092.186279296875,3092.186279296875,3092.186279296875,False,,,False
scenario_014,state_refundable_credits,WV,0.0,0.0,0.0,0.0,0.0,0.0,False,,,False
scenario_014,tanf,WV,0.0,0.0,0.0,0.0,0.0,0.0,False,,,False
scenario_015,federal_income_tax_before_refundable_credits,IN,2969.1259765625,2969.1259765625,2969.1259765625,2969.1259765625,2969.1259765625,2969.1259765625,False,,,False
scenario_015,federal_refundable_credits,IN,0.0,0.0,0.0,0.0,0.0,0.0,False,,,False
scenario_015,free_school_meals_eligible,IN,0.0,0.0,0.0,0.0,0.0,0.0,False,,,False
scenario_015,head_chip_eligible,IN,0.0,0.0,0.0,0.0,0.0,0.0,False,,,False
scenario_015,head_medicaid_eligible,IN,0.0,0.0,0.0,0.0,0.0,0.0,False,,,False
scenario_015,head_medicare_eligible,IN,0.0,0.0,0.0,0.0,0.0,0.0,False,,,False
scenario_015,head_wic_eligible,IN,0.0,0.0,0.0,0.0,0.0,0.0,False,,,False
scenario_015,local_income_tax,IN,0.0,0.0,0.0,0.0,0.0,0.0,False,,,False
scenario_015,payroll_tax,IN,3442.5,3442.5,3442.5,3442.5,3442.5,3442.5,False,,,False
scenario_015,reduced_price_school_meals_eligible,IN,0.0,0.0,0.0,0.0,0.0,0.0,False,,,False
scenario_015,self_employment_tax,IN,0.0,0.0,0.0,0.0,0.0,0.0,False,,,False
scenario_015,snap,IN,0.0,0.0,0.0,0.0,0.0,0.0,False,,,False
scenario_015,ssi,IN,0.0,0.0,0.0,0.0,0.0,0.0,False,,,False
scenario_015,state_income_tax_before_refundable_credits,IN,1236.3267822265625,1236.3267822265625,1236.3267822265625,1236.3267822265625,1236.3267822265625,1236.3267822265625,False,,,False
scenario_015,state_refundable_credits,IN,0.0,0.0,0.0,0.0,0.0,0.0,False,,,False
scenario_015,tanf,IN,0.0,0.0,0.0,0.0,0.0,0.0,False,,,False
scenario_016,federal_income_tax_before_refundable_credits,FL,0.0,0.0,0.0,0.0,0.0,0.0,False,,,False
scenario_016,federal_refundable_credits,FL,0.0,0.0,0.0,0.0,0.0,0.0,False,,,False
scenario_016,free_school_meals_eligible,FL,0.0,0.0,0.0,0.0,0.0,0.0,False,,,False
scenario_016,head_chip_eligible,FL,0.0,0.0,0.0,0.0,0.0,0.0,False,,,False
scenario_016,head_medicaid_eligible,FL,0.0,0.0,0.0,0.0,0.0,0.0,False,,,False
scenario_016,head_medicare_eligible,FL,0.0,0.0,0.0,0.0,0.0,0.0,False,,,False
scenario_016,head_wic_eligible,FL,0.0,0.0,0.0,0.0,0.0,0.0,False,,,False
scenario_016,local_income_tax,FL,0.0,0.0,0.0,0.0,0.0,0.0,False,,,False
scenario_016,payroll_tax,FL,2649.80224609375,2649.80224609375,2649.80224609375,2649.80224609375,2649.80224609375,2649.80224609375,False,,,False
scenario_016,reduced_price_school_meals_eligible,FL,0.0,0.0,0.0,0.0,0.0,0.0,False,,,False
scenario_016,self_employment_tax,FL,0.0,0.0,0.0,0.0,0.0,0.0,False,,,False
scenario_016,snap,FL,0.0,0.0,0.0,0.0,0.0,0.0,False,,,False
scenario_016,ssi,FL,0.0,0.0,0.0,0.0,0.0,0.0,False,,,False
scenario_016,state_income_tax_before_refundable_credits,FL,0.0,0.0,0.0,0.0,0.0,0.0,False,,,False
scenario_016,state_refundable_credits,FL,0.0,0.0,0.0,0.0,0.0,0.0,False,,,False
scenario_016,tanf,FL,0.0,0.0,0.0,0.0,0.0,0.0,False,,,False
scenario_018,federal_income_tax_before_refundable_credits,AZ,5211.05078125,5211.05078125,5211.05078125,5211.05078125,5211.05078125,5211.05078125,False,,,False
scenario_018,federal_refundable_credits,AZ,0.0,0.0,0.0,0.0,0.0,0.0,False,,,False
scenario_018,free_school_meals_eligible,AZ,0.0,0.0,0.0,0.0,0.0,0.0,False,,,False
scenario_018,head_chip_eligible,AZ,0.0,0.0,0.0,0.0,0.0,0.0,False,,,False
scenario_018,head_medicaid_eligible,AZ,0.0,0.0,0.0,0.0,0.0,0.0,False,,,False
scenario_018,head_medicare_eligible,AZ,0.0,0.0,0.0,0.0,0.0,0.0,False,,,False
scenario_018,head_wic_eligible,AZ,0.0,0.0,0.0,0.0,0.0,0.0,False,,,False
scenario_018,local_income_tax,AZ,0.0,0.0,0.0,0.0,0.0,0.0,False,,,False
scenario_018,payroll_tax,AZ,5202.38232421875,5202.38232421875,5202.38232421875,5202.38232421875,5202.38232421875,5202.38232421875,False,,,False
scenario_018,reduced_price_school_meals_eligible,AZ,0.0,0.0,0.0,0.0,0.0,0.0,False,,,False
scenario_018,self_employment_tax,AZ,0.0,0.0,0.0,0.0,0.0,0.0,False,,,False
scenario_018,snap,AZ,0.0,0.0,0.0,0.0,0.0,0.0,False,,,False
scenario_018,ssi,AZ,0.0,0.0,0.0,0.0,0.0,0.0,False,,,False
scenario_018,state_income_tax_before_refundable_credits,AZ,1146.05224609375,1146.05224609375,1146.05224609375,1146.05224609375,1146.05224609375,1146.05224609375,False,,,False
scenario_018,state_refundable_credits,AZ,0.0,0.0,0.0,0.0,0.0,0.0,False,,,False
scenario_018,tanf,AZ,0.0,0.0,0.0,0.0,0.0,0.0,False,,,False
scenario_020,federal_income_tax_before_refundable_credits,TX,68056.7109375,68056.7109375,68334.734375,68334.734375,68334.734375,68056.7109375,True,excl_niit_scope_020,keep_excluded,True
scenario_020,federal_refundable_credits,TX,0.0,0.0,0.0,0.0,0.0,0.0,False,,,False
scenario_020,free_school_meals_eligible,TX,0.0,0.0,0.0,0.0,0.0,0.0,False,,,False
scenario_020,head_chip_eligible,TX,0.0,0.0,0.0,0.0,0.0,0.0,False,,,False
scenario_020,head_medicaid_eligible,TX,0.0,0.0,0.0,0.0,0.0,0.0,False,,,False
scenario_020,head_medicare_eligible,TX,0.0,0.0,0.0,0.0,0.0,0.0,False,,,False
scenario_020,head_wic_eligible,TX,0.0,0.0,0.0,0.0,0.0,0.0,False,,,False
scenario_020,local_income_tax,TX,0.0,0.0,0.0,0.0,0.0,0.0,False,,,False
scenario_020,payroll_tax,TX,16689.0,16689.0,16689.0,16689.0,16689.0,16689.0,False,,,False
scenario_020,reduced_price_school_meals_eligible,TX,0.0,0.0,0.0,0.0,0.0,0.0,False,,,False
scenario_020,self_employment_tax,TX,0.0,0.0,0.0,0.0,0.0,0.0,False,,,False
scenario_020,snap,TX,0.0,0.0,0.0,0.0,0.0,0.0,False,,,False
scenario_020,ssi,TX,0.0,0.0,0.0,0.0,0.0,0.0,False,,,False
scenario_020,state_income_tax_before_refundable_credits,TX,0.0,0.0,0.0,0.0,0.0,0.0,False,,,False
scenario_020,state_refundable_credits,TX,0.0,0.0,0.0,0.0,0.0,0.0,False,,,False
scenario_020,tanf,TX,0.0,0.0,0.0,0.0,0.0,0.0,False,,,False
scenario_021,federal_income_tax_before_refundable_credits,MO,0.0,0.0,0.0,0.0,0.0,0.0,False,,,False
scenario_021,federal_refundable_credits,MO,0.0,0.0,0.0,0.0,0.0,0.0,False,,,False
scenario_021,free_school_meals_eligible,MO,0.0,0.0,0.0,0.0,0.0,0.0,False,,,False
scenario_021,head_chip_eligible,MO,0.0,0.0,0.0,0.0,0.0,0.0,False,,,False
scenario_021,head_medicaid_eligible,MO,0.0,0.0,0.0,0.0,0.0,0.0,False,,,False
scenario_021,head_medicare_eligible,MO,1.0,1.0,1.0,1.0,1.0,1.0,False,,,False
scenario_021,head_wic_eligible,MO,0.0,0.0,0.0,0.0,0.0,0.0,False,,,False
scenario_021,local_income_tax,MO,0.0,0.0,0.0,0.0,0.0,0.0,False,,,False
scenario_021,payroll_tax,MO,0.0,0.0,0.0,0.0,0.0,0.0,False,,,False
scenario_021,reduced_price_school_meals_eligible,MO,0.0,0.0,0.0,0.0,0.0,0.0,False,,,False
scenario_021,self_employment_tax,MO,0.0,0.0,0.0,0.0,0.0,0.0,False,,,False
scenario_021,snap,MO,0.0,0.0,0.0,0.0,0.0,0.0,False,,,False
scenario_021,ssi,MO,0.0,0.0,0.0,0.0,0.0,0.0,False,,,False
scenario_021,state_income_tax_before_refundable_credits,MO,0.0,0.0,0.0,0.0,0.0,0.0,False,,,False
scenario_021,state_refundable_credits,MO,0.0,0.0,0.0,0.0,0.0,0.0,False,,,False
scenario_021,tanf,MO,0.0,0.0,0.0,0.0,0.0,0.0,False,,,False
scenario_022,federal_income_tax_before_refundable_credits,CA,11131.3271484375,11113.5703125,11133.97265625,11113.5703125,11113.5703125,11113.5703125,False,,,False
scenario_022,federal_refundable_credits,CA,0.0,0.0,0.0,0.0,0.0,0.0,False,,,False
scenario_022,free_school_meals_eligible,CA,0.0,0.0,0.0,0.0,0.0,0.0,False,,,False
scenario_022,head_chip_eligible,CA,0.0,0.0,0.0,0.0,0.0,0.0,False,,,False
scenario_022,head_medicaid_eligible,CA,0.0,0.0,0.0,0.0,0.0,0.0,False,,,False
scenario_022,head_medicare_eligible,CA,1.0,1.0,1.0,1.0,1.0,1.0,False,,,False
scenario_022,head_wic_eligible,CA,0.0,0.0,0.0,0.0,0.0,0.0,False,,,False
scenario_022,local_income_tax,CA,0.0,0.0,0.0,0.0,0.0,0.0,False,,,False
scenario_022,payroll_tax,CA,4710.83251953125,4710.83251953125,4710.83251953125,4710.83251953125,4710.83251953125,4710.83251953125,False,,,False
scenario_022,reduced_price_school_meals_eligible,CA,0.0,0.0,0.0,0.0,0.0,0.0,False,,,False
scenario_022,self_employment_tax,CA,0.0,0.0,0.0,0.0,0.0,0.0,False,,,False
scenario_022,snap,CA,0.0,0.0,0.0,0.0,0.0,0.0,False,,,False
scenario_022,ssi,CA,0.0,0.0,0.0,0.0,0.0,0.0,False,,,False
scenario_022,state_income_tax_before_refundable_credits,CA,2439.650146484375,2439.650146484375,2439.650146484375,2505.8701171875,2505.8701171875,2439.650146484375,True,excl_r11_ca_itemized_conformity,keep_excluded,True
scenario_022,state_refundable_credits,CA,0.0,0.0,0.0,0.0,0.0,0.0,False,,,False
scenario_022,tanf,CA,0.0,0.0,0.0,0.0,0.0,0.0,False,,,False
scenario_023,federal_income_tax_before_refundable_credits,CA,643.43359375,643.43359375,643.43359375,643.43359375,643.43359375,643.43359375,False,,,False
scenario_023,federal_refundable_credits,CA,0.0,0.0,0.0,0.0,0.0,0.0,False,,,False
scenario_023,free_school_meals_eligible,CA,0.0,0.0,0.0,0.0,0.0,0.0,False,,,False
scenario_023,head_chip_eligible,CA,0.0,0.0,0.0,0.0,0.0,0.0,False,,,False
scenario_023,head_medicaid_eligible,CA,1.0,1.0,1.0,1.0,1.0,1.0,True,excl_snap_ssi_disability,exclude_unlisted_input,False
scenario_023,head_medicare_eligible,CA,0.0,0.0,0.0,0.0,0.0,0.0,False,,,False
scenario_023,head_wic_eligible,CA,0.0,0.0,0.0,0.0,0.0,0.0,False,,,False
scenario_023,local_income_tax,CA,0.0,0.0,0.0,0.0,0.0,0.0,False,,,False
scenario_023,payroll_tax,CA,1561.1168212890625,1561.1168212890625,1561.1168212890625,1561.1168212890625,1561.1168212890625,1561.1168212890625,False,,,False
scenario_023,reduced_price_school_meals_eligible,CA,0.0,0.0,0.0,0.0,0.0,0.0,False,,,False
scenario_023,self_employment_tax,CA,0.0,0.0,0.0,0.0,0.0,0.0,False,,,False
scenario_023,snap,CA,461.3397216796875,461.3397216796875,462.0,408.0,408.0,461.3397216796875,True,excl_snap_ssi_disability,keep_excluded,True
scenario_023,ssi,CA,0.0,0.0,0.0,0.0,0.0,0.0,False,,,False
scenario_023,state_income_tax_before_refundable_credits,CA,6.7984771728515625,12.776718139648438,4.212188720703125,12.776718139648438,12.776718139648438,12.776718139648438,False,,,False
scenario_023,state_refundable_credits,CA,148.3108673095703,95.1540069580078,97.51927185058594,95.1540069580078,95.1540069580078,95.1540069580078,False,,,False
scenario_023,tanf,CA,0.0,0.0,0.0,0.0,0.0,0.0,False,,,False
scenario_025,federal_income_tax_before_refundable_credits,OH,7031.03564453125,7031.03564453125,7031.03564453125,7031.03564453125,7031.03564453125,7031.03564453125,False,,,False
scenario_025,federal_refundable_credits,OH,0.0,0.0,0.0,0.0,0.0,0.0,False,,,False
scenario_025,free_school_meals_eligible,OH,0.0,0.0,0.0,0.0,0.0,0.0,False,,,False
scenario_025,head_chip_eligible,OH,0.0,0.0,0.0,0.0,0.0,0.0,False,,,False
scenario_025,head_medicaid_eligible,OH,0.0,0.0,0.0,0.0,0.0,0.0,False,,,False
scenario_025,head_medicare_eligible,OH,0.0,0.0,0.0,0.0,0.0,0.0,False,,,False
scenario_025,head_wic_eligible,OH,0.0,0.0,0.0,0.0,0.0,0.0,False,,,False
scenario_025,local_income_tax,OH,0.0,0.0,0.0,0.0,0.0,0.0,False,,,False
scenario_025,payroll_tax,OH,4798.48486328125,4798.48486328125,4798.48486328125,4798.48486328125,4798.48486328125,4798.48486328125,False,,,False
scenario_025,reduced_price_school_meals_eligible,OH,0.0,0.0,0.0,0.0,0.0,0.0,False,,,False
scenario_025,self_employment_tax,OH,0.0,0.0,0.0,0.0,0.0,0.0,False,,,False
scenario_025,snap,OH,0.0,0.0,0.0,0.0,0.0,0.0,False,,,False
scenario_025,spouse_chip_eligible,OH,0.0,0.0,0.0,0.0,0.0,0.0,False,,,False
scenario_025,spouse_medicaid_eligible,OH,0.0,0.0,0.0,0.0,0.0,0.0,False,,,False
scenario_025,spouse_medicare_eligible,OH,0.0,0.0,0.0,0.0,0.0,0.0,False,,,False
scenario_025,spouse_wic_eligible,OH,0.0,0.0,0.0,0.0,0.0,0.0,False,,,False
scenario_025,ssi,OH,0.0,0.0,0.0,0.0,0.0,0.0,False,,,False
scenario_025,state_income_tax_before_refundable_credits,OH,1921.57275390625,1921.57275390625,1921.57275390625,1921.57275390625,1921.57275390625,1921.57275390625,False,,,False
scenario_025,state_refundable_credits,OH,0.0,0.0,0.0,0.0,0.0,0.0,False,,,False
scenario_025,tanf,OH,0.0,0.0,0.0,0.0,0.0,0.0,False,,,False
scenario_026,child1_chip_eligible,NC,0.0,0.0,0.0,0.0,0.0,0.0,False,,,False
scenario_026,child1_early_head_start_eligible,NC,0.0,0.0,0.0,0.0,0.0,0.0,False,,,False
scenario_026,child1_head_start_eligible,NC,0.0,0.0,0.0,0.0,0.0,0.0,False,,,False
scenario_026,child1_medicaid_eligible,NC,1.0,1.0,1.0,1.0,1.0,1.0,False,,,False
scenario_026,child1_medicare_eligible,NC,0.0,0.0,0.0,0.0,0.0,0.0,False,,,False
scenario_026,child1_wic_eligible,NC,0.0,0.0,0.0,0.0,0.0,0.0,False,,,False
scenario_026,child2_chip_eligible,NC,0.0,0.0,0.0,0.0,0.0,0.0,False,,,False
scenario_026,child2_early_head_start_eligible,NC,0.0,0.0,0.0,0.0,0.0,0.0,False,,,False
scenario_026,child2_head_start_eligible,NC,0.0,0.0,0.0,0.0,0.0,0.0,False,,,False
scenario_026,child2_medicaid_eligible,NC,1.0,1.0,1.0,1.0,1.0,1.0,False,,,False
scenario_026,child2_medicare_eligible,NC,0.0,0.0,0.0,0.0,0.0,0.0,False,,,False
scenario_026,child2_wic_eligible,NC,0.0,0.0,0.0,0.0,0.0,0.0,False,,,False
scenario_026,child3_chip_eligible,NC,0.0,0.0,0.0,0.0,0.0,0.0,False,,,False
scenario_026,child3_early_head_start_eligible,NC,0.0,0.0,0.0,0.0,0.0,0.0,False,,,False
scenario_026,child3_head_start_eligible,NC,0.0,0.0,0.0,0.0,0.0,0.0,False,,,False
scenario_026,child3_medicaid_eligible,NC,1.0,1.0,1.0,1.0,1.0,1.0,False,,,False
scenario_026,child3_medicare_eligible,NC,0.0,0.0,0.0,0.0,0.0,0.0,False,,,False
scenario_026,child3_wic_eligible,NC,0.0,0.0,0.0,0.0,0.0,0.0,False,,,False
scenario_026,federal_income_tax_before_refundable_credits,NC,0.0,0.0,0.0,0.0,0.0,0.0,False,,,False
scenario_026,federal_refundable_credits,NC,2013.4892578125,2013.4892578125,2013.4892578125,2013.4892578125,2013.4892578125,2013.4892578125,False,,,False
scenario_026,free_school_meals_eligible,NC,0.0,0.0,0.0,0.0,0.0,0.0,False,,,False
scenario_026,head_chip_eligible,NC,0.0,0.0,0.0,0.0,0.0,0.0,False,,,False
scenario_026,head_medicaid_eligible,NC,0.0,0.0,0.0,0.0,0.0,0.0,False,,,False
scenario_026,head_medicare_eligible,NC,0.0,0.0,0.0,0.0,0.0,0.0,False,,,False
scenario_026,head_wic_eligible,NC,0.0,0.0,0.0,0.0,0.0,0.0,False,,,False
scenario_026,local_income_tax,NC,0.0,0.0,0.0,0.0,0.0,0.0,False,,,False
scenario_026,payroll_tax,NC,6518.474609375,6518.474609375,6518.474609375,6518.474609375,6518.474609375,6518.474609375,False,,,False
scenario_026,reduced_price_school_meals_eligible,NC,0.0,0.0,0.0,0.0,0.0,0.0,False,,,False
scenario_026,self_employment_tax,NC,0.0,0.0,0.0,0.0,0.0,0.0,False,,,False
scenario_026,snap,NC,0.0,0.0,0.0,0.0,0.0,0.0,False,,,False
scenario_026,spouse_chip_eligible,NC,0.0,0.0,0.0,0.0,0.0,0.0,False,,,False
scenario_026,spouse_medicaid_eligible,NC,0.0,0.0,0.0,0.0,0.0,0.0,False,,,False
scenario_026,spouse_medicare_eligible,NC,0.0,0.0,0.0,0.0,0.0,0.0,False,,,False
scenario_026,spouse_wic_eligible,NC,0.0,0.0,0.0,0.0,0.0,0.0,False,,,False
scenario_026,ssi,NC,0.0,0.0,0.0,0.0,0.0,0.0,False,,,False
scenario_026,state_income_tax_before_refundable_credits,NC,2086.79052734375,2086.79052734375,2086.79052734375,2086.79052734375,2086.79052734375,2086.79052734375,False,,,False
scenario_026,state_refundable_credits,NC,0.0,0.0,0.0,0.0,0.0,0.0,False,,,False
scenario_026,tanf,NC,0.0,0.0,0.0,0.0,0.0,0.0,False,,,False
scenario_027,federal_income_tax_before_refundable_credits,CT,0.0,0.0,0.0,0.0,0.0,0.0,False,,,False
scenario_027,federal_refundable_credits,CT,0.0,0.0,0.0,0.0,0.0,0.0,False,,,False
scenario_027,free_school_meals_eligible,CT,0.0,0.0,0.0,0.0,0.0,0.0,False,,,False
scenario_027,head_chip_eligible,CT,0.0,0.0,0.0,0.0,0.0,0.0,False,,,False
scenario_027,head_medicaid_eligible,CT,0.0,0.0,0.0,0.0,0.0,0.0,False,,,False
scenario_027,head_medicare_eligible,CT,1.0,1.0,1.0,1.0,1.0,1.0,False,,,False
scenario_027,head_wic_eligible,CT,0.0,0.0,0.0,0.0,0.0,0.0,False,,,False
scenario_027,local_income_tax,CT,0.0,0.0,0.0,0.0,0.0,0.0,False,,,False
scenario_027,payroll_tax,CT,0.0,0.0,0.0,0.0,0.0,0.0,False,,,False
scenario_027,reduced_price_school_meals_eligible,CT,0.0,0.0,0.0,0.0,0.0,0.0,False,,,False
scenario_027,self_employment_tax,CT,0.0,0.0,0.0,0.0,0.0,0.0,False,,,False
scenario_027,snap,CT,287.68316650390625,288.0,291.0,288.0,288.0,288.0,False,,,False
scenario_027,spouse_chip_eligible,CT,0.0,0.0,0.0,0.0,0.0,0.0,False,,,False
scenario_027,spouse_medicaid_eligible,CT,0.0,0.0,0.0,0.0,0.0,0.0,False,,,False
scenario_027,spouse_medicare_eligible,CT,0.0,0.0,0.0,0.0,0.0,0.0,False,,,False
scenario_027,spouse_wic_eligible,CT,0.0,0.0,0.0,0.0,0.0,0.0,False,,,False
scenario_027,ssi,CT,0.0,0.0,0.0,0.0,0.0,0.0,False,,,False
scenario_027,state_income_tax_before_refundable_credits,CT,0.0,0.0,0.0,0.0,0.0,0.0,False,,,False
scenario_027,state_refundable_credits,CT,0.0,0.0,0.0,0.0,0.0,0.0,False,,,False
scenario_027,tanf,CT,0.0,0.0,0.0,0.0,0.0,0.0,False,,,False
scenario_028,child1_chip_eligible,PA,0.0,0.0,0.0,0.0,0.0,0.0,False,,,False
scenario_028,child1_early_head_start_eligible,PA,0.0,0.0,0.0,0.0,0.0,0.0,False,,,False
scenario_028,child1_head_start_eligible,PA,0.0,0.0,0.0,0.0,0.0,0.0,False,,,False
scenario_028,child1_medicaid_eligible,PA,0.0,0.0,0.0,0.0,0.0,0.0,False,,,False
scenario_028,child1_medicare_eligible,PA,0.0,0.0,0.0,0.0,0.0,0.0,False,,,False
scenario_028,child1_wic_eligible,PA,0.0,0.0,0.0,0.0,0.0,0.0,False,,,False
scenario_028,child2_chip_eligible,PA,0.0,0.0,0.0,0.0,0.0,0.0,False,,,False
scenario_028,child2_early_head_start_eligible,PA,0.0,0.0,0.0,0.0,0.0,0.0,False,,,False
scenario_028,child2_head_start_eligible,PA,0.0,0.0,0.0,0.0,0.0,0.0,False,,,False
scenario_028,child2_medicaid_eligible,PA,0.0,0.0,0.0,0.0,0.0,0.0,False,,,False
scenario_028,child2_medicare_eligible,PA,0.0,0.0,0.0,0.0,0.0,0.0,False,,,False
scenario_028,child2_wic_eligible,PA,0.0,0.0,0.0,0.0,0.0,0.0,False,,,False
scenario_028,child3_chip_eligible,PA,0.0,0.0,0.0,0.0,0.0,0.0,False,,,False
scenario_028,child3_early_head_start_eligible,PA,0.0,0.0,0.0,0.0,0.0,0.0,False,,,False
scenario_028,child3_head_start_eligible,PA,0.0,0.0,0.0,0.0,0.0,0.0,False,,,False
scenario_028,child3_medicaid_eligible,PA,0.0,0.0,0.0,0.0,0.0,0.0,False,,,False
scenario_028,child3_medicare_eligible,PA,0.0,0.0,0.0,0.0,0.0,0.0,False,,,False
scenario_028,child3_wic_eligible,PA,0.0,0.0,0.0,0.0,0.0,0.0,False,,,False
scenario_028,federal_income_tax_before_refundable_credits,PA,0.0,0.0,0.0,0.0,0.0,0.0,False,,,False
scenario_028,federal_refundable_credits,PA,3274.927978515625,3274.927978515625,3274.927978515625,3274.927978515625,3274.927978515625,3274.927978515625,False,,,False
scenario_028,free_school_meals_eligible,PA,0.0,0.0,0.0,0.0,0.0,0.0,False,,,False
scenario_028,head_chip_eligible,PA,0.0,0.0,0.0,0.0,0.0,0.0,False,,,False
scenario_028,head_medicaid_eligible,PA,0.0,0.0,0.0,0.0,0.0,0.0,False,,,False
scenario_028,head_medicare_eligible,PA,0.0,0.0,0.0,0.0,0.0,0.0,False,,,False
scenario_028,head_wic_eligible,PA,0.0,0.0,0.0,0.0,0.0,0.0,False,,,False
scenario_028,local_income_tax,PA,0.0,0.0,0.0,0.0,0.0,0.0,False,,,False
scenario_028,payroll_tax,PA,4632.0,4632.0,4632.0,4632.0,4632.0,4632.0,False,,,False
scenario_028,reduced_price_school_meals_eligible,PA,1.0,1.0,0.0,0.0,0.0,0.0,False,school_meals_child_support_income,adopt_latest,True
scenario_028,self_employment_tax,PA,0.0,0.0,0.0,0.0,0.0,0.0,False,,,False
scenario_028,snap,PA,0.0,0.0,0.0,0.0,0.0,0.0,False,,,False
scenario_028,ssi,PA,0.0,0.0,0.0,0.0,0.0,0.0,False,,,False
scenario_028,state_income_tax_before_refundable_credits,PA,1842.3070068359375,1842.3070068359375,1842.3070068359375,1842.3070068359375,1842.3070068359375,1842.3070068359375,False,,,False
scenario_028,state_refundable_credits,PA,62.41279220581055,62.41279220581055,62.41279220581055,62.41279220581055,62.41279220581055,62.41279220581055,False,,,False
scenario_028,tanf,PA,0.0,0.0,0.0,0.0,0.0,0.0,False,,,False
scenario_029,federal_income_tax_before_refundable_credits,OK,0.0,0.0,0.0,0.0,0.0,0.0,False,,,False
scenario_029,federal_refundable_credits,OK,0.0,0.0,0.0,0.0,0.0,0.0,False,,,False
scenario_029,free_school_meals_eligible,OK,0.0,0.0,0.0,0.0,0.0,0.0,False,,,False
scenario_029,head_chip_eligible,OK,0.0,0.0,0.0,0.0,0.0,0.0,False,,,False
scenario_029,head_medicaid_eligible,OK,1.0,1.0,1.0,1.0,1.0,1.0,False,,,False
scenario_029,head_medicare_eligible,OK,0.0,0.0,0.0,0.0,0.0,0.0,False,,,False
scenario_029,head_wic_eligible,OK,0.0,0.0,0.0,0.0,0.0,0.0,False,,,False
scenario_029,local_income_tax,OK,0.0,0.0,0.0,0.0,0.0,0.0,False,,,False
scenario_029,payroll_tax,OK,0.0,0.0,0.0,0.0,0.0,0.0,False,,,False
scenario_029,reduced_price_school_meals_eligible,OK,0.0,0.0,0.0,0.0,0.0,0.0,False,,,False
scenario_029,self_employment_tax,OK,0.0,0.0,0.0,0.0,0.0,0.0,False,,,False
scenario_029,snap,OK,0.0,0.0,0.0,0.0,0.0,0.0,False,,,False
scenario_029,ssi,OK,0.0,0.0,0.0,0.0,0.0,0.0,False,,,False
scenario_029,state_income_tax_before_refundable_credits,OK,0.0,0.0,0.0,0.0,0.0,0.0,False,,,False
scenario_029,state_refundable_credits,OK,40.0,40.0,40.0,40.0,40.0,40.0,False,,,False
scenario_029,tanf,OK,0.0,0.0,0.0,0.0,0.0,0.0,False,,,False
scenario_030,federal_income_tax_before_refundable_credits,TX,0.0,0.0,0.0,0.0,0.0,0.0,False,,,False
scenario_030,federal_refundable_credits,TX,0.0,0.0,0.0,0.0,0.0,0.0,False,,,False
scenario_030,free_school_meals_eligible,TX,0.0,0.0,0.0,0.0,0.0,0.0,False,,,False
scenario_030,head_chip_eligible,TX,0.0,0.0,0.0,0.0,0.0,0.0,False,,,False
scenario_030,head_medicaid_eligible,TX,1.0,1.0,1.0,1.0,1.0,1.0,False,,,False
scenario_030,head_medicare_eligible,TX,0.0,0.0,0.0,0.0,0.0,0.0,False,,,False
scenario_030,head_wic_eligible,TX,1.0,1.0,1.0,1.0,1.0,1.0,False,,,False
scenario_030,local_income_tax,TX,0.0,0.0,0.0,0.0,0.0,0.0,False,,,False
scenario_030,payroll_tax,TX,994.5,994.5,994.5,994.5,994.5,994.5,False,,,False
scenario_030,reduced_price_school_meals_eligible,TX,0.0,0.0,0.0,0.0,0.0,0.0,False,,,False
scenario_030,self_employment_tax,TX,0.0,0.0,0.0,0.0,0.0,0.0,False,,,False
scenario_030,snap,TX,287.68316650390625,288.0,291.0,288.0,288.0,288.0,False,,,False
scenario_030,ssi,TX,0.0,0.0,0.0,0.0,0.0,0.0,False,,,False
scenario_030,state_income_tax_before_refundable_credits,TX,0.0,0.0,0.0,0.0,0.0,0.0,False,,,False
scenario_030,state_refundable_credits,TX,0.0,0.0,0.0,0.0,0.0,0.0,False,,,False
scenario_030,tanf,TX,0.0,0.0,0.0,0.0,0.0,0.0,False,,,False
scenario_031,federal_income_tax_before_refundable_credits,CA,0.0,0.0,0.0,0.0,0.0,0.0,False,,,False
scenario_031,federal_refundable_credits,CA,0.0,0.0,0.0,0.0,0.0,0.0,False,,,False
scenario_031,free_school_meals_eligible,CA,0.0,0.0,0.0,0.0,0.0,0.0,False,,,False
scenario_031,head_chip_eligible,CA,0.0,0.0,0.0,0.0,0.0,0.0,False,,,False
scenario_031,head_medicaid_eligible,CA,1.0,1.0,1.0,1.0,1.0,1.0,False,,,False
scenario_031,head_medicare_eligible,CA,1.0,1.0,1.0,1.0,1.0,1.0,False,,,False
scenario_031,head_wic_eligible,CA,0.0,0.0,0.0,0.0,0.0,0.0,False,,,False
scenario_031,local_income_tax,CA,0.0,0.0,0.0,0.0,0.0,0.0,False,,,False
scenario_031,payroll_tax,CA,0.0,0.0,0.0,0.0,0.0,0.0,False,,,False
scenario_031,reduced_price_school_meals_eligible,CA,0.0,0.0,0.0,0.0,0.0,0.0,False,,,False
scenario_031,self_employment_tax,CA,0.0,0.0,0.0,0.0,0.0,0.0,False,,,False
scenario_031,snap,CA,0.0,0.0,0.0,0.0,0.0,0.0,False,,,False
scenario_031,ssi,CA,0.0,0.0,0.0,0.0,0.0,0.0,False,,,False
scenario_031,state_income_tax_before_refundable_credits,CA,0.0,0.0,0.0,0.0,0.0,0.0,False,,,False
scenario_031,state_refundable_credits,CA,0.0,0.0,0.0,0.0,0.0,0.0,False,,,False
scenario_031,tanf,CA,0.0,0.0,0.0,0.0,0.0,0.0,False,,,False
scenario_032,child1_chip_eligible,MN,0.0,0.0,0.0,0.0,0.0,0.0,False,,,False
scenario_032,child1_early_head_start_eligible,MN,0.0,0.0,0.0,0.0,0.0,0.0,False,,,False
scenario_032,child1_head_start_eligible,MN,0.0,0.0,0.0,0.0,0.0,0.0,False,,,False
scenario_032,child1_medicaid_eligible,MN,1.0,1.0,1.0,1.0,1.0,1.0,False,,,False
scenario_032,child1_medicare_eligible,MN,0.0,0.0,0.0,0.0,0.0,0.0,False,,,False
scenario_032,child1_wic_eligible,MN,0.0,0.0,0.0,0.0,0.0,0.0,False,,,False
scenario_032,federal_income_tax_before_refundable_credits,MN,0.0,0.0,0.0,0.0,0.0,0.0,False,,,False
scenario_032,federal_refundable_credits,MN,6127.0,6127.0,6127.0,6127.0,6127.0,6127.0,False,,,False
scenario_032,free_school_meals_eligible,MN,1.0,1.0,1.0,1.0,1.0,1.0,False,,,False
scenario_032,head_chip_eligible,MN,0.0,0.0,0.0,0.0,0.0,0.0,False,,,False
scenario_032,head_medicaid_eligible,MN,0.0,0.0,0.0,0.0,0.0,0.0,False,,,False
scenario_032,head_medicare_eligible,MN,0.0,0.0,0.0,0.0,0.0,0.0,False,,,False
scenario_032,head_wic_eligible,MN,0.0,0.0,0.0,0.0,0.0,0.0,False,,,False
scenario_032,local_income_tax,MN,0.0,0.0,0.0,0.0,0.0,0.0,False,,,False
scenario_032,payroll_tax,MN,2346.10009765625,2346.10009765625,2346.10009765625,2346.10009765625,2346.10009765625,2346.10009765625,False,,,False
scenario_032,reduced_price_school_meals_eligible,MN,0.0,0.0,0.0,0.0,0.0,0.0,False,,,False
scenario_032,self_employment_tax,MN,0.0,0.0,0.0,0.0,0.0,0.0,False,,,False
scenario_032,snap,MN,0.0,0.0,0.0,0.0,0.0,0.0,False,,,False
scenario_032,spouse_chip_eligible,MN,0.0,0.0,0.0,0.0,0.0,0.0,False,,,False
scenario_032,spouse_medicaid_eligible,MN,1.0,1.0,1.0,1.0,1.0,1.0,False,,,False
scenario_032,spouse_medicare_eligible,MN,0.0,0.0,0.0,0.0,0.0,0.0,False,,,False
scenario_032,spouse_wic_eligible,MN,0.0,0.0,0.0,0.0,0.0,0.0,False,,,False
scenario_032,ssi,MN,0.0,0.0,0.0,0.0,0.0,0.0,False,,,False
scenario_032,state_income_tax_before_refundable_credits,MN,0.0,0.0,0.0,0.0,0.0,0.0,False,,,False
scenario_032,state_refundable_credits,MN,2187.60009765625,2187.60009765625,2187.60009765625,2187.60009765625,2187.60009765625,2187.60009765625,False,,,False
scenario_032,tanf,MN,0.0,0.0,0.0,0.0,0.0,0.0,False,,,False
scenario_033,federal_income_tax_before_refundable_credits,SD,3788.988037109375,3788.988037109375,3818.148193359375,3818.148193359375,3818.148193359375,3818.148193359375,True,salt_refund_gross_income_9122,exclude_unlisted_input,True
scenario_033,federal_refundable_credits,SD,0.0,0.0,0.0,0.0,0.0,0.0,False,,,False
scenario_033,free_school_meals_eligible,SD,0.0,0.0,0.0,0.0,0.0,0.0,False,,,False
scenario_033,head_chip_eligible,SD,0.0,0.0,0.0,0.0,0.0,0.0,False,,,False
scenario_033,head_medicaid_eligible,SD,0.0,0.0,0.0,0.0,0.0,0.0,False,,,False
scenario_033,head_medicare_eligible,SD,1.0,1.0,1.0,1.0,1.0,1.0,False,,,False
scenario_033,head_wic_eligible,SD,0.0,0.0,0.0,0.0,0.0,0.0,False,,,False
scenario_033,local_income_tax,SD,0.0,0.0,0.0,0.0,0.0,0.0,False,,,False
scenario_033,payroll_tax,SD,6043.5,6043.5,6043.5,6043.5,6043.5,6043.5,False,,,False
scenario_033,reduced_price_school_meals_eligible,SD,0.0,0.0,0.0,0.0,0.0,0.0,False,,,False
scenario_033,self_employment_tax,SD,0.0,0.0,0.0,0.0,0.0,0.0,False,,,False
scenario_033,snap,SD,0.0,0.0,0.0,0.0,0.0,0.0,False,,,False
scenario_033,spouse_chip_eligible,SD,0.0,0.0,0.0,0.0,0.0,0.0,False,,,False
scenario_033,spouse_medicaid_eligible,SD,0.0,0.0,0.0,0.0,0.0,0.0,False,,,False
scenario_033,spouse_medicare_eligible,SD,1.0,1.0,1.0,1.0,1.0,1.0,False,,,False
scenario_033,spouse_wic_eligible,SD,0.0,0.0,0.0,0.0,0.0,0.0,False,,,False
scenario_033,ssi,SD,0.0,0.0,0.0,0.0,0.0,0.0,False,,,False
scenario_033,state_income_tax_before_refundable_credits,SD,0.0,0.0,0.0,0.0,0.0,0.0,False,,,False
scenario_033,state_refundable_credits,SD,0.0,0.0,0.0,0.0,0.0,0.0,False,,,False
scenario_033,tanf,SD,0.0,0.0,0.0,0.0,0.0,0.0,False,,,False
scenario_036,federal_income_tax_before_refundable_credits,NJ,4926.39990234375,4926.39990234375,4926.39990234375,4926.39990234375,4926.39990234375,4926.39990234375,False,,,False
scenario_036,federal_refundable_credits,NJ,0.0,0.0,0.0,0.0,0.0,0.0,False,,,False
scenario_036,free_school_meals_eligible,NJ,0.0,0.0,0.0,0.0,0.0,0.0,False,,,False
scenario_036,head_chip_eligible,NJ,0.0,0.0,0.0,0.0,0.0,0.0,False,,,False
scenario_036,head_medicaid_eligible,NJ,0.0,0.0,0.0,0.0,0.0,0.0,False,,,False
scenario_036,head_medicare_eligible,NJ,0.0,0.0,0.0,0.0,0.0,0.0,False,,,False
scenario_036,head_wic_eligible,NJ,0.0,0.0,0.0,0.0,0.0,0.0,False,,,False
scenario_036,local_income_tax,NJ,0.0,0.0,0.0,0.0,0.0,0.0,False,,,False
scenario_036,payroll_tax,NJ,0.0,0.0,0.0,0.0,0.0,0.0,False,,,False
scenario_036,reduced_price_school_meals_eligible,NJ,0.0,0.0,0.0,0.0,0.0,0.0,False,,,False
scenario_036,self_employment_tax,NJ,0.0,0.0,0.0,0.0,0.0,0.0,False,,,False
scenario_036,snap,NJ,0.0,0.0,0.0,0.0,0.0,0.0,False,,,False
scenario_036,ssi,NJ,0.0,0.0,0.0,0.0,0.0,0.0,False,,,False
scenario_036,state_income_tax_before_refundable_credits,NJ,1724.155029296875,1724.155029296875,1724.155029296875,1724.155029296875,1724.155029296875,1724.155029296875,False,,,False
scenario_036,state_refundable_credits,NJ,0.0,0.0,0.0,0.0,0.0,0.0,False,,,False
scenario_036,tanf,NJ,0.0,0.0,0.0,0.0,0.0,0.0,False,,,False
scenario_037,federal_income_tax_before_refundable_credits,NC,1649.2513427734375,1649.2513427734375,1649.2513427734375,1649.2513427734375,1649.2513427734375,1649.2513427734375,False,,,False
scenario_037,federal_refundable_credits,NC,0.0,0.0,0.0,0.0,0.0,0.0,False,,,False
scenario_037,free_school_meals_eligible,NC,0.0,0.0,0.0,0.0,0.0,0.0,False,,,False
scenario_037,head_chip_eligible,NC,0.0,0.0,0.0,0.0,0.0,0.0,False,,,False
scenario_037,head_medicaid_eligible,NC,0.0,0.0,0.0,0.0,0.0,0.0,False,,,False
scenario_037,head_medicare_eligible,NC,0.0,0.0,0.0,0.0,0.0,0.0,False,,,False
scenario_037,head_wic_eligible,NC,0.0,0.0,0.0,0.0,0.0,0.0,False,,,False
scenario_037,local_income_tax,NC,0.0,0.0,0.0,0.0,0.0,0.0,False,,,False
scenario_037,payroll_tax,NC,3208.668701171875,3208.668701171875,3208.668701171875,3208.668701171875,3208.668701171875,3208.668701171875,False,,,False
scenario_037,reduced_price_school_meals_eligible,NC,0.0,0.0,0.0,0.0,0.0,0.0,False,,,False
scenario_037,self_employment_tax,NC,0.0,0.0,0.0,0.0,0.0,0.0,False,,,False
scenario_037,snap,NC,0.0,0.0,0.0,0.0,0.0,0.0,False,,,False
scenario_037,ssi,NC,0.0,0.0,0.0,0.0,0.0,0.0,False,,,False
scenario_037,state_income_tax_before_refundable_credits,NC,1148.69921875,1148.69921875,1148.69921875,1148.69921875,1148.69921875,1148.69921875,False,,,False
scenario_037,state_refundable_credits,NC,0.0,0.0,0.0,0.0,0.0,0.0,False,,,False
scenario_037,tanf,NC,0.0,0.0,0.0,0.0,0.0,0.0,False,,,False
scenario_038,child1_chip_eligible,LA,0.0,0.0,0.0,0.0,0.0,0.0,False,,,False
scenario_038,child1_early_head_start_eligible,LA,0.0,0.0,0.0,0.0,0.0,0.0,False,,,False
scenario_038,child1_head_start_eligible,LA,0.0,0.0,0.0,0.0,0.0,0.0,False,,,False
scenario_038,child1_medicaid_eligible,LA,1.0,1.0,1.0,1.0,1.0,1.0,False,,,False
scenario_038,child1_medicare_eligible,LA,0.0,0.0,0.0,0.0,0.0,0.0,False,,,False
scenario_038,child1_wic_eligible,LA,0.0,0.0,0.0,0.0,0.0,0.0,False,,,False
scenario_038,child2_chip_eligible,LA,0.0,0.0,0.0,0.0,0.0,0.0,False,,,False
scenario_038,child2_early_head_start_eligible,LA,0.0,0.0,0.0,0.0,0.0,0.0,False,,,False
scenario_038,child2_head_start_eligible,LA,0.0,0.0,0.0,0.0,0.0,0.0,False,,,False
scenario_038,child2_medicaid_eligible,LA,1.0,1.0,1.0,1.0,1.0,1.0,False,,,False
scenario_038,child2_medicare_eligible,LA,0.0,0.0,0.0,0.0,0.0,0.0,False,,,False
scenario_038,child2_wic_eligible,LA,0.0,0.0,0.0,0.0,0.0,0.0,False,,,False
scenario_038,federal_income_tax_before_refundable_credits,LA,0.0,0.0,0.0,0.0,0.0,0.0,False,,,False
scenario_038,federal_refundable_credits,LA,10225.353515625,10225.353515625,10225.353515625,10225.353515625,10225.353515625,10225.353515625,False,,,False
scenario_038,free_school_meals_eligible,LA,1.0,1.0,1.0,1.0,1.0,1.0,False,,,False
scenario_038,head_chip_eligible,LA,0.0,0.0,0.0,0.0,0.0,0.0,False,,,False
scenario_038,head_medicaid_eligible,LA,1.0,1.0,1.0,1.0,1.0,1.0,False,,,False
scenario_038,head_medicare_eligible,LA,0.0,0.0,0.0,0.0,0.0,0.0,False,,,False
scenario_038,head_wic_eligible,LA,0.0,0.0,0.0,0.0,0.0,0.0,False,,,False
scenario_038,local_income_tax,LA,0.0,0.0,0.0,0.0,0.0,0.0,False,,,False
scenario_038,payroll_tax,LA,571.2637329101562,571.2637329101562,571.2637329101562,571.2637329101562,571.2637329101562,571.2637329101562,False,,,False
scenario_038,reduced_price_school_meals_eligible,LA,0.0,0.0,0.0,0.0,0.0,0.0,False,,,False
scenario_038,self_employment_tax,LA,2193.612548828125,2193.612548828125,2193.612548828125,2193.612548828125,2193.612548828125,2193.612548828125,False,,,False
scenario_038,snap,LA,7286.9443359375,7212.0,7302.0,7212.0,7212.0,7212.0,False,,,False
scenario_038,spouse_chip_eligible,LA,0.0,0.0,0.0,0.0,0.0,0.0,False,,,False
scenario_038,spouse_medicaid_eligible,LA,1.0,1.0,1.0,1.0,1.0,1.0,False,,,False
scenario_038,spouse_medicare_eligible,LA,0.0,0.0,0.0,0.0,0.0,0.0,False,,,False
scenario_038,spouse_wic_eligible,LA,0.0,0.0,0.0,0.0,0.0,0.0,False,,,False
scenario_038,ssi,LA,0.0,0.0,0.0,0.0,0.0,0.0,False,,,False
scenario_038,state_income_tax_before_refundable_credits,LA,0.0,0.0,0.0,0.0,0.0,0.0,False,,,False
scenario_038,state_refundable_credits,LA,365.8000183105469,365.8000183105469,365.8000183105469,365.8000183105469,365.8000183105469,365.8000183105469,False,,,False
scenario_038,tanf,LA,0.0,0.0,0.0,0.0,0.0,0.0,False,,,False
scenario_039,federal_income_tax_before_refundable_credits,VA,1345.510498046875,1345.510498046875,1345.510498046875,1345.510498046875,1345.510498046875,1345.510498046875,True,,,False
scenario_039,federal_refundable_credits,VA,0.0,0.0,0.0,0.0,0.0,0.0,False,,,False
scenario_039,free_school_meals_eligible,VA,0.0,0.0,0.0,0.0,0.0,0.0,False,,,False
scenario_039,head_chip_eligible,VA,0.0,0.0,0.0,0.0,0.0,0.0,False,,,False
scenario_039,head_medicaid_eligible,VA,0.0,0.0,0.0,0.0,0.0,0.0,False,,,False
scenario_039,head_medicare_eligible,VA,0.0,0.0,0.0,0.0,0.0,0.0,False,,,False
scenario_039,head_wic_eligible,VA,0.0,0.0,0.0,0.0,0.0,0.0,False,,,False
scenario_039,local_income_tax,VA,0.0,0.0,0.0,0.0,0.0,0.0,False,,,False
scenario_039,payroll_tax,VA,0.0,0.0,0.0,0.0,0.0,0.0,False,,,False
scenario_039,reduced_price_school_meals_eligible,VA,0.0,0.0,0.0,0.0,0.0,0.0,False,,,False
scenario_039,self_employment_tax,VA,0.0,0.0,0.0,0.0,0.0,0.0,False,,,False
scenario_039,snap,VA,0.0,0.0,0.0,0.0,0.0,0.0,False,,,False
scenario_039,ssi,VA,0.0,0.0,0.0,0.0,0.0,0.0,False,,,False
scenario_039,state_income_tax_before_refundable_credits,VA,514.4984130859375,514.4984130859375,514.4984130859375,514.4984130859375,514.4984130859375,514.4984130859375,True,,,False
scenario_039,state_refundable_credits,VA,0.0,0.0,0.0,0.0,0.0,0.0,False,,,False
scenario_039,tanf,VA,0.0,0.0,0.0,0.0,0.0,0.0,False,,,False
scenario_040,federal_income_tax_before_refundable_credits,AZ,0.0,0.0,0.0,0.0,0.0,0.0,False,,,False
scenario_040,federal_refundable_credits,AZ,0.0,0.0,0.0,0.0,0.0,0.0,False,,,False
scenario_040,free_school_meals_eligible,AZ,0.0,0.0,0.0,0.0,0.0,0.0,False,,,False
scenario_040,head_chip_eligible,AZ,0.0,0.0,0.0,0.0,0.0,0.0,False,,,False
scenario_040,head_medicaid_eligible,AZ,0.0,0.0,0.0,0.0,0.0,0.0,False,,,False
scenario_040,head_medicare_eligible,AZ,1.0,1.0,1.0,1.0,1.0,1.0,False,,,False
scenario_040,head_wic_eligible,AZ,0.0,0.0,0.0,0.0,0.0,0.0,False,,,False
scenario_040,local_income_tax,AZ,0.0,0.0,0.0,0.0,0.0,0.0,False,,,False
scenario_040,payroll_tax,AZ,2142.0,2142.0,2142.0,2142.0,2142.0,2142.0,False,,,False
scenario_040,reduced_price_school_meals_eligible,AZ,0.0,0.0,0.0,0.0,0.0,0.0,False,,,False
scenario_040,self_employment_tax,AZ,0.0,0.0,0.0,0.0,0.0,0.0,False,,,False
scenario_040,snap,AZ,0.0,0.0,0.0,0.0,0.0,0.0,False,,,False
scenario_040,spouse_chip_eligible,AZ,0.0,0.0,0.0,0.0,0.0,0.0,False,,,False
scenario_040,spouse_medicaid_eligible,AZ,0.0,0.0,0.0,0.0,0.0,0.0,False,,,False
scenario_040,spouse_medicare_eligible,AZ,1.0,1.0,1.0,1.0,1.0,1.0,False,,,False
scenario_040,spouse_wic_eligible,AZ,0.0,0.0,0.0,0.0,0.0,0.0,False,,,False
scenario_040,ssi,AZ,0.0,0.0,0.0,0.0,0.0,0.0,False,,,False
scenario_040,state_income_tax_before_refundable_credits,AZ,0.0,0.0,0.0,0.0,0.0,0.0,False,,,False
scenario_040,state_refundable_credits,AZ,0.0,0.0,0.0,0.0,0.0,0.0,False,,,False
scenario_040,tanf,AZ,0.0,0.0,0.0,0.0,0.0,0.0,False,,,False
scenario_042,federal_income_tax_before_refundable_credits,WI,1979.1583251953125,2361.96484375,2361.96484375,2361.96484375,2361.96484375,2361.96484375,False,,,False
scenario_042,federal_refundable_credits,WI,0.0,0.0,0.0,0.0,0.0,0.0,False,,,False
scenario_042,free_school_meals_eligible,WI,0.0,0.0,0.0,0.0,0.0,0.0,False,,,False
scenario_042,head_chip_eligible,WI,0.0,0.0,0.0,0.0,0.0,0.0,False,,,False
scenario_042,head_medicaid_eligible,WI,0.0,0.0,0.0,0.0,0.0,0.0,False,,,False
scenario_042,head_medicare_eligible,WI,1.0,1.0,1.0,1.0,1.0,1.0,False,,,False
scenario_042,head_wic_eligible,WI,0.0,0.0,0.0,0.0,0.0,0.0,False,,,False
scenario_042,local_income_tax,WI,0.0,0.0,0.0,0.0,0.0,0.0,False,,,False
scenario_042,payroll_tax,WI,0.0,0.0,0.0,0.0,0.0,0.0,False,,,False
scenario_042,reduced_price_school_meals_eligible,WI,0.0,0.0,0.0,0.0,0.0,0.0,False,,,False
scenario_042,self_employment_tax,WI,0.0,0.0,0.0,0.0,0.0,0.0,False,,,False
scenario_042,snap,WI,0.0,0.0,0.0,0.0,0.0,0.0,False,,,False
scenario_042,ssi,WI,0.0,0.0,0.0,0.0,0.0,0.0,False,,,False
scenario_042,state_income_tax_before_refundable_credits,WI,284.74090576171875,284.74090576171875,468.82916259765625,464.1828002929687,464.1828002929687,284.74090576171875,True,excl_r32_wi_capital_gain_distributions,keep_excluded,True
scenario_042,state_refundable_credits,WI,0.0,0.0,0.0,0.0,0.0,0.0,False,,,False
scenario_042,tanf,WI,0.0,0.0,0.0,0.0,0.0,0.0,False,,,False
scenario_043,federal_income_tax_before_refundable_credits,CO,0.0,0.0,0.0,0.0,0.0,0.0,False,,,False
scenario_043,federal_refundable_credits,CO,0.0,0.0,0.0,0.0,0.0,0.0,False,,,False
scenario_043,free_school_meals_eligible,CO,0.0,0.0,0.0,0.0,0.0,0.0,False,,,False
scenario_043,head_chip_eligible,CO,0.0,0.0,0.0,0.0,0.0,0.0,False,,,False
scenario_043,head_medicaid_eligible,CO,0.0,0.0,0.0,0.0,0.0,0.0,False,,,False
scenario_043,head_medicare_eligible,CO,1.0,1.0,1.0,1.0,1.0,1.0,False,,,False
scenario_043,head_wic_eligible,CO,0.0,0.0,0.0,0.0,0.0,0.0,False,,,False
scenario_043,local_income_tax,CO,0.0,0.0,0.0,0.0,0.0,0.0,False,,,False
scenario_043,payroll_tax,CO,330.7310791015625,330.7310791015625,330.7310791015625,330.7310791015625,330.7310791015625,330.7310791015625,False,,,False
scenario_043,reduced_price_school_meals_eligible,CO,0.0,0.0,0.0,0.0,0.0,0.0,False,,,False
scenario_043,self_employment_tax,CO,0.0,0.0,0.0,0.0,0.0,0.0,False,,,False
scenario_043,snap,CO,3596.039794921875,3576.0,3600.0,3576.0,3576.0,3576.0,False,,,False
scenario_043,ssi,CO,0.0,0.0,0.0,0.0,0.0,0.0,False,,,False
scenario_043,state_income_tax_before_refundable_credits,CO,0.0,0.0,0.0,0.0,0.0,0.0,False,,,False
scenario_043,state_refundable_credits,CO,19.0,19.0,19.0,19.0,19.0,19.0,False,,,False
scenario_043,tanf,CO,0.0,0.0,0.0,0.0,0.0,0.0,False,,,False
scenario_044,federal_income_tax_before_refundable_credits,KS,0.0,0.0,0.0,0.0,0.0,0.0,False,,,False
scenario_044,federal_refundable_credits,KS,0.0,0.0,0.0,0.0,0.0,0.0,False,,,False
scenario_044,free_school_meals_eligible,KS,0.0,0.0,0.0,0.0,0.0,0.0,False,,,False
scenario_044,head_chip_eligible,KS,0.0,0.0,0.0,0.0,0.0,0.0,False,,,False
scenario_044,head_medicaid_eligible,KS,0.0,0.0,0.0,0.0,0.0,0.0,False,,,False
scenario_044,head_medicare_eligible,KS,1.0,1.0,1.0,1.0,1.0,1.0,False,,,False
scenario_044,head_wic_eligible,KS,0.0,0.0,0.0,0.0,0.0,0.0,False,,,False
scenario_044,local_income_tax,KS,0.0,0.0,0.0,0.0,0.0,0.0,False,,,False
scenario_044,payroll_tax,KS,0.0,0.0,0.0,0.0,0.0,0.0,False,,,False
scenario_044,reduced_price_school_meals_eligible,KS,0.0,0.0,0.0,0.0,0.0,0.0,False,,,False
scenario_044,self_employment_tax,KS,0.0,0.0,0.0,0.0,0.0,0.0,False,,,False
scenario_044,snap,KS,0.0,0.0,0.0,0.0,0.0,0.0,False,,,False
scenario_044,spouse_chip_eligible,KS,0.0,0.0,0.0,0.0,0.0,0.0,False,,,False
scenario_044,spouse_medicaid_eligible,KS,0.0,0.0,0.0,0.0,0.0,0.0,False,,,False
scenario_044,spouse_medicare_eligible,KS,0.0,0.0,0.0,0.0,0.0,0.0,False,,,False
scenario_044,spouse_wic_eligible,KS,0.0,0.0,0.0,0.0,0.0,0.0,False,,,False
scenario_044,ssi,KS,0.0,0.0,0.0,0.0,0.0,0.0,False,,,False
scenario_044,state_income_tax_before_refundable_credits,KS,0.0,0.0,0.0,0.0,0.0,0.0,False,,,False
scenario_044,state_refundable_credits,KS,0.0,0.0,0.0,0.0,0.0,0.0,False,,,False
scenario_044,tanf,KS,0.0,0.0,0.0,0.0,0.0,0.0,False,,,False
scenario_045,federal_income_tax_before_refundable_credits,MI,2173.07080078125,2173.07080078125,2173.07080078125,2173.07080078125,2173.07080078125,2173.07080078125,False,,,False
scenario_045,federal_refundable_credits,MI,0.0,0.0,0.0,0.0,0.0,0.0,False,,,False
scenario_045,free_school_meals_eligible,MI,0.0,0.0,0.0,0.0,0.0,0.0,False,,,False
scenario_045,head_chip_eligible,MI,0.0,0.0,0.0,0.0,0.0,0.0,False,,,False
scenario_045,head_medicaid_eligible,MI,0.0,0.0,0.0,0.0,0.0,0.0,False,,,False
scenario_045,head_medicare_eligible,MI,0.0,0.0,0.0,0.0,0.0,0.0,False,,,False
scenario_045,head_wic_eligible,MI,0.0,0.0,0.0,0.0,0.0,0.0,False,,,False
scenario_045,local_income_tax,MI,0.0,0.0,0.0,0.0,0.0,0.0,False,,,False
scenario_045,payroll_tax,MI,2775.08251953125,2775.08251953125,2775.08251953125,2775.08251953125,2775.08251953125,2775.08251953125,False,,,False
scenario_045,reduced_price_school_meals_eligible,MI,0.0,0.0,0.0,0.0,0.0,0.0,False,,,False
scenario_045,self_employment_tax,MI,0.0,0.0,0.0,0.0,0.0,0.0,False,,,False
scenario_045,snap,MI,287.68316650390625,0.0,0.0,0.0,0.0,0.0,False,,,False
scenario_045,ssi,MI,0.0,0.0,0.0,0.0,0.0,0.0,False,,,False
scenario_045,state_income_tax_before_refundable_credits,MI,1288.8375244140625,1290.9625244140625,1288.8375244140625,1290.9625244140625,1290.9625244140625,1290.9625244140625,False,,,False
scenario_045,state_refundable_credits,MI,760.7887573242188,760.7887573242188,760.7887573242188,760.7887573242188,760.7887573242188,760.7887573242188,False,,,False
scenario_045,tanf,MI,0.0,0.0,0.0,0.0,0.0,0.0,False,,,False
scenario_046,child1_chip_eligible,OK,0.0,0.0,0.0,0.0,0.0,0.0,False,,,False
scenario_046,child1_early_head_start_eligible,OK,0.0,0.0,0.0,0.0,0.0,0.0,False,,,False
scenario_046,child1_head_start_eligible,OK,0.0,0.0,0.0,0.0,0.0,0.0,False,,,False
scenario_046,child1_medicaid_eligible,OK,0.0,0.0,0.0,0.0,0.0,0.0,False,,,False
scenario_046,child1_medicare_eligible,OK,0.0,0.0,0.0,0.0,0.0,0.0,False,,,False
scenario_046,child1_wic_eligible,OK,0.0,0.0,0.0,0.0,0.0,0.0,False,,,False
scenario_046,child2_chip_eligible,OK,0.0,0.0,0.0,0.0,0.0,0.0,False,,,False
scenario_046,child2_early_head_start_eligible,OK,0.0,0.0,0.0,0.0,0.0,0.0,False,,,False
scenario_046,child2_head_start_eligible,OK,0.0,0.0,0.0,0.0,0.0,0.0,False,,,False
scenario_046,child2_medicaid_eligible,OK,0.0,0.0,0.0,0.0,0.0,0.0,False,,,False
scenario_046,child2_medicare_eligible,OK,0.0,0.0,0.0,0.0,0.0,0.0,False,,,False
scenario_046,child2_wic_eligible,OK,0.0,0.0,0.0,0.0,0.0,0.0,False,,,False
scenario_046,federal_income_tax_before_refundable_credits,OK,499.71484375,499.71484375,499.71484375,499.71484375,499.71484375,499.71484375,False,,,False
scenario_046,federal_refundable_credits,OK,0.0,0.0,0.0,0.0,0.0,0.0,False,,,False
scenario_046,free_school_meals_eligible,OK,0.0,0.0,0.0,0.0,0.0,0.0,False,,,False
scenario_046,head_chip_eligible,OK,0.0,0.0,0.0,0.0,0.0,0.0,False,,,False
scenario_046,head_medicaid_eligible,OK,0.0,0.0,0.0,0.0,0.0,0.0,False,,,False
scenario_046,head_medicare_eligible,OK,0.0,0.0,0.0,0.0,0.0,0.0,False,,,False
scenario_046,head_wic_eligible,OK,0.0,0.0,0.0,0.0,0.0,0.0,False,,,False
scenario_046,local_income_tax,OK,0.0,0.0,0.0,0.0,0.0,0.0,False,,,False
scenario_046,payroll_tax,OK,7038.0,7038.0,7038.0,7038.0,7038.0,7038.0,False,,,False
scenario_046,reduced_price_school_meals_eligible,OK,0.0,0.0,0.0,0.0,0.0,0.0,False,,,False
scenario_046,self_employment_tax,OK,0.0,0.0,0.0,0.0,0.0,0.0,False,,,False
scenario_046,snap,OK,0.0,0.0,0.0,0.0,0.0,0.0,False,,,False
scenario_046,spouse_chip_eligible,OK,0.0,0.0,0.0,0.0,0.0,0.0,False,,,False
scenario_046,spouse_medicaid_eligible,OK,0.0,0.0,0.0,0.0,0.0,0.0,False,,,False
scenario_046,spouse_medicare_eligible,OK,0.0,0.0,0.0,0.0,0.0,0.0,False,,,False
scenario_046,spouse_wic_eligible,OK,0.0,0.0,0.0,0.0,0.0,0.0,False,,,False
scenario_046,ssi,OK,0.0,0.0,0.0,0.0,0.0,0.0,False,,,False
scenario_046,state_income_tax_before_refundable_credits,OK,2739.135009765625,2739.135009765625,2739.135009765625,2739.135009765625,2739.135009765625,2739.135009765625,False,,,False
scenario_046,state_refundable_credits,OK,0.0,0.0,0.0,0.0,0.0,0.0,False,,,False
scenario_046,tanf,OK,0.0,0.0,0.0,0.0,0.0,0.0,False,,,False
scenario_048,federal_income_tax_before_refundable_credits,OH,0.0,0.0,0.0,0.0,0.0,0.0,False,,,False
scenario_048,federal_refundable_credits,OH,0.0,0.0,0.0,0.0,0.0,0.0,False,,,False
scenario_048,free_school_meals_eligible,OH,0.0,0.0,0.0,0.0,0.0,0.0,False,,,False
scenario_048,head_chip_eligible,OH,0.0,0.0,0.0,0.0,0.0,0.0,False,,,False
scenario_048,head_medicaid_eligible,OH,0.0,0.0,0.0,0.0,0.0,0.0,False,,,False
scenario_048,head_medicare_eligible,OH,1.0,1.0,1.0,1.0,1.0,1.0,False,,,False
scenario_048,head_wic_eligible,OH,0.0,0.0,0.0,0.0,0.0,0.0,False,,,False
scenario_048,local_income_tax,OH,0.0,0.0,0.0,0.0,0.0,0.0,False,,,False
scenario_048,payroll_tax,OH,585.6839599609375,585.6839599609375,585.6839599609375,585.6839599609375,585.6839599609375,585.6839599609375,False,,,False
scenario_048,reduced_price_school_meals_eligible,OH,0.0,0.0,0.0,0.0,0.0,0.0,False,,,False
scenario_048,self_employment_tax,OH,0.0,0.0,0.0,0.0,0.0,0.0,False,,,False
scenario_048,snap,OH,0.0,0.0,0.0,0.0,0.0,0.0,False,,,False
scenario_048,ssi,OH,0.0,0.0,0.0,0.0,0.0,0.0,False,,,False
scenario_048,state_income_tax_before_refundable_credits,OH,0.0,0.0,0.0,0.0,0.0,0.0,False,,,False
scenario_048,state_refundable_credits,OH,0.0,0.0,0.0,0.0,0.0,0.0,False,,,False
scenario_048,tanf,OH,0.0,0.0,0.0,0.0,0.0,0.0,False,,,False
scenario_049,federal_income_tax_before_refundable_credits,NH,30543.908203125,30543.908203125,30543.908203125,30543.908203125,30543.908203125,30543.908203125,True,,,False
scenario_049,federal_refundable_credits,NH,0.0,0.0,0.0,0.0,0.0,0.0,False,,,False
scenario_049,free_school_meals_eligible,NH,0.0,0.0,0.0,0.0,0.0,0.0,False,,,False
scenario_049,head_chip_eligible,NH,0.0,0.0,0.0,0.0,0.0,0.0,False,,,False
scenario_049,head_medicaid_eligible,NH,0.0,0.0,0.0,0.0,0.0,0.0,False,,,False
scenario_049,head_medicare_eligible,NH,0.0,0.0,0.0,0.0,0.0,0.0,False,,,False
scenario_049,head_wic_eligible,NH,0.0,0.0,0.0,0.0,0.0,0.0,False,,,False
scenario_049,local_income_tax,NH,0.0,0.0,0.0,0.0,0.0,0.0,False,,,False
scenario_049,payroll_tax,NH,15134.5,15134.5,15134.5,15134.5,15134.5,15134.5,False,,,False
scenario_049,reduced_price_school_meals_eligible,NH,0.0,0.0,0.0,0.0,0.0,0.0,False,,,False
scenario_049,self_employment_tax,NH,0.0,0.0,0.0,0.0,0.0,0.0,False,,,False
scenario_049,snap,NH,0.0,0.0,0.0,0.0,0.0,0.0,False,,,False
scenario_049,spouse_chip_eligible,NH,0.0,0.0,0.0,0.0,0.0,0.0,False,,,False
scenario_049,spouse_medicaid_eligible,NH,0.0,0.0,0.0,0.0,0.0,0.0,False,,,False
scenario_049,spouse_medicare_eligible,NH,0.0,0.0,0.0,0.0,0.0,0.0,False,,,False
scenario_049,spouse_wic_eligible,NH,0.0,0.0,0.0,0.0,0.0,0.0,False,,,False
scenario_049,ssi,NH,0.0,0.0,0.0,0.0,0.0,0.0,False,,,False
scenario_049,state_income_tax_before_refundable_credits,NH,0.0,0.0,0.0,0.0,0.0,0.0,False,,,False
scenario_049,state_refundable_credits,NH,0.0,0.0,0.0,0.0,0.0,0.0,False,,,False
scenario_049,tanf,NH,0.0,0.0,0.0,0.0,0.0,0.0,False,,,False
scenario_051,federal_income_tax_before_refundable_credits,LA,2620.0,2620.0,2620.0,2620.0,2620.0,2620.0,False,,,False
scenario_051,federal_refundable_credits,LA,0.0,0.0,0.0,0.0,0.0,0.0,False,,,False
scenario_051,free_school_meals_eligible,LA,0.0,0.0,0.0,0.0,0.0,0.0,False,,,False
scenario_051,head_chip_eligible,LA,0.0,0.0,0.0,0.0,0.0,0.0,False,,,False
scenario_051,head_medicaid_eligible,LA,0.0,0.0,0.0,0.0,0.0,0.0,False,,,False
scenario_051,head_medicare_eligible,LA,0.0,0.0,0.0,0.0,0.0,0.0,False,,,False
scenario_051,head_wic_eligible,LA,0.0,0.0,0.0,0.0,0.0,0.0,False,,,False
scenario_051,local_income_tax,LA,0.0,0.0,0.0,0.0,0.0,0.0,False,,,False
scenario_051,payroll_tax,LA,3060.0,3060.0,3060.0,3060.0,3060.0,3060.0,False,,,False
scenario_051,reduced_price_school_meals_eligible,LA,0.0,0.0,0.0,0.0,0.0,0.0,False,,,False
scenario_051,self_employment_tax,LA,0.0,0.0,0.0,0.0,0.0,0.0,False,,,False
scenario_051,snap,LA,0.0,0.0,0.0,0.0,0.0,0.0,False,,,False
scenario_051,ssi,LA,0.0,0.0,0.0,0.0,0.0,0.0,False,,,False
scenario_051,state_income_tax_before_refundable_credits,LA,814.9500122070312,820.3499755859375,820.3499755859375,820.3499755859375,820.3499755859375,820.3499755859375,False,,,False
scenario_051,state_refundable_credits,LA,0.0,0.0,0.0,0.0,0.0,0.0,False,,,False
scenario_051,tanf,LA,0.0,0.0,0.0,0.0,0.0,0.0,False,,,False
scenario_052,federal_income_tax_before_refundable_credits,TX,104211.40625,104211.40625,104211.40625,104211.40625,104211.40625,104211.40625,True,,,False
scenario_052,federal_refundable_credits,TX,0.0,0.0,0.0,0.0,0.0,0.0,False,,,False
scenario_052,free_school_meals_eligible,TX,0.0,0.0,0.0,0.0,0.0,0.0,False,,,False
scenario_052,head_chip_eligible,TX,0.0,0.0,0.0,0.0,0.0,0.0,False,,,False
scenario_052,head_medicaid_eligible,TX,0.0,0.0,0.0,0.0,0.0,0.0,False,,,False
scenario_052,head_medicare_eligible,TX,0.0,0.0,0.0,0.0,0.0,0.0,False,,,False
scenario_052,head_wic_eligible,TX,0.0,0.0,0.0,0.0,0.0,0.0,False,,,False
scenario_052,local_income_tax,TX,0.0,0.0,0.0,0.0,0.0,0.0,False,,,False
scenario_052,payroll_tax,TX,20939.0,20939.0,20939.0,20939.0,20939.0,20939.0,False,,,False
scenario_052,reduced_price_school_meals_eligible,TX,0.0,0.0,0.0,0.0,0.0,0.0,False,,,False
scenario_052,self_employment_tax,TX,0.0,0.0,0.0,0.0,0.0,0.0,False,,,False
scenario_052,snap,TX,0.0,0.0,0.0,0.0,0.0,0.0,False,,,False
scenario_052,spouse_chip_eligible,TX,0.0,0.0,0.0,0.0,0.0,0.0,False,,,False
scenario_052,spouse_medicaid_eligible,TX,0.0,0.0,0.0,0.0,0.0,0.0,False,,,False
scenario_052,spouse_medicare_eligible,TX,0.0,0.0,0.0,0.0,0.0,0.0,False,,,False
scenario_052,spouse_wic_eligible,TX,0.0,0.0,0.0,0.0,0.0,0.0,False,,,False
scenario_052,ssi,TX,0.0,0.0,0.0,0.0,0.0,0.0,False,,,False
scenario_052,state_income_tax_before_refundable_credits,TX,0.0,0.0,0.0,0.0,0.0,0.0,False,,,False
scenario_052,state_refundable_credits,TX,0.0,0.0,0.0,0.0,0.0,0.0,False,,,False
scenario_052,tanf,TX,0.0,0.0,0.0,0.0,0.0,0.0,False,,,False
scenario_053,federal_income_tax_before_refundable_credits,ID,5903.109375,5903.109375,5903.109375,5903.109375,5903.109375,5903.109375,False,,,False
scenario_053,federal_refundable_credits,ID,0.0,0.0,0.0,0.0,0.0,0.0,False,,,False
scenario_053,free_school_meals_eligible,ID,0.0,0.0,0.0,0.0,0.0,0.0,False,,,False
scenario_053,head_chip_eligible,ID,0.0,0.0,0.0,0.0,0.0,0.0,False,,,False
scenario_053,head_medicaid_eligible,ID,0.0,0.0,0.0,0.0,0.0,0.0,False,,,False
scenario_053,head_medicare_eligible,ID,0.0,0.0,0.0,0.0,0.0,0.0,False,,,False
scenario_053,head_wic_eligible,ID,0.0,0.0,0.0,0.0,0.0,0.0,False,,,False
scenario_053,local_income_tax,ID,0.0,0.0,0.0,0.0,0.0,0.0,False,,,False
scenario_053,payroll_tax,ID,5123.10400390625,5123.10400390625,5123.10400390625,5123.10400390625,5123.10400390625,5123.10400390625,False,,,False
scenario_053,reduced_price_school_meals_eligible,ID,0.0,0.0,0.0,0.0,0.0,0.0,False,,,False
scenario_053,self_employment_tax,ID,0.0,0.0,0.0,0.0,0.0,0.0,False,,,False
scenario_053,snap,ID,0.0,0.0,0.0,0.0,0.0,0.0,False,,,False
scenario_053,ssi,ID,0.0,0.0,0.0,0.0,0.0,0.0,False,,,False
scenario_053,state_income_tax_before_refundable_credits,ID,2435.2783203125,2435.2783203125,2435.2783203125,2441.05712890625,2441.05712890625,2435.2783203125,True,excl_r07_idaho_health_premiums,keep_excluded,True
scenario_053,state_refundable_credits,ID,155.0,155.0,155.0,155.0,155.0,155.0,False,,,False
scenario_053,tanf,ID,0.0,0.0,0.0,0.0,0.0,0.0,False,,,False
scenario_054,child1_chip_eligible,NC,0.0,0.0,0.0,0.0,0.0,0.0,False,,,False
scenario_054,child1_early_head_start_eligible,NC,0.0,0.0,0.0,0.0,0.0,0.0,False,,,False
scenario_054,child1_head_start_eligible,NC,0.0,0.0,0.0,0.0,0.0,0.0,False,,,False
scenario_054,child1_medicaid_eligible,NC,1.0,1.0,1.0,1.0,1.0,1.0,False,,,False
scenario_054,child1_medicare_eligible,NC,0.0,0.0,0.0,0.0,0.0,0.0,False,,,False
scenario_054,child1_wic_eligible,NC,0.0,0.0,0.0,0.0,0.0,0.0,False,,,False
scenario_054,child2_chip_eligible,NC,0.0,0.0,0.0,0.0,0.0,0.0,False,,,False
scenario_054,child2_early_head_start_eligible,NC,1.0,1.0,1.0,1.0,1.0,1.0,False,,,False
scenario_054,child2_head_start_eligible,NC,0.0,0.0,0.0,0.0,0.0,0.0,False,,,False
scenario_054,child2_medicaid_eligible,NC,1.0,1.0,1.0,1.0,1.0,1.0,False,,,False
scenario_054,child2_medicare_eligible,NC,0.0,0.0,0.0,0.0,0.0,0.0,False,,,False
scenario_054,child2_wic_eligible,NC,1.0,1.0,1.0,1.0,1.0,1.0,False,,,False
scenario_054,federal_income_tax_before_refundable_credits,NC,0.0,0.0,0.0,0.0,0.0,0.0,False,,,False
scenario_054,federal_refundable_credits,NC,8365.55859375,8365.55859375,8365.55859375,8365.55859375,8365.55859375,8365.55859375,False,,,False
scenario_054,free_school_meals_eligible,NC,1.0,1.0,1.0,1.0,1.0,1.0,False,,,False
scenario_054,head_chip_eligible,NC,0.0,0.0,0.0,0.0,0.0,0.0,False,,,False
scenario_054,head_medicaid_eligible,NC,1.0,1.0,1.0,1.0,1.0,1.0,False,,,False
scenario_054,head_medicare_eligible,NC,0.0,0.0,0.0,0.0,0.0,0.0,False,,,False
scenario_054,head_wic_eligible,NC,0.0,0.0,0.0,0.0,0.0,0.0,False,,,False
scenario_054,local_income_tax,NC,0.0,0.0,0.0,0.0,0.0,0.0,False,,,False
scenario_054,payroll_tax,NC,0.0,0.0,0.0,0.0,0.0,0.0,False,,,False
scenario_054,reduced_price_school_meals_eligible,NC,0.0,0.0,0.0,0.0,0.0,0.0,False,,,False
scenario_054,self_employment_tax,NC,2416.15283203125,2416.15283203125,2416.15283203125,2416.15283203125,2416.15283203125,2416.15283203125,False,,,False
scenario_054,snap,NC,6125.68896484375,6060.0,6138.0,6060.0,6060.0,6060.0,False,,,False
scenario_054,ssi,NC,0.0,0.0,0.0,0.0,0.0,0.0,False,,,False
scenario_054,state_income_tax_before_refundable_credits,NC,0.0,0.0,0.0,0.0,0.0,0.0,False,,,False
scenario_054,state_refundable_credits,NC,0.0,0.0,0.0,0.0,0.0,0.0,False,,,False
scenario_054,tanf,NC,0.0,0.0,0.0,0.0,0.0,0.0,False,,,False
scenario_055,federal_income_tax_before_refundable_credits,FL,25238.578125,25238.578125,25238.578125,25238.578125,25238.578125,25238.578125,False,,,False
scenario_055,federal_refundable_credits,FL,0.0,0.0,0.0,0.0,0.0,0.0,False,,,False
scenario_055,free_school_meals_eligible,FL,0.0,0.0,0.0,0.0,0.0,0.0,False,,,False
scenario_055,head_chip_eligible,FL,0.0,0.0,0.0,0.0,0.0,0.0,False,,,False
scenario_055,head_medicaid_eligible,FL,0.0,0.0,0.0,0.0,0.0,0.0,False,,,False
scenario_055,head_medicare_eligible,FL,1.0,1.0,1.0,1.0,1.0,1.0,False,,,False
scenario_055,head_wic_eligible,FL,0.0,0.0,0.0,0.0,0.0,0.0,False,,,False
scenario_055,local_income_tax,FL,0.0,0.0,0.0,0.0,0.0,0.0,False,,,False
scenario_055,payroll_tax,FL,6398.08837890625,6398.08837890625,6398.08837890625,6398.08837890625,6398.08837890625,6398.08837890625,False,,,False
scenario_055,reduced_price_school_meals_eligible,FL,0.0,0.0,0.0,0.0,0.0,0.0,False,,,False
scenario_055,self_employment_tax,FL,0.0,0.0,0.0,0.0,0.0,0.0,False,,,False
scenario_055,snap,FL,0.0,0.0,0.0,0.0,0.0,0.0,False,,,False
scenario_055,ssi,FL,0.0,0.0,0.0,0.0,0.0,0.0,False,,,False
scenario_055,state_income_tax_before_refundable_credits,FL,0.0,0.0,0.0,0.0,0.0,0.0,False,,,False
scenario_055,state_refundable_credits,FL,0.0,0.0,0.0,0.0,0.0,0.0,False,,,False
scenario_055,tanf,FL,0.0,0.0,0.0,0.0,0.0,0.0,False,,,False
scenario_056,federal_income_tax_before_refundable_credits,NJ,0.0,0.0,0.0,0.0,0.0,0.0,False,,,False
scenario_056,federal_refundable_credits,NJ,0.0,0.0,0.0,0.0,0.0,0.0,False,,,False
scenario_056,free_school_meals_eligible,NJ,0.0,0.0,0.0,0.0,0.0,0.0,False,,,False
scenario_056,head_chip_eligible,NJ,0.0,0.0,0.0,0.0,0.0,0.0,False,,,False
scenario_056,head_medicaid_eligible,NJ,1.0,1.0,1.0,1.0,1.0,1.0,False,,,False
scenario_056,head_medicare_eligible,NJ,0.0,0.0,0.0,0.0,0.0,0.0,False,,,False
scenario_056,head_wic_eligible,NJ,0.0,0.0,0.0,0.0,0.0,0.0,False,,,False
scenario_056,local_income_tax,NJ,0.0,0.0,0.0,0.0,0.0,0.0,False,,,False
scenario_056,payroll_tax,NJ,0.0,0.0,0.0,0.0,0.0,0.0,False,,,False
scenario_056,reduced_price_school_meals_eligible,NJ,0.0,0.0,0.0,0.0,0.0,0.0,False,,,False
scenario_056,self_employment_tax,NJ,613.2224731445312,613.2224731445312,613.2224731445312,613.2224731445312,613.2224731445312,613.2224731445312,False,,,False
scenario_056,snap,NJ,1140.0,1140.0,95.0,95.0,95.0,1140.0,True,snap_abawd_hours_default_9261,keep_excluded,True
scenario_056,ssi,NJ,0.0,0.0,0.0,0.0,0.0,0.0,False,,,False
scenario_056,state_income_tax_before_refundable_credits,NJ,0.0,0.0,0.0,0.0,0.0,0.0,False,,,False
scenario_056,state_refundable_credits,NJ,265.6000061035156,265.6000061035156,265.6000061035156,265.6000061035156,265.6000061035156,265.6000061035156,False,,,False
scenario_056,tanf,NJ,0.0,0.0,0.0,0.0,0.0,0.0,False,,,False
scenario_057,federal_income_tax_before_refundable_credits,LA,0.0,0.0,0.0,0.0,0.0,0.0,False,,,False
scenario_057,federal_refundable_credits,LA,664.0,664.0,664.0,664.0,664.0,664.0,False,,,False
scenario_057,free_school_meals_eligible,LA,0.0,0.0,0.0,0.0,0.0,0.0,False,,,False
scenario_057,head_chip_eligible,LA,0.0,0.0,0.0,0.0,0.0,0.0,False,,,False
scenario_057,head_medicaid_eligible,LA,1.0,1.0,1.0,1.0,1.0,1.0,False,,,False
scenario_057,head_medicare_eligible,LA,0.0,0.0,0.0,0.0,0.0,0.0,False,,,False
scenario_057,head_wic_eligible,LA,0.0,0.0,0.0,0.0,0.0,0.0,False,,,False
scenario_057,local_income_tax,LA,0.0,0.0,0.0,0.0,0.0,0.0,False,,,False
scenario_057,payroll_tax,LA,0.0,0.0,0.0,0.0,0.0,0.0,False,,,False
scenario_057,reduced_price_school_meals_eligible,LA,0.0,0.0,0.0,0.0,0.0,0.0,False,,,False
scenario_057,self_employment_tax,LA,1469.4732666015625,1469.4732666015625,1469.4732666015625,1469.4732666015625,1469.4732666015625,1469.4732666015625,False,,,False
scenario_057,snap,LA,2669.217041015625,2669.217041015625,2682.0,2628.0,2628.0,2669.217041015625,True,excl_snap_ssi_disability,keep_excluded,True
scenario_057,spouse_chip_eligible,LA,0.0,0.0,0.0,0.0,0.0,0.0,False,,,False
scenario_057,spouse_medicaid_eligible,LA,1.0,1.0,1.0,1.0,1.0,1.0,False,,,False
scenario_057,spouse_medicare_eligible,LA,0.0,0.0,0.0,0.0,0.0,0.0,False,,,False
scenario_057,spouse_wic_eligible,LA,0.0,0.0,0.0,0.0,0.0,0.0,False,,,False
scenario_057,ssi,LA,7231.00146484375,7231.00146484375,7231.00146484375,7231.00146484375,7231.00146484375,7231.00146484375,True,,,False
scenario_057,state_income_tax_before_refundable_credits,LA,0.0,0.0,0.0,0.0,0.0,0.0,False,,,False
scenario_057,state_refundable_credits,LA,33.20000076293945,33.20000076293945,33.20000076293945,33.20000076293945,33.20000076293945,33.20000076293945,False,,,False
scenario_057,tanf,LA,0.0,0.0,0.0,0.0,0.0,0.0,False,,,False
scenario_059,federal_income_tax_before_refundable_credits,FL,0.0,0.0,0.0,0.0,0.0,0.0,False,,,False
scenario_059,federal_refundable_credits,FL,0.0,0.0,0.0,0.0,0.0,0.0,False,,,False
scenario_059,free_school_meals_eligible,FL,0.0,0.0,0.0,0.0,0.0,0.0,False,,,False
scenario_059,head_chip_eligible,FL,0.0,0.0,0.0,0.0,0.0,0.0,False,,,False
scenario_059,head_medicaid_eligible,FL,0.0,0.0,0.0,0.0,0.0,0.0,False,,,False
scenario_059,head_medicare_eligible,FL,1.0,1.0,1.0,1.0,1.0,1.0,False,,,False
scenario_059,head_wic_eligible,FL,0.0,0.0,0.0,0.0,0.0,0.0,False,,,False
scenario_059,local_income_tax,FL,0.0,0.0,0.0,0.0,0.0,0.0,False,,,False
scenario_059,payroll_tax,FL,0.0,0.0,0.0,0.0,0.0,0.0,False,,,False
scenario_059,reduced_price_school_meals_eligible,FL,0.0,0.0,0.0,0.0,0.0,0.0,False,,,False
scenario_059,self_employment_tax,FL,0.0,0.0,0.0,0.0,0.0,0.0,False,,,False
scenario_059,snap,FL,0.0,0.0,0.0,0.0,0.0,0.0,False,,,False
scenario_059,spouse_chip_eligible,FL,0.0,0.0,0.0,0.0,0.0,0.0,False,,,False
scenario_059,spouse_medicaid_eligible,FL,0.0,0.0,0.0,0.0,0.0,0.0,False,,,False
scenario_059,spouse_medicare_eligible,FL,1.0,1.0,1.0,1.0,1.0,1.0,False,,,False
scenario_059,spouse_wic_eligible,FL,0.0,0.0,0.0,0.0,0.0,0.0,False,,,False
scenario_059,ssi,FL,0.0,0.0,0.0,0.0,0.0,0.0,False,,,False
scenario_059,state_income_tax_before_refundable_credits,FL,0.0,0.0,0.0,0.0,0.0,0.0,False,,,False
scenario_059,state_refundable_credits,FL,0.0,0.0,0.0,0.0,0.0,0.0,False,,,False
scenario_059,tanf,FL,0.0,0.0,0.0,0.0,0.0,0.0,False,,,False
scenario_060,federal_income_tax_before_refundable_credits,TX,0.0,0.0,0.0,0.0,0.0,0.0,False,,,False
scenario_060,federal_refundable_credits,TX,0.0,0.0,0.0,0.0,0.0,0.0,False,,,False
scenario_060,free_school_meals_eligible,TX,0.0,0.0,0.0,0.0,0.0,0.0,False,,,False
scenario_060,head_chip_eligible,TX,0.0,0.0,0.0,0.0,0.0,0.0,False,,,False
scenario_060,head_medicaid_eligible,TX,0.0,0.0,0.0,0.0,0.0,0.0,False,,,False
scenario_060,head_medicare_eligible,TX,1.0,1.0,1.0,1.0,1.0,1.0,False,,,False
scenario_060,head_wic_eligible,TX,0.0,0.0,0.0,0.0,0.0,0.0,False,,,False
scenario_060,local_income_tax,TX,0.0,0.0,0.0,0.0,0.0,0.0,False,,,False
scenario_060,payroll_tax,TX,229.5,229.5,229.5,229.5,229.5,229.5,False,,,False
scenario_060,reduced_price_school_meals_eligible,TX,0.0,0.0,0.0,0.0,0.0,0.0,False,,,False
scenario_060,self_employment_tax,TX,0.0,0.0,0.0,0.0,0.0,0.0,False,,,False
scenario_060,snap,TX,0.0,0.0,0.0,0.0,0.0,0.0,False,,,False
scenario_060,ssi,TX,0.0,0.0,0.0,0.0,0.0,0.0,False,,,False
scenario_060,state_income_tax_before_refundable_credits,TX,0.0,0.0,0.0,0.0,0.0,0.0,False,,,False
scenario_060,state_refundable_credits,TX,0.0,0.0,0.0,0.0,0.0,0.0,False,,,False
scenario_060,tanf,TX,0.0,0.0,0.0,0.0,0.0,0.0,False,,,False
scenario_062,federal_income_tax_before_refundable_credits,FL,0.0,0.0,0.0,0.0,0.0,0.0,True,,,False
scenario_062,federal_refundable_credits,FL,0.0,0.0,0.0,0.0,0.0,0.0,False,,,False
scenario_062,free_school_meals_eligible,FL,0.0,0.0,0.0,0.0,0.0,0.0,False,,,False
scenario_062,head_chip_eligible,FL,0.0,0.0,0.0,0.0,0.0,0.0,False,,,False
scenario_062,head_medicaid_eligible,FL,0.0,0.0,0.0,0.0,0.0,0.0,False,,,False
scenario_062,head_medicare_eligible,FL,1.0,1.0,1.0,1.0,1.0,1.0,False,,,False
scenario_062,head_wic_eligible,FL,0.0,0.0,0.0,0.0,0.0,0.0,False,,,False
scenario_062,local_income_tax,FL,0.0,0.0,0.0,0.0,0.0,0.0,False,,,False
scenario_062,payroll_tax,FL,0.0,0.0,0.0,0.0,0.0,0.0,False,,,False
scenario_062,reduced_price_school_meals_eligible,FL,0.0,0.0,0.0,0.0,0.0,0.0,False,,,False
scenario_062,self_employment_tax,FL,0.0,0.0,0.0,0.0,0.0,0.0,False,,,False
scenario_062,snap,FL,0.0,0.0,0.0,0.0,0.0,0.0,False,,,False
scenario_062,ssi,FL,0.0,0.0,0.0,0.0,0.0,0.0,False,,,False
scenario_062,state_income_tax_before_refundable_credits,FL,0.0,0.0,0.0,0.0,0.0,0.0,False,,,False
scenario_062,state_refundable_credits,FL,0.0,0.0,0.0,0.0,0.0,0.0,False,,,False
scenario_062,tanf,FL,0.0,0.0,0.0,0.0,0.0,0.0,False,,,False
scenario_064,child1_chip_eligible,WI,0.0,0.0,0.0,0.0,0.0,0.0,False,,,False
scenario_064,child1_early_head_start_eligible,WI,0.0,0.0,0.0,0.0,0.0,0.0,False,,,False
scenario_064,child1_head_start_eligible,WI,0.0,0.0,0.0,0.0,0.0,0.0,False,,,False
scenario_064,child1_medicaid_eligible,WI,0.0,0.0,0.0,0.0,0.0,0.0,False,,,False
scenario_064,child1_medicare_eligible,WI,0.0,0.0,0.0,0.0,0.0,0.0,False,,,False
scenario_064,child1_wic_eligible,WI,0.0,0.0,0.0,0.0,0.0,0.0,False,,,False
scenario_064,dependent1_chip_eligible,WI,0.0,0.0,0.0,0.0,0.0,0.0,False,,,False
scenario_064,dependent1_medicaid_eligible,WI,1.0,1.0,1.0,1.0,1.0,1.0,True,,,False
scenario_064,dependent1_medicare_eligible,WI,0.0,0.0,0.0,0.0,0.0,0.0,False,,,False
scenario_064,dependent1_wic_eligible,WI,0.0,0.0,0.0,0.0,0.0,0.0,False,,,False
scenario_064,dependent2_chip_eligible,WI,0.0,0.0,0.0,0.0,0.0,0.0,False,,,False
scenario_064,dependent2_medicaid_eligible,WI,0.0,0.0,0.0,0.0,0.0,0.0,True,,,False
scenario_064,dependent2_medicare_eligible,WI,0.0,0.0,0.0,0.0,0.0,0.0,False,,,False
scenario_064,dependent2_wic_eligible,WI,0.0,0.0,0.0,0.0,0.0,0.0,False,,,False
scenario_064,federal_income_tax_before_refundable_credits,WI,4439.28955078125,4439.28955078125,4439.28955078125,4439.28955078125,4439.28955078125,4439.28955078125,True,,,False
scenario_064,federal_refundable_credits,WI,0.0,0.0,0.0,0.0,0.0,0.0,False,,,False
scenario_064,free_school_meals_eligible,WI,0.0,0.0,0.0,0.0,0.0,0.0,False,,,False
scenario_064,head_chip_eligible,WI,0.0,0.0,0.0,0.0,0.0,0.0,False,,,False
scenario_064,head_medicaid_eligible,WI,0.0,0.0,0.0,0.0,0.0,0.0,False,,,False
scenario_064,head_medicare_eligible,WI,0.0,0.0,0.0,0.0,0.0,0.0,False,,,False
scenario_064,head_wic_eligible,WI,0.0,0.0,0.0,0.0,0.0,0.0,False,,,False
scenario_064,local_income_tax,WI,0.0,0.0,0.0,0.0,0.0,0.0,False,,,False
scenario_064,payroll_tax,WI,7443.0673828125,7443.0673828125,7443.0673828125,7443.0673828125,7443.0673828125,7443.0673828125,False,,,False
scenario_064,reduced_price_school_meals_eligible,WI,0.0,0.0,0.0,0.0,0.0,0.0,False,,,False
scenario_064,self_employment_tax,WI,0.0,0.0,0.0,0.0,0.0,0.0,False,,,False
scenario_064,snap,WI,0.0,0.0,0.0,0.0,0.0,0.0,False,,,False
scenario_064,spouse_chip_eligible,WI,0.0,0.0,0.0,0.0,0.0,0.0,False,,,False
scenario_064,spouse_medicaid_eligible,WI,0.0,0.0,0.0,0.0,0.0,0.0,False,,,False
scenario_064,spouse_medicare_eligible,WI,0.0,0.0,0.0,0.0,0.0,0.0,False,,,False
scenario_064,spouse_wic_eligible,WI,0.0,0.0,0.0,0.0,0.0,0.0,False,,,False
scenario_064,ssi,WI,0.0,0.0,0.0,0.0,0.0,0.0,True,,,False
scenario_064,state_income_tax_before_refundable_credits,WI,4605.9970703125,4605.9970703125,4608.94775390625,4598.47607421875,4598.47607421875,4605.9970703125,True,excl_r01_ira_compensation,keep_excluded,True
scenario_064,state_refundable_credits,WI,0.0,0.0,0.0,0.0,0.0,0.0,False,,,False
scenario_064,tanf,WI,0.0,0.0,0.0,0.0,0.0,0.0,False,,,False
scenario_066,federal_income_tax_before_refundable_credits,VA,0.0,0.0,0.0,0.0,0.0,0.0,False,,,False
scenario_066,federal_refundable_credits,VA,39.779998779296875,39.779998779296875,39.779998779296875,39.779998779296875,39.779998779296875,39.779998779296875,False,,,False
scenario_066,free_school_meals_eligible,VA,0.0,0.0,0.0,0.0,0.0,0.0,False,,,False
scenario_066,head_chip_eligible,VA,0.0,0.0,0.0,0.0,0.0,0.0,False,,,False
scenario_066,head_medicaid_eligible,VA,1.0,1.0,1.0,1.0,1.0,1.0,False,,,False
scenario_066,head_medicare_eligible,VA,0.0,0.0,0.0,0.0,0.0,0.0,False,,,False
scenario_066,head_wic_eligible,VA,0.0,0.0,0.0,0.0,0.0,0.0,False,,,False
scenario_066,local_income_tax,VA,0.0,0.0,0.0,0.0,0.0,0.0,False,,,False
scenario_066,payroll_tax,VA,39.779998779296875,39.779998779296875,39.779998779296875,39.779998779296875,39.779998779296875,39.779998779296875,False,,,False
scenario_066,reduced_price_school_meals_eligible,VA,0.0,0.0,0.0,0.0,0.0,0.0,False,,,False
scenario_066,self_employment_tax,VA,0.0,0.0,0.0,0.0,0.0,0.0,False,,,False
scenario_066,snap,VA,3596.039794921875,3576.0,0.0,0.0,3576.0,3576.0,False,snap_abawd_hours_default_9261,hold_output_scope,False
scenario_066,ssi,VA,0.0,0.0,0.0,0.0,0.0,0.0,False,,,False
scenario_066,state_income_tax_before_refundable_credits,VA,0.0,0.0,0.0,0.0,0.0,0.0,False,,,False
scenario_066,state_refundable_credits,VA,7.955999851226807,7.955999851226807,7.955999851226807,7.955999851226807,7.955999851226807,7.955999851226807,False,,,False
scenario_066,tanf,VA,0.0,0.0,0.0,0.0,0.0,0.0,False,,,False
scenario_067,dependent1_chip_eligible,IN,0.0,0.0,0.0,0.0,0.0,0.0,False,,,False
scenario_067,dependent1_medicaid_eligible,IN,1.0,1.0,1.0,1.0,1.0,1.0,True,,,False
scenario_067,dependent1_medicare_eligible,IN,0.0,0.0,0.0,0.0,0.0,0.0,False,,,False
scenario_067,dependent1_wic_eligible,IN,0.0,0.0,0.0,0.0,0.0,0.0,False,,,False
scenario_067,federal_income_tax_before_refundable_credits,IN,5616.240234375,5616.240234375,5616.240234375,5616.240234375,5616.240234375,5616.240234375,False,,,False
scenario_067,federal_refundable_credits,IN,0.0,0.0,0.0,0.0,0.0,0.0,False,,,False
scenario_067,free_school_meals_eligible,IN,0.0,0.0,0.0,0.0,0.0,0.0,False,,,False
scenario_067,head_chip_eligible,IN,0.0,0.0,0.0,0.0,0.0,0.0,False,,,False
scenario_067,head_medicaid_eligible,IN,0.0,0.0,0.0,0.0,0.0,0.0,False,,,False
scenario_067,head_medicare_eligible,IN,0.0,0.0,0.0,0.0,0.0,0.0,False,,,False
scenario_067,head_wic_eligible,IN,0.0,0.0,0.0,0.0,0.0,0.0,False,,,False
scenario_067,local_income_tax,IN,0.0,0.0,0.0,0.0,0.0,0.0,False,,,False
scenario_067,payroll_tax,IN,6300.5400390625,6300.5400390625,6300.5400390625,6300.5400390625,6300.5400390625,6300.5400390625,False,,,False
scenario_067,reduced_price_school_meals_eligible,IN,0.0,0.0,0.0,0.0,0.0,0.0,False,,,False
scenario_067,self_employment_tax,IN,0.0,0.0,0.0,0.0,0.0,0.0,False,,,False
scenario_067,snap,IN,0.0,0.0,0.0,0.0,0.0,0.0,False,,,False
scenario_067,spouse_chip_eligible,IN,0.0,0.0,0.0,0.0,0.0,0.0,False,,,False
scenario_067,spouse_medicaid_eligible,IN,0.0,0.0,0.0,0.0,0.0,0.0,False,,,False
scenario_067,spouse_medicare_eligible,IN,0.0,0.0,0.0,0.0,0.0,0.0,False,,,False
scenario_067,spouse_wic_eligible,IN,0.0,0.0,0.0,0.0,0.0,0.0,False,,,False
scenario_067,ssi,IN,0.0,0.0,0.0,0.0,0.0,0.0,True,,,False
scenario_067,state_income_tax_before_refundable_credits,IN,2486.908935546875,2486.908935546875,2486.908935546875,2486.908935546875,2486.908935546875,2486.908935546875,False,,,False
scenario_067,state_refundable_credits,IN,0.0,0.0,0.0,0.0,0.0,0.0,False,,,False
scenario_067,tanf,IN,0.0,0.0,0.0,0.0,0.0,0.0,False,,,False
scenario_068,federal_income_tax_before_refundable_credits,MD,1910.0238037109375,1910.0238037109375,1910.0238037109375,1910.0238037109375,1910.0238037109375,1910.0238037109375,False,,,False
scenario_068,federal_refundable_credits,MD,0.0,0.0,0.0,0.0,0.0,0.0,False,,,False
scenario_068,free_school_meals_eligible,MD,0.0,0.0,0.0,0.0,0.0,0.0,False,,,False
scenario_068,head_chip_eligible,MD,0.0,0.0,0.0,0.0,0.0,0.0,False,,,False
scenario_068,head_medicaid_eligible,MD,0.0,0.0,0.0,0.0,0.0,0.0,False,,,False
scenario_068,head_medicare_eligible,MD,0.0,0.0,0.0,0.0,0.0,0.0,False,,,False
scenario_068,head_wic_eligible,MD,0.0,0.0,0.0,0.0,0.0,0.0,False,,,False
scenario_068,local_income_tax,MD,0.0,0.0,0.0,0.0,0.0,0.0,False,,,False
scenario_068,payroll_tax,MD,2607.39013671875,2607.39013671875,2607.39013671875,2607.39013671875,2607.39013671875,2607.39013671875,False,,,False
scenario_068,reduced_price_school_meals_eligible,MD,0.0,0.0,0.0,0.0,0.0,0.0,False,,,False
scenario_068,self_employment_tax,MD,0.0,0.0,0.0,0.0,0.0,0.0,False,,,False
scenario_068,snap,MD,0.0,0.0,0.0,0.0,0.0,0.0,False,,,False
scenario_068,ssi,MD,0.0,0.0,0.0,0.0,0.0,0.0,False,,,False
scenario_068,state_income_tax_before_refundable_credits,MD,1252.9677734375,1255.3427734375,2085.71875,2089.60888671875,1255.3427734375,1255.3427734375,False,md_county_tax_8888,hold_output_scope,False
scenario_068,state_refundable_credits,MD,0.0,0.0,0.0,0.0,0.0,0.0,False,,,False
scenario_068,tanf,MD,0.0,0.0,0.0,0.0,0.0,0.0,False,,,False
scenario_070,federal_income_tax_before_refundable_credits,IL,1979.9605712890625,1979.9605712890625,1979.9605712890625,1979.9605712890625,1979.9605712890625,1979.9605712890625,False,,,False
scenario_070,federal_refundable_credits,IL,0.0,0.0,0.0,0.0,0.0,0.0,False,,,False
scenario_070,free_school_meals_eligible,IL,0.0,0.0,0.0,0.0,0.0,0.0,False,,,False
scenario_070,head_chip_eligible,IL,0.0,0.0,0.0,0.0,0.0,0.0,False,,,False
scenario_070,head_medicaid_eligible,IL,0.0,0.0,0.0,0.0,0.0,0.0,False,,,False
scenario_070,head_medicare_eligible,IL,0.0,0.0,0.0,0.0,0.0,0.0,False,,,False
scenario_070,head_wic_eligible,IL,0.0,0.0,0.0,0.0,0.0,0.0,False,,,False
scenario_070,local_income_tax,IL,0.0,0.0,0.0,0.0,0.0,0.0,False,,,False
scenario_070,payroll_tax,IL,2907.0,2907.0,2907.0,2907.0,2907.0,2907.0,False,,,False
scenario_070,reduced_price_school_meals_eligible,IL,0.0,0.0,0.0,0.0,0.0,0.0,False,,,False
scenario_070,self_employment_tax,IL,0.0,0.0,0.0,0.0,0.0,0.0,False,,,False
scenario_070,snap,IL,0.0,0.0,0.0,0.0,0.0,0.0,False,,,False
scenario_070,ssi,IL,0.0,0.0,0.0,0.0,0.0,0.0,False,,,False
scenario_070,state_income_tax_before_refundable_credits,IL,1650.561279296875,1650.561279296875,1650.561279296875,1650.561279296875,1650.561279296875,1650.561279296875,False,,,False
scenario_070,state_refundable_credits,IL,0.0,0.0,0.0,0.0,0.0,0.0,False,,,False
scenario_070,tanf,IL,0.0,0.0,0.0,0.0,0.0,0.0,False,,,False
scenario_071,federal_income_tax_before_refundable_credits,NY,0.0,0.0,0.0,0.0,0.0,0.0,False,,,False
scenario_071,federal_refundable_credits,NY,0.0,0.0,0.0,0.0,0.0,0.0,False,,,False
scenario_071,free_school_meals_eligible,NY,0.0,0.0,0.0,0.0,0.0,0.0,False,,,False
scenario_071,head_chip_eligible,NY,0.0,0.0,0.0,0.0,0.0,0.0,False,,,False
scenario_071,head_medicaid_eligible,NY,0.0,0.0,0.0,0.0,0.0,0.0,False,,,False
scenario_071,head_medicare_eligible,NY,1.0,1.0,1.0,1.0,1.0,1.0,False,,,False
scenario_071,head_wic_eligible,NY,0.0,0.0,0.0,0.0,0.0,0.0,False,,,False
scenario_071,local_income_tax,NY,0.0,0.0,0.0,0.0,0.0,0.0,False,,,False
scenario_071,payroll_tax,NY,0.0,0.0,0.0,0.0,0.0,0.0,False,,,False
scenario_071,reduced_price_school_meals_eligible,NY,0.0,0.0,0.0,0.0,0.0,0.0,False,,,False
scenario_071,self_employment_tax,NY,0.0,0.0,0.0,0.0,0.0,0.0,False,,,False
scenario_071,snap,NY,0.0,0.0,0.0,0.0,0.0,0.0,False,,,False
scenario_071,ssi,NY,0.0,0.0,0.0,0.0,0.0,0.0,False,,,False
scenario_071,state_income_tax_before_refundable_credits,NY,0.0,0.0,0.0,0.0,0.0,0.0,False,,,False
scenario_071,state_refundable_credits,NY,0.0,0.0,0.0,0.0,0.0,0.0,False,,,False
scenario_071,tanf,NY,0.0,0.0,0.0,0.0,0.0,0.0,False,,,False
scenario_072,federal_income_tax_before_refundable_credits,MI,0.0,0.0,0.0,0.0,0.0,0.0,False,,,False
scenario_072,federal_refundable_credits,MI,0.0,0.0,0.0,0.0,0.0,0.0,False,,,False
scenario_072,free_school_meals_eligible,MI,0.0,0.0,0.0,0.0,0.0,0.0,False,,,False
scenario_072,head_chip_eligible,MI,0.0,0.0,0.0,0.0,0.0,0.0,False,,,False
scenario_072,head_medicaid_eligible,MI,0.0,0.0,0.0,0.0,0.0,0.0,False,,,False
scenario_072,head_medicare_eligible,MI,1.0,1.0,1.0,1.0,1.0,1.0,False,,,False
scenario_072,head_wic_eligible,MI,0.0,0.0,0.0,0.0,0.0,0.0,False,,,False
scenario_072,local_income_tax,MI,0.0,0.0,0.0,0.0,0.0,0.0,False,,,False
scenario_072,payroll_tax,MI,1530.0,1530.0,1530.0,1530.0,1530.0,1530.0,False,,,False
scenario_072,reduced_price_school_meals_eligible,MI,0.0,0.0,0.0,0.0,0.0,0.0,False,,,False
scenario_072,self_employment_tax,MI,0.0,0.0,0.0,0.0,0.0,0.0,False,,,False
scenario_072,snap,MI,0.0,0.0,0.0,0.0,0.0,0.0,False,,,False
scenario_072,spouse_chip_eligible,MI,0.0,0.0,0.0,0.0,0.0,0.0,False,,,False
scenario_072,spouse_medicaid_eligible,MI,0.0,0.0,0.0,0.0,0.0,0.0,False,,,False
scenario_072,spouse_medicare_eligible,MI,1.0,1.0,1.0,1.0,1.0,1.0,False,,,False
scenario_072,spouse_wic_eligible,MI,0.0,0.0,0.0,0.0,0.0,0.0,False,,,False
scenario_072,ssi,MI,0.0,0.0,0.0,0.0,0.0,0.0,False,,,False
scenario_072,state_income_tax_before_refundable_credits,MI,0.0,0.0,0.0,0.0,0.0,0.0,False,,,False
scenario_072,state_refundable_credits,MI,0.0,0.0,0.0,0.0,0.0,0.0,False,,,False
scenario_072,tanf,MI,0.0,0.0,0.0,0.0,0.0,0.0,False,,,False
scenario_073,federal_income_tax_before_refundable_credits,MI,0.0,0.0,0.0,0.0,0.0,0.0,False,,,False
scenario_073,federal_refundable_credits,MI,0.0,0.0,0.0,0.0,0.0,0.0,False,,,False
scenario_073,free_school_meals_eligible,MI,0.0,0.0,0.0,0.0,0.0,0.0,False,,,False
scenario_073,head_chip_eligible,MI,0.0,0.0,0.0,0.0,0.0,0.0,False,,,False
scenario_073,head_medicaid_eligible,MI,0.0,0.0,0.0,0.0,0.0,0.0,False,,,False
scenario_073,head_medicare_eligible,MI,0.0,0.0,0.0,0.0,0.0,0.0,True,,,False
scenario_073,head_wic_eligible,MI,0.0,0.0,0.0,0.0,0.0,0.0,False,,,False
scenario_073,local_income_tax,MI,0.0,0.0,0.0,0.0,0.0,0.0,False,,,False
scenario_073,payroll_tax,MI,0.0,0.0,0.0,0.0,0.0,0.0,False,,,False
scenario_073,reduced_price_school_meals_eligible,MI,0.0,0.0,0.0,0.0,0.0,0.0,False,,,False
scenario_073,self_employment_tax,MI,0.0,0.0,0.0,0.0,0.0,0.0,False,,,False
scenario_073,snap,MI,287.68316650390625,288.0,291.0,288.0,288.0,288.0,False,,,False
scenario_073,ssi,MI,0.0,0.0,0.0,0.0,0.0,0.0,False,,,False
scenario_073,state_income_tax_before_refundable_credits,MI,0.0,0.0,0.0,0.0,0.0,0.0,False,,,False
scenario_073,state_refundable_credits,MI,0.0,0.0,0.0,0.0,0.0,0.0,False,,,False
scenario_073,tanf,MI,0.0,0.0,0.0,0.0,0.0,0.0,False,,,False
scenario_074,federal_income_tax_before_refundable_credits,LA,0.0,0.0,0.0,0.0,0.0,0.0,False,,,False
scenario_074,federal_refundable_credits,LA,0.0,0.0,0.0,0.0,0.0,0.0,False,,,False
scenario_074,free_school_meals_eligible,LA,0.0,0.0,0.0,0.0,0.0,0.0,False,,,False
scenario_074,head_chip_eligible,LA,0.0,0.0,0.0,0.0,0.0,0.0,False,,,False
scenario_074,head_medicaid_eligible,LA,0.0,0.0,0.0,0.0,0.0,0.0,False,,,False
scenario_074,head_medicare_eligible,LA,0.0,0.0,0.0,0.0,0.0,0.0,True,,,False
scenario_074,head_wic_eligible,LA,0.0,0.0,0.0,0.0,0.0,0.0,False,,,False
scenario_074,local_income_tax,LA,0.0,0.0,0.0,0.0,0.0,0.0,False,,,False
scenario_074,payroll_tax,LA,0.0,0.0,0.0,0.0,0.0,0.0,False,,,False
scenario_074,reduced_price_school_meals_eligible,LA,0.0,0.0,0.0,0.0,0.0,0.0,False,,,False
scenario_074,self_employment_tax,LA,0.0,0.0,0.0,0.0,0.0,0.0,False,,,False
scenario_074,snap,LA,0.0,0.0,0.0,0.0,0.0,0.0,False,,,False
scenario_074,ssi,LA,0.0,0.0,0.0,0.0,0.0,0.0,False,,,False
scenario_074,state_income_tax_before_refundable_credits,LA,0.0,0.0,0.0,0.0,0.0,0.0,False,,,False
scenario_074,state_refundable_credits,LA,0.0,0.0,0.0,0.0,0.0,0.0,False,,,False
scenario_074,tanf,LA,0.0,0.0,0.0,0.0,0.0,0.0,False,,,False
scenario_075,federal_income_tax_before_refundable_credits,FL,14777.1455078125,14777.1455078125,14777.1455078125,14777.1455078125,14777.1455078125,14777.1455078125,False,,,False
scenario_075,federal_refundable_credits,FL,0.0,0.0,0.0,0.0,0.0,0.0,False,,,False
scenario_075,free_school_meals_eligible,FL,0.0,0.0,0.0,0.0,0.0,0.0,False,,,False
scenario_075,head_chip_eligible,FL,0.0,0.0,0.0,0.0,0.0,0.0,False,,,False
scenario_075,head_medicaid_eligible,FL,0.0,0.0,0.0,0.0,0.0,0.0,False,,,False
scenario_075,head_medicare_eligible,FL,0.0,0.0,0.0,0.0,0.0,0.0,False,,,False
scenario_075,head_wic_eligible,FL,0.0,0.0,0.0,0.0,0.0,0.0,False,,,False
scenario_075,local_income_tax,FL,0.0,0.0,0.0,0.0,0.0,0.0,False,,,False
scenario_075,payroll_tax,FL,968.2120971679688,968.2120971679688,968.2120971679688,968.2120971679688,968.2120971679688,968.2120971679688,False,,,False
scenario_075,reduced_price_school_meals_eligible,FL,0.0,0.0,0.0,0.0,0.0,0.0,False,,,False
scenario_075,self_employment_tax,FL,0.0,0.0,0.0,0.0,0.0,0.0,False,,,False
scenario_075,snap,FL,0.0,0.0,0.0,0.0,0.0,0.0,False,,,False
scenario_075,ssi,FL,0.0,0.0,0.0,0.0,0.0,0.0,False,,,False
scenario_075,state_income_tax_before_refundable_credits,FL,0.0,0.0,0.0,0.0,0.0,0.0,False,,,False
scenario_075,state_refundable_credits,FL,0.0,0.0,0.0,0.0,0.0,0.0,False,,,False
scenario_075,tanf,FL,0.0,0.0,0.0,0.0,0.0,0.0,False,,,False
scenario_076,child1_chip_eligible,ID,0.0,0.0,0.0,0.0,0.0,0.0,False,,,False
scenario_076,child1_early_head_start_eligible,ID,0.0,0.0,0.0,0.0,0.0,0.0,False,,,False
scenario_076,child1_head_start_eligible,ID,0.0,0.0,0.0,0.0,0.0,0.0,False,,,False
scenario_076,child1_medicaid_eligible,ID,0.0,0.0,0.0,0.0,0.0,0.0,False,,,False
scenario_076,child1_medicare_eligible,ID,0.0,0.0,0.0,0.0,0.0,0.0,False,,,False
scenario_076,child1_wic_eligible,ID,0.0,0.0,0.0,0.0,0.0,0.0,False,,,False
scenario_076,child2_chip_eligible,ID,0.0,0.0,0.0,0.0,0.0,0.0,False,,,False
scenario_076,child2_early_head_start_eligible,ID,0.0,0.0,0.0,0.0,0.0,0.0,False,,,False
scenario_076,child2_head_start_eligible,ID,0.0,0.0,0.0,0.0,0.0,0.0,False,,,False
scenario_076,child2_medicaid_eligible,ID,0.0,0.0,0.0,0.0,0.0,0.0,False,,,False
scenario_076,child2_medicare_eligible,ID,0.0,0.0,0.0,0.0,0.0,0.0,False,,,False
scenario_076,child2_wic_eligible,ID,0.0,0.0,0.0,0.0,0.0,0.0,False,,,False
scenario_076,federal_income_tax_before_refundable_credits,ID,19611.80078125,19611.80078125,19611.80078125,19611.80078125,19611.80078125,19611.80078125,False,,,False
scenario_076,federal_refundable_credits,ID,0.0,0.0,0.0,0.0,0.0,0.0,False,,,False
scenario_076,free_school_meals_eligible,ID,0.0,0.0,0.0,0.0,0.0,0.0,False,,,False
scenario_076,head_chip_eligible,ID,0.0,0.0,0.0,0.0,0.0,0.0,False,,,False
scenario_076,head_medicaid_eligible,ID,0.0,0.0,0.0,0.0,0.0,0.0,False,,,False
scenario_076,head_medicare_eligible,ID,0.0,0.0,0.0,0.0,0.0,0.0,False,,,False
scenario_076,head_wic_eligible,ID,0.0,0.0,0.0,0.0,0.0,0.0,False,,,False
scenario_076,local_income_tax,ID,0.0,0.0,0.0,0.0,0.0,0.0,False,,,False
scenario_076,payroll_tax,ID,12240.0,12240.0,12240.0,12240.0,12240.0,12240.0,False,,,False
scenario_076,reduced_price_school_meals_eligible,ID,0.0,0.0,0.0,0.0,0.0,0.0,False,,,False
scenario_076,self_employment_tax,ID,0.0,0.0,0.0,0.0,0.0,0.0,False,,,False
scenario_076,snap,ID,0.0,0.0,0.0,0.0,0.0,0.0,False,,,False
scenario_076,ssi,ID,0.0,0.0,0.0,0.0,0.0,0.0,False,,,False
scenario_076,state_income_tax_before_refundable_credits,ID,6806.78662109375,6818.34423828125,6806.78662109375,6818.34423828125,6818.34423828125,6818.34423828125,False,,,False
scenario_076,state_refundable_credits,ID,465.0,465.0,465.0,465.0,465.0,465.0,False,,,False
scenario_076,tanf,ID,0.0,0.0,0.0,0.0,0.0,0.0,False,,,False
scenario_077,federal_income_tax_before_refundable_credits,LA,690.6175537109375,690.6175537109375,690.6175537109375,690.6175537109375,690.6175537109375,690.6175537109375,False,,,False
scenario_077,federal_refundable_credits,LA,0.0,0.0,0.0,0.0,0.0,0.0,False,,,False
scenario_077,free_school_meals_eligible,LA,0.0,0.0,0.0,0.0,0.0,0.0,False,,,False
scenario_077,head_chip_eligible,LA,0.0,0.0,0.0,0.0,0.0,0.0,False,,,False
scenario_077,head_medicaid_eligible,LA,0.0,0.0,0.0,0.0,0.0,0.0,False,,,False
scenario_077,head_medicare_eligible,LA,0.0,0.0,0.0,0.0,0.0,0.0,False,,,False
scenario_077,head_wic_eligible,LA,0.0,0.0,0.0,0.0,0.0,0.0,False,,,False
scenario_077,local_income_tax,LA,0.0,0.0,0.0,0.0,0.0,0.0,False,,,False
scenario_077,payroll_tax,LA,1989.472412109375,1989.472412109375,1989.472412109375,1989.472412109375,1989.472412109375,1989.472412109375,False,,,False
scenario_077,reduced_price_school_meals_eligible,LA,0.0,0.0,0.0,0.0,0.0,0.0,False,,,False
scenario_077,self_employment_tax,LA,0.0,0.0,0.0,0.0,0.0,0.0,False,,,False
scenario_077,snap,LA,0.0,0.0,0.0,0.0,0.0,0.0,False,,,False
scenario_077,ssi,LA,0.0,0.0,0.0,0.0,0.0,0.0,False,,,False
scenario_077,state_income_tax_before_refundable_credits,LA,305.13525390625,305.13525390625,305.13525390625,305.13525390625,305.13525390625,305.13525390625,False,,,False
scenario_077,state_refundable_credits,LA,0.0,0.0,0.0,0.0,0.0,0.0,False,,,False
scenario_077,tanf,LA,0.0,0.0,0.0,0.0,0.0,0.0,False,,,False
scenario_078,federal_income_tax_before_refundable_credits,MD,24772.693359375,24780.61328125,24164.45703125,24164.45703125,24164.45703125,24164.45703125,True,md_county_tax_8888,exclude_unlisted_input,True
scenario_078,federal_refundable_credits,MD,0.0,0.0,0.0,0.0,0.0,0.0,False,,,False
scenario_078,free_school_meals_eligible,MD,0.0,0.0,0.0,0.0,0.0,0.0,False,,,False
scenario_078,head_chip_eligible,MD,0.0,0.0,0.0,0.0,0.0,0.0,False,,,False
scenario_078,head_medicaid_eligible,MD,0.0,0.0,0.0,0.0,0.0,0.0,False,,,False
scenario_078,head_medicare_eligible,MD,0.0,0.0,0.0,0.0,0.0,0.0,False,,,False
scenario_078,head_wic_eligible,MD,0.0,0.0,0.0,0.0,0.0,0.0,False,,,False
scenario_078,local_income_tax,MD,0.0,0.0,0.0,0.0,0.0,0.0,False,,,False
scenario_078,payroll_tax,MD,14317.322265625,14317.322265625,14317.322265625,14317.322265625,14317.322265625,14317.322265625,False,,,False
scenario_078,reduced_price_school_meals_eligible,MD,0.0,0.0,0.0,0.0,0.0,0.0,False,,,False
scenario_078,self_employment_tax,MD,0.0,0.0,0.0,0.0,0.0,0.0,False,,,False
scenario_078,snap,MD,0.0,0.0,0.0,0.0,0.0,0.0,False,,,False
scenario_078,ssi,MD,0.0,0.0,0.0,0.0,0.0,0.0,False,,,False
scenario_078,state_income_tax_before_refundable_credits,MD,6936.33740234375,6936.33740234375,11295.388671875,11295.388671875,6936.87646484375,6936.87646484375,False,md_county_tax_8888,hold_output_scope,False
scenario_078,state_refundable_credits,MD,0.0,0.0,0.0,0.0,0.0,0.0,False,,,False
scenario_078,tanf,MD,0.0,0.0,0.0,0.0,0.0,0.0,False,,,False
scenario_079,federal_income_tax_before_refundable_credits,AZ,0.0,0.0,0.0,0.0,0.0,0.0,False,,,False
scenario_079,federal_refundable_credits,AZ,0.0,0.0,0.0,0.0,0.0,0.0,False,,,False
scenario_079,free_school_meals_eligible,AZ,0.0,0.0,0.0,0.0,0.0,0.0,False,,,False
scenario_079,head_chip_eligible,AZ,0.0,0.0,0.0,0.0,0.0,0.0,False,,,False
scenario_079,head_medicaid_eligible,AZ,1.0,1.0,1.0,1.0,1.0,1.0,False,,,False
scenario_079,head_medicare_eligible,AZ,0.0,0.0,0.0,0.0,0.0,0.0,True,,,False
scenario_079,head_wic_eligible,AZ,0.0,0.0,0.0,0.0,0.0,0.0,False,,,False
scenario_079,local_income_tax,AZ,0.0,0.0,0.0,0.0,0.0,0.0,False,,,False
scenario_079,payroll_tax,AZ,0.0,0.0,0.0,0.0,0.0,0.0,False,,,False
scenario_079,reduced_price_school_meals_eligible,AZ,0.0,0.0,0.0,0.0,0.0,0.0,False,,,False
scenario_079,self_employment_tax,AZ,0.0,0.0,0.0,0.0,0.0,0.0,False,,,False
scenario_079,snap,AZ,2428.017333984375,2376.0,2433.0,2376.0,2376.0,2376.0,False,,,False
scenario_079,spouse_chip_eligible,AZ,0.0,0.0,0.0,0.0,0.0,0.0,False,,,False
scenario_079,spouse_medicaid_eligible,AZ,1.0,1.0,1.0,1.0,1.0,1.0,False,,,False
scenario_079,spouse_medicare_eligible,AZ,0.0,0.0,0.0,0.0,0.0,0.0,False,,,False
scenario_079,spouse_wic_eligible,AZ,0.0,0.0,0.0,0.0,0.0,0.0,False,,,False
scenario_079,ssi,AZ,10572.0,10572.0,10572.0,10572.0,10572.0,10572.0,False,,,False
scenario_079,state_income_tax_before_refundable_credits,AZ,0.0,0.0,0.0,0.0,0.0,0.0,False,,,False
scenario_079,state_refundable_credits,AZ,50.0,50.0,50.0,50.0,50.0,50.0,False,,,False
scenario_079,tanf,AZ,0.0,0.0,0.0,0.0,0.0,0.0,False,,,False
scenario_080,federal_income_tax_before_refundable_credits,PA,0.0,0.0,0.0,0.0,0.0,0.0,False,,,False
scenario_080,federal_refundable_credits,PA,0.0,0.0,0.0,0.0,0.0,0.0,False,,,False
scenario_080,free_school_meals_eligible,PA,0.0,0.0,0.0,0.0,0.0,0.0,False,,,False
scenario_080,head_chip_eligible,PA,0.0,0.0,0.0,0.0,0.0,0.0,False,,,False
scenario_080,head_medicaid_eligible,PA,1.0,1.0,1.0,1.0,1.0,1.0,False,,,False
scenario_080,head_medicare_eligible,PA,0.0,0.0,0.0,0.0,0.0,0.0,False,,,False
scenario_080,head_wic_eligible,PA,0.0,0.0,0.0,0.0,0.0,0.0,False,,,False
scenario_080,local_income_tax,PA,0.0,0.0,0.0,0.0,0.0,0.0,False,,,False
scenario_080,payroll_tax,PA,0.0,0.0,0.0,0.0,0.0,0.0,False,,,False
scenario_080,reduced_price_school_meals_eligible,PA,0.0,0.0,0.0,0.0,0.0,0.0,False,,,False
scenario_080,self_employment_tax,PA,0.0,0.0,0.0,0.0,0.0,0.0,False,,,False
scenario_080,snap,PA,3596.039794921875,3596.039794921875,3600.0,3576.0,3576.0,3596.039794921875,True,excl_r30_snap_heat_and_eat_sua,keep_excluded,True
scenario_080,ssi,PA,0.0,0.0,0.0,0.0,0.0,0.0,False,,,False
scenario_080,state_income_tax_before_refundable_credits,PA,0.0,0.0,0.0,0.0,0.0,0.0,False,,,False
scenario_080,state_refundable_credits,PA,0.0,0.0,0.0,0.0,0.0,0.0,False,,,False
scenario_080,tanf,PA,0.0,0.0,0.0,0.0,0.0,0.0,False,,,False
scenario_081,federal_income_tax_before_refundable_credits,MA,26932.2734375,26932.2734375,26932.2734375,26932.2734375,26932.2734375,26932.2734375,False,,,False
scenario_081,federal_refundable_credits,MA,0.0,0.0,0.0,0.0,0.0,0.0,False,,,False
scenario_081,free_school_meals_eligible,MA,0.0,0.0,0.0,0.0,0.0,0.0,False,,,False
scenario_081,head_chip_eligible,MA,0.0,0.0,0.0,0.0,0.0,0.0,False,,,False
scenario_081,head_medicaid_eligible,MA,0.0,0.0,0.0,0.0,0.0,0.0,False,,,False
scenario_081,head_medicare_eligible,MA,0.0,0.0,0.0,0.0,0.0,0.0,False,,,False
scenario_081,head_wic_eligible,MA,0.0,0.0,0.0,0.0,0.0,0.0,False,,,False
scenario_081,local_income_tax,MA,0.0,0.0,0.0,0.0,0.0,0.0,False,,,False
scenario_081,payroll_tax,MA,14192.662109375,14192.662109375,14192.662109375,14192.662109375,14192.662109375,14192.662109375,False,,,False
scenario_081,reduced_price_school_meals_eligible,MA,0.0,0.0,0.0,0.0,0.0,0.0,False,,,False
scenario_081,self_employment_tax,MA,0.0,0.0,0.0,0.0,0.0,0.0,False,,,False
scenario_081,snap,MA,0.0,0.0,0.0,0.0,0.0,0.0,False,,,False
scenario_081,ssi,MA,0.0,0.0,0.0,0.0,0.0,0.0,False,,,False
scenario_081,state_income_tax_before_refundable_credits,MA,8238.40625,8238.40625,8238.40625,8238.40625,8238.40625,8238.40625,True,,,False
scenario_081,state_refundable_credits,MA,0.0,0.0,0.0,0.0,0.0,0.0,False,,,False
scenario_081,tanf,MA,0.0,0.0,0.0,0.0,0.0,0.0,False,,,False
scenario_082,child1_chip_eligible,NY,0.0,0.0,0.0,0.0,0.0,0.0,False,,,False
scenario_082,child1_early_head_start_eligible,NY,0.0,0.0,0.0,0.0,0.0,0.0,False,,,False
scenario_082,child1_head_start_eligible,NY,0.0,0.0,0.0,0.0,0.0,0.0,False,,,False
scenario_082,child1_medicaid_eligible,NY,0.0,0.0,0.0,0.0,0.0,0.0,False,,,False
scenario_082,child1_medicare_eligible,NY,0.0,0.0,0.0,0.0,0.0,0.0,False,,,False
scenario_082,child1_wic_eligible,NY,0.0,0.0,0.0,0.0,0.0,0.0,False,,,False
scenario_082,federal_income_tax_before_refundable_credits,NY,9563.052734375,9563.052734375,9577.90234375,9577.90234375,9577.90234375,9563.052734375,True,excl_r02_ira_219g_federal,keep_excluded,True
scenario_082,federal_refundable_credits,NY,0.0,0.0,0.0,0.0,0.0,0.0,False,,,False
scenario_082,free_school_meals_eligible,NY,0.0,0.0,0.0,0.0,0.0,0.0,False,,,False
scenario_082,head_chip_eligible,NY,0.0,0.0,0.0,0.0,0.0,0.0,False,,,False
scenario_082,head_medicaid_eligible,NY,0.0,0.0,0.0,0.0,0.0,0.0,False,,,False
scenario_082,head_medicare_eligible,NY,0.0,0.0,0.0,0.0,0.0,0.0,False,,,False
scenario_082,head_wic_eligible,NY,0.0,0.0,0.0,0.0,0.0,0.0,False,,,False
scenario_082,local_income_tax,NY,0.0,0.0,0.0,0.0,0.0,0.0,False,,,False
scenario_082,payroll_tax,NY,8108.02734375,8108.02734375,8108.02734375,8108.02734375,8108.02734375,8108.02734375,False,,,False
scenario_082,reduced_price_school_meals_eligible,NY,0.0,0.0,0.0,0.0,0.0,0.0,False,,,False
scenario_082,self_employment_tax,NY,0.0,0.0,0.0,0.0,0.0,0.0,False,,,False
scenario_082,snap,NY,0.0,0.0,0.0,0.0,0.0,0.0,False,,,False
scenario_082,ssi,NY,0.0,0.0,0.0,0.0,0.0,0.0,False,,,False
scenario_082,state_income_tax_before_refundable_credits,NY,5598.55224609375,5598.55224609375,5598.55224609375,5598.55224609375,5598.55224609375,5598.55224609375,False,,,False
scenario_082,state_refundable_credits,NY,650.5,650.5,667.0,667.0,667.0,667.0,False,ny_ctc_phaseout_rounding_9425,adopt_latest,True
scenario_082,tanf,NY,0.0,0.0,0.0,0.0,0.0,0.0,False,,,False
scenario_083,federal_income_tax_before_refundable_credits,TX,0.0,0.0,0.0,0.0,0.0,0.0,False,,,False
scenario_083,federal_refundable_credits,TX,0.0,0.0,0.0,0.0,0.0,0.0,False,,,False
scenario_083,free_school_meals_eligible,TX,0.0,0.0,0.0,0.0,0.0,0.0,False,,,False
scenario_083,head_chip_eligible,TX,0.0,0.0,0.0,0.0,0.0,0.0,False,,,False
scenario_083,head_medicaid_eligible,TX,0.0,0.0,0.0,0.0,0.0,0.0,False,,,False
scenario_083,head_medicare_eligible,TX,0.0,0.0,0.0,0.0,0.0,0.0,False,,,False
scenario_083,head_wic_eligible,TX,0.0,0.0,0.0,0.0,0.0,0.0,False,,,False
scenario_083,local_income_tax,TX,0.0,0.0,0.0,0.0,0.0,0.0,False,,,False
scenario_083,payroll_tax,TX,539.3250122070312,539.3250122070312,539.3250122070312,539.3250122070312,539.3250122070312,539.3250122070312,False,,,False
scenario_083,reduced_price_school_meals_eligible,TX,0.0,0.0,0.0,0.0,0.0,0.0,False,,,False
scenario_083,self_employment_tax,TX,0.0,0.0,0.0,0.0,0.0,0.0,False,,,False
scenario_083,snap,TX,0.0,0.0,0.0,0.0,0.0,0.0,False,,,False
scenario_083,ssi,TX,0.0,0.0,0.0,0.0,0.0,0.0,False,,,False
scenario_083,state_income_tax_before_refundable_credits,TX,0.0,0.0,0.0,0.0,0.0,0.0,False,,,False
scenario_083,state_refundable_credits,TX,0.0,0.0,0.0,0.0,0.0,0.0,False,,,False
scenario_083,tanf,TX,0.0,0.0,0.0,0.0,0.0,0.0,False,,,False
scenario_084,federal_income_tax_before_refundable_credits,NC,0.0,0.0,0.0,0.0,0.0,0.0,False,,,False
scenario_084,federal_refundable_credits,NC,0.0,0.0,0.0,0.0,0.0,0.0,False,,,False
scenario_084,free_school_meals_eligible,NC,0.0,0.0,0.0,0.0,0.0,0.0,False,,,False
scenario_084,head_chip_eligible,NC,0.0,0.0,0.0,0.0,0.0,0.0,False,,,False
scenario_084,head_medicaid_eligible,NC,0.0,0.0,0.0,0.0,0.0,0.0,False,,,False
scenario_084,head_medicare_eligible,NC,0.0,0.0,0.0,0.0,0.0,0.0,True,,,False
scenario_084,head_wic_eligible,NC,0.0,0.0,0.0,0.0,0.0,0.0,False,,,False
scenario_084,local_income_tax,NC,0.0,0.0,0.0,0.0,0.0,0.0,False,,,False
scenario_084,payroll_tax,NC,0.0,0.0,0.0,0.0,0.0,0.0,False,,,False
scenario_084,reduced_price_school_meals_eligible,NC,0.0,0.0,0.0,0.0,0.0,0.0,False,,,False
scenario_084,self_employment_tax,NC,0.0,0.0,0.0,0.0,0.0,0.0,False,,,False
scenario_084,snap,NC,0.0,0.0,0.0,0.0,0.0,0.0,False,,,False
scenario_084,ssi,NC,0.0,0.0,0.0,0.0,0.0,0.0,False,,,False
scenario_084,state_income_tax_before_refundable_credits,NC,0.0,0.0,0.0,0.0,0.0,0.0,False,,,False
scenario_084,state_refundable_credits,NC,0.0,0.0,0.0,0.0,0.0,0.0,False,,,False
scenario_084,tanf,NC,0.0,0.0,0.0,0.0,0.0,0.0,False,,,False
scenario_085,federal_income_tax_before_refundable_credits,PA,2322.760009765625,2322.760009765625,2322.760009765625,2322.760009765625,2322.760009765625,2322.760009765625,False,,,False
scenario_085,federal_refundable_credits,PA,0.0,0.0,0.0,0.0,0.0,0.0,False,,,False
scenario_085,free_school_meals_eligible,PA,0.0,0.0,0.0,0.0,0.0,0.0,False,,,False
scenario_085,head_chip_eligible,PA,0.0,0.0,0.0,0.0,0.0,0.0,False,,,False
scenario_085,head_medicaid_eligible,PA,0.0,0.0,0.0,0.0,0.0,0.0,False,,,False
scenario_085,head_medicare_eligible,PA,1.0,1.0,1.0,1.0,1.0,1.0,False,,,False
scenario_085,head_wic_eligible,PA,0.0,0.0,0.0,0.0,0.0,0.0,False,,,False
scenario_085,local_income_tax,PA,0.0,0.0,0.0,0.0,0.0,0.0,False,,,False
scenario_085,payroll_tax,PA,0.0,0.0,0.0,0.0,0.0,0.0,False,,,False
scenario_085,reduced_price_school_meals_eligible,PA,0.0,0.0,0.0,0.0,0.0,0.0,False,,,False
scenario_085,self_employment_tax,PA,0.0,0.0,0.0,0.0,0.0,0.0,False,,,False
scenario_085,snap,PA,0.0,0.0,0.0,0.0,0.0,0.0,False,,,False
scenario_085,ssi,PA,0.0,0.0,0.0,0.0,0.0,0.0,False,,,False
scenario_085,state_income_tax_before_refundable_credits,PA,0.0,0.0,0.0,0.0,0.0,0.0,False,,,False
scenario_085,state_refundable_credits,PA,0.0,0.0,0.0,0.0,0.0,0.0,False,,,False
scenario_085,tanf,PA,0.0,0.0,0.0,0.0,0.0,0.0,False,,,False
scenario_086,child1_chip_eligible,GA,0.0,0.0,0.0,0.0,0.0,0.0,False,,,False
scenario_086,child1_early_head_start_eligible,GA,0.0,0.0,0.0,0.0,0.0,0.0,False,,,False
scenario_086,child1_head_start_eligible,GA,0.0,0.0,0.0,0.0,0.0,0.0,False,,,False
scenario_086,child1_medicaid_eligible,GA,0.0,0.0,0.0,0.0,0.0,0.0,False,,,False
scenario_086,child1_medicare_eligible,GA,0.0,0.0,0.0,0.0,0.0,0.0,False,,,False
scenario_086,child1_wic_eligible,GA,0.0,0.0,0.0,0.0,0.0,0.0,False,,,False
scenario_086,federal_income_tax_before_refundable_credits,GA,3255.5478515625,3255.5478515625,3255.5478515625,3255.5478515625,3255.5478515625,3255.5478515625,False,,,False
scenario_086,federal_refundable_credits,GA,0.0,0.0,0.0,0.0,0.0,0.0,False,,,False
scenario_086,free_school_meals_eligible,GA,0.0,0.0,0.0,0.0,0.0,0.0,False,,,False
scenario_086,head_chip_eligible,GA,0.0,0.0,0.0,0.0,0.0,0.0,False,,,False
scenario_086,head_medicaid_eligible,GA,0.0,0.0,0.0,0.0,0.0,0.0,False,,,False
scenario_086,head_medicare_eligible,GA,0.0,0.0,0.0,0.0,0.0,0.0,False,,,False
scenario_086,head_wic_eligible,GA,0.0,0.0,0.0,0.0,0.0,0.0,False,,,False
scenario_086,local_income_tax,GA,0.0,0.0,0.0,0.0,0.0,0.0,False,,,False
scenario_086,payroll_tax,GA,4743.0,4743.0,4743.0,4743.0,4743.0,4743.0,False,,,False
scenario_086,reduced_price_school_meals_eligible,GA,0.0,0.0,0.0,0.0,0.0,0.0,False,,,False
scenario_086,self_employment_tax,GA,0.0,0.0,0.0,0.0,0.0,0.0,False,,,False
scenario_086,snap,GA,0.0,0.0,0.0,0.0,0.0,0.0,False,,,False
scenario_086,ssi,GA,0.0,0.0,0.0,0.0,0.0,0.0,False,,,False
scenario_086,state_income_tax_before_refundable_credits,GA,2078.958740234375,2078.958740234375,2078.958740234375,2078.958740234375,2078.958740234375,2078.958740234375,False,,,False
scenario_086,state_refundable_credits,GA,0.0,0.0,0.0,0.0,0.0,0.0,False,,,False
scenario_086,tanf,GA,0.0,0.0,0.0,0.0,0.0,0.0,False,,,False
scenario_088,federal_income_tax_before_refundable_credits,TX,0.0,0.0,0.0,0.0,0.0,0.0,False,,,False
scenario_088,federal_refundable_credits,TX,0.0,0.0,0.0,0.0,0.0,0.0,False,,,False
scenario_088,free_school_meals_eligible,TX,0.0,0.0,0.0,0.0,0.0,0.0,False,,,False
scenario_088,head_chip_eligible,TX,0.0,0.0,0.0,0.0,0.0,0.0,False,,,False
scenario_088,head_medicaid_eligible,TX,0.0,0.0,0.0,0.0,0.0,0.0,False,,,False
scenario_088,head_medicare_eligible,TX,0.0,0.0,0.0,0.0,0.0,0.0,False,,,False
scenario_088,head_wic_eligible,TX,0.0,0.0,0.0,0.0,0.0,0.0,False,,,False
scenario_088,local_income_tax,TX,0.0,0.0,0.0,0.0,0.0,0.0,False,,,False
scenario_088,payroll_tax,TX,1421.1448974609375,1421.1448974609375,1421.1448974609375,1421.1448974609375,1421.1448974609375,1421.1448974609375,False,,,False
scenario_088,reduced_price_school_meals_eligible,TX,0.0,0.0,0.0,0.0,0.0,0.0,False,,,False
scenario_088,self_employment_tax,TX,0.0,0.0,0.0,0.0,0.0,0.0,False,,,False
scenario_088,snap,TX,0.0,0.0,0.0,0.0,0.0,0.0,False,,,False
scenario_088,ssi,TX,0.0,0.0,0.0,0.0,0.0,0.0,False,,,False
scenario_088,state_income_tax_before_refundable_credits,TX,0.0,0.0,0.0,0.0,0.0,0.0,False,,,False
scenario_088,state_refundable_credits,TX,0.0,0.0,0.0,0.0,0.0,0.0,False,,,False
scenario_088,tanf,TX,0.0,0.0,0.0,0.0,0.0,0.0,False,,,False
scenario_089,federal_income_tax_before_refundable_credits,NC,6819.7119140625,6819.7119140625,6819.7119140625,6819.7119140625,6819.7119140625,6819.7119140625,False,,,False
scenario_089,federal_refundable_credits,NC,0.0,0.0,0.0,0.0,0.0,0.0,False,,,False
scenario_089,free_school_meals_eligible,NC,0.0,0.0,0.0,0.0,0.0,0.0,False,,,False
scenario_089,head_chip_eligible,NC,0.0,0.0,0.0,0.0,0.0,0.0,False,,,False
scenario_089,head_medicaid_eligible,NC,0.0,0.0,0.0,0.0,0.0,0.0,False,,,False
scenario_089,head_medicare_eligible,NC,0.0,0.0,0.0,0.0,0.0,0.0,False,,,False
scenario_089,head_wic_eligible,NC,0.0,0.0,0.0,0.0,0.0,0.0,False,,,False
scenario_089,local_income_tax,NC,0.0,0.0,0.0,0.0,0.0,0.0,False,,,False
scenario_089,payroll_tax,NC,5039.91015625,5039.91015625,5039.91015625,5039.91015625,5039.91015625,5039.91015625,False,,,False
scenario_089,reduced_price_school_meals_eligible,NC,0.0,0.0,0.0,0.0,0.0,0.0,False,,,False
scenario_089,self_employment_tax,NC,4286.24072265625,4286.24072265625,4286.24072265625,4286.24072265625,4286.24072265625,4286.24072265625,False,,,False
scenario_089,snap,NC,0.0,0.0,0.0,0.0,0.0,0.0,False,,,False
scenario_089,spouse_chip_eligible,NC,0.0,0.0,0.0,0.0,0.0,0.0,False,,,False
scenario_089,spouse_medicaid_eligible,NC,0.0,0.0,0.0,0.0,0.0,0.0,False,,,False
scenario_089,spouse_medicare_eligible,NC,0.0,0.0,0.0,0.0,0.0,0.0,False,,,False
scenario_089,spouse_wic_eligible,NC,0.0,0.0,0.0,0.0,0.0,0.0,False,,,False
scenario_089,ssi,NC,0.0,0.0,0.0,0.0,0.0,0.0,False,,,False
scenario_089,state_income_tax_before_refundable_credits,NC,3219.935302734375,3219.935302734375,3219.935302734375,3219.935302734375,3219.935302734375,3219.935302734375,False,,,False
scenario_089,state_refundable_credits,NC,0.0,0.0,0.0,0.0,0.0,0.0,False,,,False
scenario_089,tanf,NC,0.0,0.0,0.0,0.0,0.0,0.0,False,,,False
scenario_090,federal_income_tax_before_refundable_credits,KS,0.0,0.0,0.0,0.0,0.0,0.0,False,,,False
scenario_090,federal_refundable_credits,KS,0.0,0.0,0.0,0.0,0.0,0.0,False,,,False
scenario_090,free_school_meals_eligible,KS,0.0,0.0,0.0,0.0,0.0,0.0,False,,,False
scenario_090,head_chip_eligible,KS,0.0,0.0,0.0,0.0,0.0,0.0,False,,,False
scenario_090,head_medicaid_eligible,KS,0.0,0.0,0.0,0.0,0.0,0.0,False,,,False
scenario_090,head_medicare_eligible,KS,0.0,0.0,0.0,0.0,0.0,0.0,False,,,False
scenario_090,head_wic_eligible,KS,0.0,0.0,0.0,0.0,0.0,0.0,False,,,False
scenario_090,local_income_tax,KS,0.0,0.0,0.0,0.0,0.0,0.0,False,,,False
scenario_090,payroll_tax,KS,535.5,535.5,535.5,535.5,535.5,535.5,False,,,False
scenario_090,reduced_price_school_meals_eligible,KS,0.0,0.0,0.0,0.0,0.0,0.0,False,,,False
scenario_090,self_employment_tax,KS,0.0,0.0,0.0,0.0,0.0,0.0,False,,,False
scenario_090,snap,KS,0.0,0.0,0.0,0.0,0.0,0.0,False,,,False
scenario_090,ssi,KS,0.0,0.0,0.0,0.0,0.0,0.0,False,,,False
scenario_090,state_income_tax_before_refundable_credits,KS,0.0,0.0,0.0,0.0,0.0,0.0,False,,,False
scenario_090,state_refundable_credits,KS,0.0,0.0,0.0,0.0,0.0,0.0,False,,,False
scenario_090,tanf,KS,0.0,0.0,0.0,0.0,0.0,0.0,False,,,False
scenario_091,federal_income_tax_before_refundable_credits,WI,1349.998779296875,1349.998779296875,1349.998779296875,1349.998779296875,1349.998779296875,1349.998779296875,False,,,False
scenario_091,federal_refundable_credits,WI,0.0,0.0,0.0,0.0,0.0,0.0,False,,,False
scenario_091,free_school_meals_eligible,WI,0.0,0.0,0.0,0.0,0.0,0.0,False,,,False
scenario_091,head_chip_eligible,WI,0.0,0.0,0.0,0.0,0.0,0.0,False,,,False
scenario_091,head_medicaid_eligible,WI,0.0,0.0,0.0,0.0,0.0,0.0,False,,,False
scenario_091,head_medicare_eligible,WI,0.0,0.0,0.0,0.0,0.0,0.0,False,,,False
scenario_091,head_wic_eligible,WI,0.0,0.0,0.0,0.0,0.0,0.0,False,,,False
scenario_091,local_income_tax,WI,0.0,0.0,0.0,0.0,0.0,0.0,False,,,False
scenario_091,payroll_tax,WI,2065.5,2065.5,2065.5,2065.5,2065.5,2065.5,False,,,False
scenario_091,reduced_price_school_meals_eligible,WI,0.0,0.0,0.0,0.0,0.0,0.0,False,,,False
scenario_091,self_employment_tax,WI,0.0,0.0,0.0,0.0,0.0,0.0,False,,,False
scenario_091,snap,WI,0.0,0.0,0.0,0.0,0.0,0.0,False,,,False
scenario_091,ssi,WI,0.0,0.0,0.0,0.0,0.0,0.0,False,,,False
scenario_091,state_income_tax_before_refundable_credits,WI,843.6614990234375,843.6614990234375,900.45947265625,895.8131103515625,895.8131103515625,843.6614990234375,True,excl_r32_wi_capital_gain_distributions,keep_excluded,True
scenario_091,state_refundable_credits,WI,0.0,0.0,0.0,0.0,0.0,0.0,False,,,False
scenario_091,tanf,WI,0.0,0.0,0.0,0.0,0.0,0.0,False,,,False
scenario_092,federal_income_tax_before_refundable_credits,AL,0.0,0.0,0.0,0.0,0.0,0.0,False,,,False
scenario_092,federal_refundable_credits,AL,0.0,0.0,0.0,0.0,0.0,0.0,False,,,False
scenario_092,free_school_meals_eligible,AL,0.0,0.0,0.0,0.0,0.0,0.0,False,,,False
scenario_092,head_chip_eligible,AL,0.0,0.0,0.0,0.0,0.0,0.0,False,,,False
scenario_092,head_medicaid_eligible,AL,0.0,0.0,0.0,0.0,0.0,0.0,False,,,False
scenario_092,head_medicare_eligible,AL,1.0,1.0,1.0,1.0,1.0,1.0,False,,,False
scenario_092,head_wic_eligible,AL,0.0,0.0,0.0,0.0,0.0,0.0,False,,,False
scenario_092,local_income_tax,AL,0.0,0.0,0.0,0.0,0.0,0.0,False,,,False
scenario_092,payroll_tax,AL,0.0,0.0,0.0,0.0,0.0,0.0,False,,,False
scenario_092,reduced_price_school_meals_eligible,AL,0.0,0.0,0.0,0.0,0.0,0.0,False,,,False
scenario_092,self_employment_tax,AL,0.0,0.0,0.0,0.0,0.0,0.0,False,,,False
scenario_092,snap,AL,0.0,0.0,0.0,0.0,0.0,0.0,False,,,False
scenario_092,ssi,AL,0.0,0.0,0.0,0.0,0.0,0.0,False,,,False
scenario_092,state_income_tax_before_refundable_credits,AL,0.0,0.0,0.0,0.0,0.0,0.0,False,,,False
scenario_092,state_refundable_credits,AL,0.0,0.0,0.0,0.0,0.0,0.0,False,,,False
scenario_092,tanf,AL,0.0,0.0,0.0,0.0,0.0,0.0,False,,,False
scenario_093,dependent1_chip_eligible,MO,0.0,0.0,0.0,0.0,0.0,0.0,False,,,False
scenario_093,dependent1_medicaid_eligible,MO,0.0,0.0,0.0,0.0,0.0,0.0,False,,,False
scenario_093,dependent1_medicare_eligible,MO,0.0,0.0,0.0,0.0,0.0,0.0,False,,,False
scenario_093,dependent1_wic_eligible,MO,0.0,0.0,0.0,0.0,0.0,0.0,False,,,False
scenario_093,federal_income_tax_before_refundable_credits,MO,8628.990234375,8628.990234375,8628.990234375,8628.990234375,8628.990234375,8628.990234375,False,,,False
scenario_093,federal_refundable_credits,MO,0.0,0.0,0.0,0.0,0.0,0.0,False,,,False
scenario_093,free_school_meals_eligible,MO,0.0,0.0,0.0,0.0,0.0,0.0,False,,,False
scenario_093,head_chip_eligible,MO,0.0,0.0,0.0,0.0,0.0,0.0,False,,,False
scenario_093,head_medicaid_eligible,MO,0.0,0.0,0.0,0.0,0.0,0.0,False,,,False
scenario_093,head_medicare_eligible,MO,0.0,0.0,0.0,0.0,0.0,0.0,False,,,False
scenario_093,head_wic_eligible,MO,0.0,0.0,0.0,0.0,0.0,0.0,False,,,False
scenario_093,local_income_tax,MO,0.0,0.0,0.0,0.0,0.0,0.0,False,,,False
scenario_093,payroll_tax,MO,12469.5,12469.5,12469.5,12469.5,12469.5,12469.5,False,,,False
scenario_093,reduced_price_school_meals_eligible,MO,0.0,0.0,0.0,0.0,0.0,0.0,False,,,False
scenario_093,self_employment_tax,MO,0.0,0.0,0.0,0.0,0.0,0.0,False,,,False
scenario_093,snap,MO,0.0,0.0,0.0,0.0,0.0,0.0,False,,,False
scenario_093,spouse_chip_eligible,MO,0.0,0.0,0.0,0.0,0.0,0.0,False,,,False
scenario_093,spouse_medicaid_eligible,MO,0.0,0.0,0.0,0.0,0.0,0.0,False,,,False
scenario_093,spouse_medicare_eligible,MO,0.0,0.0,0.0,0.0,0.0,0.0,False,,,False
scenario_093,spouse_wic_eligible,MO,0.0,0.0,0.0,0.0,0.0,0.0,False,,,False
scenario_093,ssi,MO,0.0,0.0,0.0,0.0,0.0,0.0,False,,,False
scenario_093,state_income_tax_before_refundable_credits,MO,3389.65087890625,3388.24560546875,3389.65087890625,3388.24560546875,3388.24560546875,3388.24560546875,False,,,False
scenario_093,state_refundable_credits,MO,0.0,0.0,0.0,0.0,0.0,0.0,False,,,False
scenario_093,tanf,MO,0.0,0.0,0.0,0.0,0.0,0.0,False,,,False
scenario_095,federal_income_tax_before_refundable_credits,NJ,0.0,0.0,0.0,0.0,0.0,0.0,False,,,False
scenario_095,federal_refundable_credits,NJ,0.0,0.0,0.0,0.0,0.0,0.0,False,,,False
scenario_095,free_school_meals_eligible,NJ,0.0,0.0,0.0,0.0,0.0,0.0,False,,,False
scenario_095,head_chip_eligible,NJ,0.0,0.0,0.0,0.0,0.0,0.0,False,,,False
scenario_095,head_medicaid_eligible,NJ,0.0,0.0,0.0,0.0,0.0,0.0,False,,,False
scenario_095,head_medicare_eligible,NJ,1.0,1.0,1.0,1.0,1.0,1.0,False,,,False
scenario_095,head_wic_eligible,NJ,0.0,0.0,0.0,0.0,0.0,0.0,False,,,False
scenario_095,local_income_tax,NJ,0.0,0.0,0.0,0.0,0.0,0.0,False,,,False
scenario_095,payroll_tax,NJ,0.0,0.0,0.0,0.0,0.0,0.0,False,,,False
scenario_095,reduced_price_school_meals_eligible,NJ,0.0,0.0,0.0,0.0,0.0,0.0,False,,,False
scenario_095,self_employment_tax,NJ,593.2291259765625,593.2291259765625,593.2291259765625,593.2291259765625,593.2291259765625,593.2291259765625,False,,,False
scenario_095,snap,NJ,0.0,0.0,0.0,0.0,0.0,0.0,False,,,False
scenario_095,ssi,NJ,0.0,0.0,0.0,0.0,0.0,0.0,False,,,False
scenario_095,state_income_tax_before_refundable_credits,NJ,0.0,0.0,0.0,0.0,0.0,0.0,False,,,False
scenario_095,state_refundable_credits,NJ,0.0,0.0,0.0,0.0,0.0,0.0,False,,,False
scenario_095,tanf,NJ,0.0,0.0,0.0,0.0,0.0,0.0,False,,,False
scenario_098,federal_income_tax_before_refundable_credits,IL,0.0,0.0,0.0,0.0,0.0,0.0,False,,,False
scenario_098,federal_refundable_credits,IL,0.0,0.0,0.0,0.0,0.0,0.0,False,,,False
scenario_098,free_school_meals_eligible,IL,0.0,0.0,0.0,0.0,0.0,0.0,False,,,False
scenario_098,head_chip_eligible,IL,0.0,0.0,0.0,0.0,0.0,0.0,False,,,False
scenario_098,head_medicaid_eligible,IL,0.0,0.0,0.0,0.0,0.0,0.0,False,,,False
scenario_098,head_medicare_eligible,IL,1.0,1.0,1.0,1.0,1.0,1.0,False,,,False
scenario_098,head_wic_eligible,IL,0.0,0.0,0.0,0.0,0.0,0.0,False,,,False
scenario_098,local_income_tax,IL,0.0,0.0,0.0,0.0,0.0,0.0,False,,,False
scenario_098,payroll_tax,IL,0.0,0.0,0.0,0.0,0.0,0.0,False,,,False
scenario_098,reduced_price_school_meals_eligible,IL,0.0,0.0,0.0,0.0,0.0,0.0,False,,,False
scenario_098,self_employment_tax,IL,0.0,0.0,0.0,0.0,0.0,0.0,False,,,False
scenario_098,snap,IL,0.0,0.0,0.0,0.0,0.0,0.0,False,,,False
scenario_098,ssi,IL,0.0,0.0,0.0,0.0,0.0,0.0,False,,,False
scenario_098,state_income_tax_before_refundable_credits,IL,0.0,0.0,0.0,0.0,0.0,0.0,False,,,False
scenario_098,state_refundable_credits,IL,0.0,0.0,0.0,0.0,0.0,0.0,False,,,False
scenario_098,tanf,IL,0.0,0.0,0.0,0.0,0.0,0.0,False,,,False
scenario_099,child1_chip_eligible,CA,0.0,0.0,0.0,0.0,0.0,0.0,False,,,False
scenario_099,child1_early_head_start_eligible,CA,0.0,0.0,0.0,0.0,0.0,0.0,False,,,False
scenario_099,child1_head_start_eligible,CA,0.0,0.0,0.0,0.0,0.0,0.0,False,,,False
scenario_099,child1_medicaid_eligible,CA,0.0,0.0,0.0,0.0,0.0,0.0,False,,,False
scenario_099,child1_medicare_eligible,CA,0.0,0.0,0.0,0.0,0.0,0.0,False,,,False
scenario_099,child1_wic_eligible,CA,0.0,0.0,0.0,0.0,0.0,0.0,False,,,False
scenario_099,child2_chip_eligible,CA,0.0,0.0,0.0,0.0,0.0,0.0,False,,,False
scenario_099,child2_early_head_start_eligible,CA,0.0,0.0,0.0,0.0,0.0,0.0,False,,,False
scenario_099,child2_head_start_eligible,CA,0.0,0.0,0.0,0.0,0.0,0.0,False,,,False
scenario_099,child2_medicaid_eligible,CA,0.0,0.0,0.0,0.0,0.0,0.0,False,,,False
scenario_099,child2_medicare_eligible,CA,0.0,0.0,0.0,0.0,0.0,0.0,False,,,False
scenario_099,child2_wic_eligible,CA,0.0,0.0,0.0,0.0,0.0,0.0,False,,,False
scenario_099,federal_income_tax_before_refundable_credits,CA,10679.75,10679.75,10679.75,10679.75,10679.75,10679.75,True,,,False
scenario_099,federal_refundable_credits,CA,0.0,0.0,0.0,0.0,0.0,0.0,False,,,False
scenario_099,free_school_meals_eligible,CA,1.0,1.0,1.0,1.0,1.0,1.0,False,,,False
scenario_099,head_chip_eligible,CA,0.0,0.0,0.0,0.0,0.0,0.0,False,,,False
scenario_099,head_medicaid_eligible,CA,0.0,0.0,0.0,0.0,0.0,0.0,False,,,False
scenario_099,head_medicare_eligible,CA,0.0,0.0,0.0,0.0,0.0,0.0,False,,,False
scenario_099,head_wic_eligible,CA,0.0,0.0,0.0,0.0,0.0,0.0,False,,,False
scenario_099,local_income_tax,CA,0.0,0.0,0.0,0.0,0.0,0.0,False,,,False
scenario_099,payroll_tax,CA,14767.5,14767.5,14767.5,14767.5,14767.5,14767.5,False,,,False
scenario_099,reduced_price_school_meals_eligible,CA,0.0,0.0,0.0,0.0,0.0,0.0,False,,,False
scenario_099,self_employment_tax,CA,0.0,0.0,0.0,0.0,0.0,0.0,False,,,False
scenario_099,snap,CA,0.0,0.0,0.0,0.0,0.0,0.0,False,,,False
scenario_099,spouse_chip_eligible,CA,0.0,0.0,0.0,0.0,0.0,0.0,False,,,False
scenario_099,spouse_medicaid_eligible,CA,0.0,0.0,0.0,0.0,0.0,0.0,False,,,False
scenario_099,spouse_medicare_eligible,CA,0.0,0.0,0.0,0.0,0.0,0.0,False,,,False
scenario_099,spouse_wic_eligible,CA,0.0,0.0,0.0,0.0,0.0,0.0,False,,,False
scenario_099,ssi,CA,0.0,0.0,0.0,0.0,0.0,0.0,False,,,False
scenario_099,state_income_tax_before_refundable_credits,CA,4493.7431640625,4493.7431640625,4493.7431640625,4640.77734375,4640.77734375,4493.7431640625,True,excl_r11_ca_itemized_conformity,keep_excluded,True
scenario_099,state_refundable_credits,CA,0.0,0.0,0.0,0.0,0.0,0.0,False,,,False
scenario_099,tanf,CA,0.0,0.0,0.0,0.0,0.0,0.0,False,,,False
scenario_100,child1_chip_eligible,MT,0.0,0.0,0.0,0.0,0.0,0.0,False,,,False
scenario_100,child1_early_head_start_eligible,MT,0.0,0.0,0.0,0.0,0.0,0.0,False,,,False
scenario_100,child1_head_start_eligible,MT,0.0,0.0,0.0,0.0,0.0,0.0,False,,,False
scenario_100,child1_medicaid_eligible,MT,1.0,1.0,1.0,1.0,1.0,1.0,False,,,False
scenario_100,child1_medicare_eligible,MT,0.0,0.0,0.0,0.0,0.0,0.0,False,,,False
scenario_100,child1_wic_eligible,MT,0.0,0.0,0.0,0.0,0.0,0.0,False,,,False
scenario_100,child2_chip_eligible,MT,0.0,0.0,0.0,0.0,0.0,0.0,False,,,False
scenario_100,child2_early_head_start_eligible,MT,0.0,0.0,0.0,0.0,0.0,0.0,False,,,False
scenario_100,child2_head_start_eligible,MT,1.0,1.0,1.0,1.0,1.0,1.0,False,,,False
scenario_100,child2_medicaid_eligible,MT,1.0,1.0,1.0,1.0,1.0,1.0,False,,,False
scenario_100,child2_medicare_eligible,MT,0.0,0.0,0.0,0.0,0.0,0.0,False,,,False
scenario_100,child2_wic_eligible,MT,0.0,0.0,0.0,0.0,0.0,0.0,False,,,False
scenario_100,federal_income_tax_before_refundable_credits,MT,0.0,0.0,0.0,0.0,0.0,0.0,False,,,False
scenario_100,federal_refundable_credits,MT,2878.0966796875,2878.0966796875,2878.0966796875,2878.0966796875,2878.0966796875,2878.0966796875,True,,,False
scenario_100,free_school_meals_eligible,MT,1.0,1.0,1.0,1.0,1.0,1.0,False,,,False
scenario_100,head_chip_eligible,MT,0.0,0.0,0.0,0.0,0.0,0.0,False,,,False
scenario_100,head_medicaid_eligible,MT,1.0,1.0,1.0,1.0,1.0,1.0,False,,,False
scenario_100,head_medicare_eligible,MT,0.0,0.0,0.0,0.0,0.0,0.0,False,,,False
scenario_100,head_wic_eligible,MT,0.0,0.0,0.0,0.0,0.0,0.0,False,,,False
scenario_100,local_income_tax,MT,0.0,0.0,0.0,0.0,0.0,0.0,False,,,False
scenario_100,payroll_tax,MT,452.47613525390625,452.47613525390625,452.47613525390625,452.47613525390625,452.47613525390625,452.47613525390625,False,,,False
scenario_100,reduced_price_school_meals_eligible,MT,0.0,0.0,0.0,0.0,0.0,0.0,False,,,False
scenario_100,self_employment_tax,MT,0.0,0.0,0.0,0.0,0.0,0.0,False,,,False
scenario_100,snap,MT,8625.8896484375,8625.8896484375,8637.0,8556.0,8556.0,8625.8896484375,True,excl_snap_ssi_disability,keep_excluded,True
scenario_100,ssi,MT,0.0,0.0,0.0,0.0,0.0,0.0,False,,,False
scenario_100,state_income_tax_before_refundable_credits,MT,0.0,0.0,0.0,0.0,0.0,0.0,False,,,False
scenario_100,state_refundable_credits,MT,473.1777038574219,473.1777038574219,473.1777038574219,473.1777038574219,473.1777038574219,473.1777038574219,True,,,False
scenario_100,tanf,MT,6064.958984375,6064.958984375,6064.958984375,6064.958984375,6064.958984375,6064.958984375,False,,,False
scenario_101,federal_income_tax_before_refundable_credits,TX,13418.599609375,13418.599609375,13418.599609375,13418.599609375,13418.599609375,13418.599609375,False,,,False
scenario_101,federal_refundable_credits,TX,0.0,0.0,0.0,0.0,0.0,0.0,False,,,False
scenario_101,free_school_meals_eligible,TX,0.0,0.0,0.0,0.0,0.0,0.0,False,,,False
scenario_101,head_chip_eligible,TX,0.0,0.0,0.0,0.0,0.0,0.0,False,,,False
scenario_101,head_medicaid_eligible,TX,0.0,0.0,0.0,0.0,0.0,0.0,False,,,False
scenario_101,head_medicare_eligible,TX,0.0,0.0,0.0,0.0,0.0,0.0,False,,,False
scenario_101,head_wic_eligible,TX,0.0,0.0,0.0,0.0,0.0,0.0,False,,,False
scenario_101,local_income_tax,TX,0.0,0.0,0.0,0.0,0.0,0.0,False,,,False
scenario_101,payroll_tax,TX,7879.5,7879.5,7879.5,7879.5,7879.5,7879.5,False,,,False
scenario_101,reduced_price_school_meals_eligible,TX,0.0,0.0,0.0,0.0,0.0,0.0,False,,,False
scenario_101,self_employment_tax,TX,0.0,0.0,0.0,0.0,0.0,0.0,False,,,False
scenario_101,snap,TX,0.0,0.0,0.0,0.0,0.0,0.0,False,,,False
scenario_101,ssi,TX,0.0,0.0,0.0,0.0,0.0,0.0,False,,,False
scenario_101,state_income_tax_before_refundable_credits,TX,0.0,0.0,0.0,0.0,0.0,0.0,False,,,False
scenario_101,state_refundable_credits,TX,0.0,0.0,0.0,0.0,0.0,0.0,False,,,False
scenario_101,tanf,TX,0.0,0.0,0.0,0.0,0.0,0.0,False,,,False
scenario_102,federal_income_tax_before_refundable_credits,NC,6104.09619140625,6104.09619140625,6104.09619140625,6104.09619140625,6104.09619140625,6104.09619140625,False,,,False
scenario_102,federal_refundable_credits,NC,0.0,0.0,0.0,0.0,0.0,0.0,False,,,False
scenario_102,free_school_meals_eligible,NC,0.0,0.0,0.0,0.0,0.0,0.0,False,,,False
scenario_102,head_chip_eligible,NC,0.0,0.0,0.0,0.0,0.0,0.0,False,,,False
scenario_102,head_medicaid_eligible,NC,0.0,0.0,0.0,0.0,0.0,0.0,False,,,False
scenario_102,head_medicare_eligible,NC,0.0,0.0,0.0,0.0,0.0,0.0,False,,,False
scenario_102,head_wic_eligible,NC,0.0,0.0,0.0,0.0,0.0,0.0,False,,,False
scenario_102,local_income_tax,NC,0.0,0.0,0.0,0.0,0.0,0.0,False,,,False
scenario_102,payroll_tax,NC,6670.7998046875,6670.7998046875,6670.7998046875,6670.7998046875,6670.7998046875,6670.7998046875,False,,,False
scenario_102,reduced_price_school_meals_eligible,NC,0.0,0.0,0.0,0.0,0.0,0.0,False,,,False
scenario_102,self_employment_tax,NC,0.0,0.0,0.0,0.0,0.0,0.0,False,,,False
scenario_102,snap,NC,0.0,0.0,0.0,0.0,0.0,0.0,False,,,False
scenario_102,spouse_chip_eligible,NC,0.0,0.0,0.0,0.0,0.0,0.0,False,,,False
scenario_102,spouse_medicaid_eligible,NC,0.0,0.0,0.0,0.0,0.0,0.0,False,,,False
scenario_102,spouse_medicare_eligible,NC,0.0,0.0,0.0,0.0,0.0,0.0,False,,,False
scenario_102,spouse_wic_eligible,NC,0.0,0.0,0.0,0.0,0.0,0.0,False,,,False
scenario_102,ssi,NC,0.0,0.0,0.0,0.0,0.0,0.0,False,,,False
scenario_102,state_income_tax_before_refundable_credits,NC,2461.869873046875,2461.869873046875,2461.869873046875,2461.869873046875,2461.869873046875,2461.869873046875,False,,,False
scenario_102,state_refundable_credits,NC,0.0,0.0,0.0,0.0,0.0,0.0,False,,,False
scenario_102,tanf,NC,0.0,0.0,0.0,0.0,0.0,0.0,False,,,False
scenario_104,federal_income_tax_before_refundable_credits,NY,0.0,0.0,0.0,0.0,0.0,0.0,False,,,False
scenario_104,federal_refundable_credits,NY,0.0,0.0,0.0,0.0,0.0,0.0,False,,,False
scenario_104,free_school_meals_eligible,NY,0.0,0.0,0.0,0.0,0.0,0.0,False,,,False
scenario_104,head_chip_eligible,NY,0.0,0.0,0.0,0.0,0.0,0.0,False,,,False
scenario_104,head_medicaid_eligible,NY,0.0,0.0,0.0,0.0,0.0,0.0,False,,,False
scenario_104,head_medicare_eligible,NY,1.0,1.0,1.0,1.0,1.0,1.0,False,,,False
scenario_104,head_wic_eligible,NY,0.0,0.0,0.0,0.0,0.0,0.0,False,,,False
scenario_104,local_income_tax,NY,0.0,0.0,0.0,0.0,0.0,0.0,False,,,False
scenario_104,payroll_tax,NY,0.0,0.0,0.0,0.0,0.0,0.0,False,,,False
scenario_104,reduced_price_school_meals_eligible,NY,0.0,0.0,0.0,0.0,0.0,0.0,False,,,False
scenario_104,self_employment_tax,NY,0.0,0.0,0.0,0.0,0.0,0.0,False,,,False
scenario_104,snap,NY,0.0,0.0,0.0,0.0,0.0,0.0,False,,,False
scenario_104,ssi,NY,0.0,0.0,0.0,0.0,0.0,0.0,False,,,False
scenario_104,state_income_tax_before_refundable_credits,NY,0.0,0.0,0.0,0.0,0.0,0.0,False,,,False
scenario_104,state_refundable_credits,NY,375.0,0.0,0.0,0.0,0.0,0.0,False,,,False
scenario_104,tanf,NY,0.0,0.0,0.0,0.0,0.0,0.0,False,,,False
scenario_107,federal_income_tax_before_refundable_credits,OH,0.0,0.0,0.0,0.0,0.0,0.0,True,,,False
scenario_107,federal_refundable_credits,OH,0.0,0.0,0.0,0.0,0.0,0.0,False,,,False
scenario_107,free_school_meals_eligible,OH,0.0,0.0,0.0,0.0,0.0,0.0,False,,,False
scenario_107,head_chip_eligible,OH,0.0,0.0,0.0,0.0,0.0,0.0,False,,,False
scenario_107,head_medicaid_eligible,OH,0.0,0.0,0.0,0.0,0.0,0.0,False,,,False
scenario_107,head_medicare_eligible,OH,1.0,1.0,1.0,1.0,1.0,1.0,False,,,False
scenario_107,head_wic_eligible,OH,0.0,0.0,0.0,0.0,0.0,0.0,False,,,False
scenario_107,local_income_tax,OH,0.0,0.0,0.0,0.0,0.0,0.0,False,,,False
scenario_107,payroll_tax,OH,486.9607238769531,486.9607238769531,486.9607238769531,486.9607238769531,486.9607238769531,486.9607238769531,False,,,False
scenario_107,reduced_price_school_meals_eligible,OH,0.0,0.0,0.0,0.0,0.0,0.0,False,,,False
scenario_107,self_employment_tax,OH,0.0,0.0,0.0,0.0,0.0,0.0,False,,,False
scenario_107,snap,OH,0.0,0.0,0.0,0.0,0.0,0.0,False,,,False
scenario_107,ssi,OH,0.0,0.0,0.0,0.0,0.0,0.0,False,,,False
scenario_107,state_income_tax_before_refundable_credits,OH,0.0,0.0,0.0,0.0,0.0,0.0,False,,,False
scenario_107,state_refundable_credits,OH,0.0,0.0,0.0,0.0,0.0,0.0,False,,,False
scenario_107,tanf,OH,0.0,0.0,0.0,0.0,0.0,0.0,False,,,False
scenario_108,federal_income_tax_before_refundable_credits,WI,0.0,0.0,0.0,0.0,0.0,0.0,False,,,False
scenario_108,federal_refundable_credits,WI,0.0,0.0,0.0,0.0,0.0,0.0,False,,,False
scenario_108,free_school_meals_eligible,WI,0.0,0.0,0.0,0.0,0.0,0.0,False,,,False
scenario_108,head_chip_eligible,WI,0.0,0.0,0.0,0.0,0.0,0.0,False,,,False
scenario_108,head_medicaid_eligible,WI,0.0,0.0,0.0,0.0,0.0,0.0,False,,,False
scenario_108,head_medicare_eligible,WI,1.0,1.0,1.0,1.0,1.0,1.0,False,,,False
scenario_108,head_wic_eligible,WI,0.0,0.0,0.0,0.0,0.0,0.0,False,,,False
scenario_108,local_income_tax,WI,0.0,0.0,0.0,0.0,0.0,0.0,False,,,False
scenario_108,payroll_tax,WI,585.6839599609375,585.6839599609375,585.6839599609375,585.6839599609375,585.6839599609375,585.6839599609375,False,,,False
scenario_108,reduced_price_school_meals_eligible,WI,0.0,0.0,0.0,0.0,0.0,0.0,False,,,False
scenario_108,self_employment_tax,WI,0.0,0.0,0.0,0.0,0.0,0.0,False,,,False
scenario_108,snap,WI,287.68316650390625,288.0,291.0,288.0,288.0,288.0,False,,,False
scenario_108,ssi,WI,0.0,0.0,0.0,0.0,0.0,0.0,False,,,False
scenario_108,state_income_tax_before_refundable_credits,WI,0.0,0.0,0.0,0.0,0.0,0.0,False,,,False
scenario_108,state_refundable_credits,WI,271.3916015625,271.3916015625,271.3916015625,271.3916015625,271.3916015625,271.3916015625,True,,,False
scenario_108,tanf,WI,0.0,0.0,0.0,0.0,0.0,0.0,False,,,False
scenario_109,child1_chip_eligible,FL,0.0,0.0,0.0,0.0,0.0,0.0,False,,,False
scenario_109,child1_early_head_start_eligible,FL,0.0,0.0,0.0,0.0,0.0,0.0,False,,,False
scenario_109,child1_head_start_eligible,FL,0.0,0.0,0.0,0.0,0.0,0.0,False,,,False
scenario_109,child1_medicaid_eligible,FL,1.0,1.0,1.0,1.0,1.0,1.0,False,,,False
scenario_109,child1_medicare_eligible,FL,0.0,0.0,0.0,0.0,0.0,0.0,False,,,False
scenario_109,child1_wic_eligible,FL,0.0,0.0,0.0,0.0,0.0,0.0,False,,,False
scenario_109,child2_chip_eligible,FL,0.0,0.0,0.0,0.0,0.0,0.0,False,,,False
scenario_109,child2_early_head_start_eligible,FL,0.0,0.0,0.0,0.0,0.0,0.0,False,,,False
scenario_109,child2_head_start_eligible,FL,0.0,0.0,0.0,0.0,0.0,0.0,False,,,False
scenario_109,child2_medicaid_eligible,FL,1.0,1.0,1.0,1.0,1.0,1.0,False,,,False
scenario_109,child2_medicare_eligible,FL,0.0,0.0,0.0,0.0,0.0,0.0,False,,,False
scenario_109,child2_wic_eligible,FL,0.0,0.0,0.0,0.0,0.0,0.0,False,,,False
scenario_109,child3_chip_eligible,FL,0.0,0.0,0.0,0.0,0.0,0.0,False,,,False
scenario_109,child3_early_head_start_eligible,FL,1.0,1.0,1.0,1.0,1.0,1.0,False,,,False
scenario_109,child3_head_start_eligible,FL,0.0,0.0,0.0,0.0,0.0,0.0,False,,,False
scenario_109,child3_medicaid_eligible,FL,1.0,1.0,1.0,1.0,1.0,1.0,False,,,False
scenario_109,child3_medicare_eligible,FL,0.0,0.0,0.0,0.0,0.0,0.0,False,,,False
scenario_109,child3_wic_eligible,FL,1.0,1.0,1.0,1.0,1.0,1.0,False,,,False
scenario_109,federal_income_tax_before_refundable_credits,FL,0.0,0.0,0.0,0.0,0.0,0.0,False,,,False
scenario_109,federal_refundable_credits,FL,12038.0859375,12038.0859375,12038.0859375,12038.0859375,12038.0859375,12038.0859375,False,,,False
scenario_109,free_school_meals_eligible,FL,1.0,1.0,1.0,1.0,1.0,1.0,False,,,False
scenario_109,head_chip_eligible,FL,0.0,0.0,0.0,0.0,0.0,0.0,False,,,False
scenario_109,head_medicaid_eligible,FL,0.0,0.0,0.0,0.0,0.0,0.0,False,,,False
scenario_109,head_medicare_eligible,FL,0.0,0.0,0.0,0.0,0.0,0.0,False,,,False
scenario_109,head_wic_eligible,FL,0.0,0.0,0.0,0.0,0.0,0.0,False,,,False
scenario_109,local_income_tax,FL,0.0,0.0,0.0,0.0,0.0,0.0,False,,,False
scenario_109,payroll_tax,FL,0.0,0.0,0.0,0.0,0.0,0.0,False,,,False
scenario_109,reduced_price_school_meals_eligible,FL,0.0,0.0,0.0,0.0,0.0,0.0,False,,,False
scenario_109,self_employment_tax,FL,4238.86474609375,4238.86474609375,4238.86474609375,4238.86474609375,4238.86474609375,4238.86474609375,False,,,False
scenario_109,snap,FL,8020.55419921875,7932.0,8040.0,7932.0,7932.0,7932.0,False,,,False
scenario_109,spouse_chip_eligible,FL,0.0,0.0,0.0,0.0,0.0,0.0,False,,,False
scenario_109,spouse_medicaid_eligible,FL,0.0,0.0,0.0,0.0,0.0,0.0,False,,,False
scenario_109,spouse_medicare_eligible,FL,0.0,0.0,0.0,0.0,0.0,0.0,False,,,False
scenario_109,spouse_wic_eligible,FL,0.0,0.0,0.0,0.0,0.0,0.0,False,,,False
scenario_109,ssi,FL,0.0,0.0,0.0,0.0,0.0,0.0,False,,,False
scenario_109,state_income_tax_before_refundable_credits,FL,0.0,0.0,0.0,0.0,0.0,0.0,False,,,False
scenario_109,state_refundable_credits,FL,0.0,0.0,0.0,0.0,0.0,0.0,False,,,False
scenario_109,tanf,FL,0.0,0.0,0.0,0.0,0.0,0.0,False,,,False
scenario_110,federal_income_tax_before_refundable_credits,OH,23897.443359375,23897.443359375,23897.443359375,23897.443359375,23897.443359375,23897.443359375,True,,,False
scenario_110,federal_refundable_credits,OH,0.0,0.0,0.0,0.0,0.0,0.0,False,,,False
scenario_110,free_school_meals_eligible,OH,0.0,0.0,0.0,0.0,0.0,0.0,False,,,False
scenario_110,head_chip_eligible,OH,0.0,0.0,0.0,0.0,0.0,0.0,False,,,False
scenario_110,head_medicaid_eligible,OH,0.0,0.0,0.0,0.0,0.0,0.0,False,,,False
scenario_110,head_medicare_eligible,OH,0.0,0.0,0.0,0.0,0.0,0.0,False,,,False
scenario_110,head_wic_eligible,OH,0.0,0.0,0.0,0.0,0.0,0.0,False,,,False
scenario_110,local_income_tax,OH,0.0,0.0,0.0,0.0,0.0,0.0,False,,,False
scenario_110,payroll_tax,OH,7650.0,7650.0,7650.0,7650.0,7650.0,7650.0,False,,,False
scenario_110,reduced_price_school_meals_eligible,OH,0.0,0.0,0.0,0.0,0.0,0.0,False,,,False
scenario_110,self_employment_tax,OH,0.0,0.0,0.0,0.0,0.0,0.0,False,,,False
scenario_110,snap,OH,0.0,0.0,0.0,0.0,0.0,0.0,False,,,False
scenario_110,ssi,OH,0.0,0.0,0.0,0.0,0.0,0.0,False,,,False
scenario_110,state_income_tax_before_refundable_credits,OH,4057.47216796875,4057.47216796875,4057.47216796875,4057.47216796875,4057.47216796875,4057.47216796875,True,,,False
scenario_110,state_refundable_credits,OH,0.0,0.0,0.0,0.0,0.0,0.0,False,,,False
scenario_110,tanf,OH,0.0,0.0,0.0,0.0,0.0,0.0,False,,,False
scenario_111,federal_income_tax_before_refundable_credits,WA,0.0,0.0,0.0,0.0,0.0,0.0,False,,,False
scenario_111,federal_refundable_credits,WA,0.0,0.0,0.0,0.0,0.0,0.0,False,,,False
scenario_111,free_school_meals_eligible,WA,0.0,0.0,0.0,0.0,0.0,0.0,False,,,False
scenario_111,head_chip_eligible,WA,0.0,0.0,0.0,0.0,0.0,0.0,False,,,False
scenario_111,head_medicaid_eligible,WA,0.0,0.0,0.0,0.0,0.0,0.0,False,,,False
scenario_111,head_medicare_eligible,WA,1.0,1.0,1.0,1.0,1.0,1.0,False,,,False
scenario_111,head_wic_eligible,WA,0.0,0.0,0.0,0.0,0.0,0.0,False,,,False
scenario_111,local_income_tax,WA,0.0,0.0,0.0,0.0,0.0,0.0,False,,,False
scenario_111,payroll_tax,WA,0.0,0.0,0.0,0.0,0.0,0.0,False,,,False
scenario_111,reduced_price_school_meals_eligible,WA,0.0,0.0,0.0,0.0,0.0,0.0,False,,,False
scenario_111,self_employment_tax,WA,0.0,0.0,0.0,0.0,0.0,0.0,False,,,False
scenario_111,snap,WA,0.0,0.0,0.0,0.0,0.0,0.0,False,,,False
scenario_111,spouse_chip_eligible,WA,0.0,0.0,0.0,0.0,0.0,0.0,False,,,False
scenario_111,spouse_medicaid_eligible,WA,0.0,0.0,0.0,0.0,0.0,0.0,False,,,False
scenario_111,spouse_medicare_eligible,WA,0.0,0.0,0.0,0.0,0.0,0.0,False,,,False
scenario_111,spouse_wic_eligible,WA,0.0,0.0,0.0,0.0,0.0,0.0,False,,,False
scenario_111,ssi,WA,0.0,0.0,0.0,0.0,0.0,0.0,False,,,False
scenario_111,state_income_tax_before_refundable_credits,WA,0.0,0.0,0.0,0.0,0.0,0.0,False,,,False
scenario_111,state_refundable_credits,WA,0.0,0.0,0.0,0.0,0.0,0.0,False,,,False
scenario_111,tanf,WA,0.0,0.0,0.0,0.0,0.0,0.0,False,,,False
scenario_112,federal_income_tax_before_refundable_credits,TX,0.0,0.0,0.0,0.0,0.0,0.0,False,,,False
scenario_112,federal_refundable_credits,TX,453.0960083007813,453.0960083007813,453.0960083007813,453.0960083007813,453.0960083007813,453.0960083007813,False,,,False
scenario_112,free_school_meals_eligible,TX,0.0,0.0,0.0,0.0,0.0,0.0,False,,,False
scenario_112,head_chip_eligible,TX,0.0,0.0,0.0,0.0,0.0,0.0,False,,,False
scenario_112,head_medicaid_eligible,TX,0.0,0.0,0.0,0.0,0.0,0.0,False,,,False
scenario_112,head_medicare_eligible,TX,0.0,0.0,0.0,0.0,0.0,0.0,False,,,False
scenario_112,head_wic_eligible,TX,0.0,0.0,0.0,0.0,0.0,0.0,False,,,False
scenario_112,local_income_tax,TX,0.0,0.0,0.0,0.0,0.0,0.0,False,,,False
scenario_112,payroll_tax,TX,453.0960083007813,453.0960083007813,453.0960083007813,453.0960083007813,453.0960083007813,453.0960083007813,False,,,False
scenario_112,reduced_price_school_meals_eligible,TX,0.0,0.0,0.0,0.0,0.0,0.0,False,,,False
scenario_112,self_employment_tax,TX,0.0,0.0,0.0,0.0,0.0,0.0,False,,,False
scenario_112,snap,TX,287.68316650390625,287.68316650390625,0.0,0.0,0.0,287.68316650390625,True,snap_abawd_hours_default_9261,keep_excluded,True
scenario_112,ssi,TX,0.0,0.0,0.0,0.0,0.0,0.0,False,,,False
scenario_112,state_income_tax_before_refundable_credits,TX,0.0,0.0,0.0,0.0,0.0,0.0,False,,,False
scenario_112,state_refundable_credits,TX,0.0,0.0,0.0,0.0,0.0,0.0,False,,,False
scenario_112,tanf,TX,0.0,0.0,0.0,0.0,0.0,0.0,False,,,False
scenario_114,federal_income_tax_before_refundable_credits,VA,10729.6123046875,10729.6123046875,10729.6123046875,10729.6123046875,10729.6123046875,10729.6123046875,False,,,False
scenario_114,federal_refundable_credits,VA,0.0,0.0,0.0,0.0,0.0,0.0,False,,,False
scenario_114,free_school_meals_eligible,VA,0.0,0.0,0.0,0.0,0.0,0.0,False,,,False
scenario_114,head_chip_eligible,VA,0.0,0.0,0.0,0.0,0.0,0.0,False,,,False
scenario_114,head_medicaid_eligible,VA,0.0,0.0,0.0,0.0,0.0,0.0,False,,,False
scenario_114,head_medicare_eligible,VA,1.0,1.0,1.0,1.0,1.0,1.0,False,,,False
scenario_114,head_wic_eligible,VA,0.0,0.0,0.0,0.0,0.0,0.0,False,,,False
scenario_114,local_income_tax,VA,0.0,0.0,0.0,0.0,0.0,0.0,False,,,False
scenario_114,payroll_tax,VA,1736.550048828125,1736.550048828125,1736.550048828125,1736.550048828125,1736.550048828125,1736.550048828125,False,,,False
scenario_114,reduced_price_school_meals_eligible,VA,0.0,0.0,0.0,0.0,0.0,0.0,False,,,False
scenario_114,self_employment_tax,VA,0.0,0.0,0.0,0.0,0.0,0.0,False,,,False
scenario_114,snap,VA,0.0,0.0,0.0,0.0,0.0,0.0,False,,,False
scenario_114,ssi,VA,0.0,0.0,0.0,0.0,0.0,0.0,False,,,False
scenario_114,state_income_tax_before_refundable_credits,VA,3514.14501953125,3514.14501953125,3514.14501953125,3514.14501953125,3514.14501953125,3514.14501953125,False,,,False
scenario_114,state_refundable_credits,VA,0.0,0.0,0.0,0.0,0.0,0.0,False,,,False
scenario_114,tanf,VA,0.0,0.0,0.0,0.0,0.0,0.0,False,,,False
scenario_115,federal_income_tax_before_refundable_credits,AL,0.0,0.0,0.0,0.0,0.0,0.0,False,,,False
scenario_115,federal_refundable_credits,AL,0.0,0.0,0.0,0.0,0.0,0.0,False,,,False
scenario_115,free_school_meals_eligible,AL,0.0,0.0,0.0,0.0,0.0,0.0,False,,,False
scenario_115,head_chip_eligible,AL,0.0,0.0,0.0,0.0,0.0,0.0,False,,,False
scenario_115,head_medicaid_eligible,AL,0.0,0.0,0.0,0.0,0.0,0.0,False,,,False
scenario_115,head_medicare_eligible,AL,1.0,1.0,1.0,1.0,1.0,1.0,False,,,False
scenario_115,head_wic_eligible,AL,0.0,0.0,0.0,0.0,0.0,0.0,False,,,False
scenario_115,local_income_tax,AL,0.0,0.0,0.0,0.0,0.0,0.0,False,,,False
scenario_115,payroll_tax,AL,0.0,0.0,0.0,0.0,0.0,0.0,False,,,False
scenario_115,reduced_price_school_meals_eligible,AL,0.0,0.0,0.0,0.0,0.0,0.0,False,,,False
scenario_115,self_employment_tax,AL,0.0,0.0,0.0,0.0,0.0,0.0,False,,,False
scenario_115,snap,AL,0.0,0.0,0.0,0.0,0.0,0.0,False,,,False
scenario_115,ssi,AL,0.0,0.0,0.0,0.0,0.0,0.0,False,,,False
scenario_115,state_income_tax_before_refundable_credits,AL,4.679999828338623,4.679999828338623,4.679999828338623,4.679999828338623,4.679999828338623,4.679999828338623,False,,,False
scenario_115,state_refundable_credits,AL,0.0,0.0,0.0,0.0,0.0,0.0,False,,,False
scenario_115,tanf,AL,0.0,0.0,0.0,0.0,0.0,0.0,False,,,False
scenario_116,federal_income_tax_before_refundable_credits,FL,0.0,0.0,0.0,0.0,0.0,0.0,False,,,False
scenario_116,federal_refundable_credits,FL,0.0,0.0,0.0,0.0,0.0,0.0,False,,,False
scenario_116,free_school_meals_eligible,FL,0.0,0.0,0.0,0.0,0.0,0.0,False,,,False
scenario_116,head_chip_eligible,FL,0.0,0.0,0.0,0.0,0.0,0.0,False,,,False
scenario_116,head_medicaid_eligible,FL,0.0,0.0,0.0,0.0,0.0,0.0,False,,,False
scenario_116,head_medicare_eligible,FL,0.0,0.0,0.0,0.0,0.0,0.0,False,,,False
scenario_116,head_wic_eligible,FL,0.0,0.0,0.0,0.0,0.0,0.0,False,,,False
scenario_116,local_income_tax,FL,0.0,0.0,0.0,0.0,0.0,0.0,False,,,False
scenario_116,payroll_tax,FL,0.0,0.0,0.0,0.0,0.0,0.0,False,,,False
scenario_116,reduced_price_school_meals_eligible,FL,0.0,0.0,0.0,0.0,0.0,0.0,False,,,False
scenario_116,self_employment_tax,FL,0.0,0.0,0.0,0.0,0.0,0.0,False,,,False
scenario_116,snap,FL,0.0,0.0,0.0,0.0,0.0,0.0,False,,,False
scenario_116,spouse_chip_eligible,FL,0.0,0.0,0.0,0.0,0.0,0.0,False,,,False
scenario_116,spouse_medicaid_eligible,FL,0.0,0.0,0.0,0.0,0.0,0.0,False,,,False
scenario_116,spouse_medicare_eligible,FL,0.0,0.0,0.0,0.0,0.0,0.0,False,,,False
scenario_116,spouse_wic_eligible,FL,0.0,0.0,0.0,0.0,0.0,0.0,False,,,False
scenario_116,ssi,FL,0.0,0.0,0.0,0.0,0.0,0.0,False,,,False
scenario_116,state_income_tax_before_refundable_credits,FL,0.0,0.0,0.0,0.0,0.0,0.0,False,,,False
scenario_116,state_refundable_credits,FL,0.0,0.0,0.0,0.0,0.0,0.0,False,,,False
scenario_116,tanf,FL,0.0,0.0,0.0,0.0,0.0,0.0,False,,,False
scenario_117,child1_chip_eligible,AR,0.0,0.0,0.0,0.0,0.0,0.0,False,,,False
scenario_117,child1_early_head_start_eligible,AR,0.0,0.0,0.0,0.0,0.0,0.0,False,,,False
scenario_117,child1_head_start_eligible,AR,0.0,0.0,0.0,0.0,0.0,0.0,False,,,False
scenario_117,child1_medicaid_eligible,AR,0.0,0.0,0.0,0.0,0.0,0.0,False,,,False
scenario_117,child1_medicare_eligible,AR,0.0,0.0,0.0,0.0,0.0,0.0,False,,,False
scenario_117,child1_wic_eligible,AR,0.0,0.0,0.0,0.0,0.0,0.0,False,,,False
scenario_117,child2_chip_eligible,AR,0.0,0.0,0.0,0.0,0.0,0.0,False,,,False
scenario_117,child2_early_head_start_eligible,AR,0.0,0.0,0.0,0.0,0.0,0.0,False,,,False
scenario_117,child2_head_start_eligible,AR,0.0,0.0,0.0,0.0,0.0,0.0,False,,,False
scenario_117,child2_medicaid_eligible,AR,0.0,0.0,0.0,0.0,0.0,0.0,False,,,False
scenario_117,child2_medicare_eligible,AR,0.0,0.0,0.0,0.0,0.0,0.0,False,,,False
scenario_117,child2_wic_eligible,AR,0.0,0.0,0.0,0.0,0.0,0.0,False,,,False
scenario_117,child3_chip_eligible,AR,0.0,0.0,0.0,0.0,0.0,0.0,False,,,False
scenario_117,child3_early_head_start_eligible,AR,0.0,0.0,0.0,0.0,0.0,0.0,False,,,False
scenario_117,child3_head_start_eligible,AR,0.0,0.0,0.0,0.0,0.0,0.0,False,,,False
scenario_117,child3_medicaid_eligible,AR,0.0,0.0,0.0,0.0,0.0,0.0,False,,,False
scenario_117,child3_medicare_eligible,AR,0.0,0.0,0.0,0.0,0.0,0.0,False,,,False
scenario_117,child3_wic_eligible,AR,0.0,0.0,0.0,0.0,0.0,0.0,False,,,False
scenario_117,federal_income_tax_before_refundable_credits,AR,24391.796875,24391.796875,24961.33984375,24961.33984375,24961.33984375,24961.33984375,True,salt_refund_gross_income_9122,exclude_unlisted_input,True
scenario_117,federal_refundable_credits,AR,0.0,0.0,0.0,0.0,0.0,0.0,False,,,False
scenario_117,free_school_meals_eligible,AR,0.0,0.0,0.0,0.0,0.0,0.0,False,,,False
scenario_117,head_chip_eligible,AR,0.0,0.0,0.0,0.0,0.0,0.0,False,,,False
scenario_117,head_medicaid_eligible,AR,0.0,0.0,0.0,0.0,0.0,0.0,False,,,False
scenario_117,head_medicare_eligible,AR,0.0,0.0,0.0,0.0,0.0,0.0,False,,,False
scenario_117,head_wic_eligible,AR,0.0,0.0,0.0,0.0,0.0,0.0,False,,,False
scenario_117,local_income_tax,AR,0.0,0.0,0.0,0.0,0.0,0.0,False,,,False
scenario_117,payroll_tax,AR,15044.787109375,15044.787109375,15044.787109375,15044.787109375,15044.787109375,15044.787109375,False,,,False
scenario_117,reduced_price_school_meals_eligible,AR,0.0,0.0,0.0,0.0,0.0,0.0,False,,,False
scenario_117,self_employment_tax,AR,0.0,0.0,0.0,0.0,0.0,0.0,False,,,False
scenario_117,snap,AR,0.0,0.0,0.0,0.0,0.0,0.0,False,,,False
scenario_117,spouse_chip_eligible,AR,0.0,0.0,0.0,0.0,0.0,0.0,False,,,False
scenario_117,spouse_medicaid_eligible,AR,0.0,0.0,0.0,0.0,0.0,0.0,False,,,False
scenario_117,spouse_medicare_eligible,AR,0.0,0.0,0.0,0.0,0.0,0.0,False,,,False
scenario_117,spouse_wic_eligible,AR,0.0,0.0,0.0,0.0,0.0,0.0,False,,,False
scenario_117,ssi,AR,0.0,0.0,0.0,0.0,0.0,0.0,False,,,False
scenario_117,state_income_tax_before_refundable_credits,AR,7984.05419921875,7984.05419921875,7984.53369140625,7984.53369140625,7984.53369140625,7984.53369140625,False,,,False
scenario_117,state_refundable_credits,AR,0.0,0.0,0.0,0.0,0.0,0.0,False,,,False
scenario_117,tanf,AR,0.0,0.0,0.0,0.0,0.0,0.0,False,,,False
scenario_118,federal_income_tax_before_refundable_credits,NY,0.0,0.0,0.0,0.0,0.0,0.0,False,,,False
scenario_118,federal_refundable_credits,NY,0.0,0.0,0.0,0.0,0.0,0.0,False,,,False
scenario_118,free_school_meals_eligible,NY,0.0,0.0,0.0,0.0,0.0,0.0,False,,,False
scenario_118,head_chip_eligible,NY,0.0,0.0,0.0,0.0,0.0,0.0,False,,,False
scenario_118,head_medicaid_eligible,NY,1.0,1.0,1.0,1.0,1.0,1.0,False,,,False
scenario_118,head_medicare_eligible,NY,1.0,1.0,1.0,1.0,1.0,1.0,False,,,False
scenario_118,head_wic_eligible,NY,0.0,0.0,0.0,0.0,0.0,0.0,False,,,False
scenario_118,local_income_tax,NY,0.0,0.0,0.0,0.0,0.0,0.0,False,,,False
scenario_118,payroll_tax,NY,0.0,0.0,0.0,0.0,0.0,0.0,False,,,False
scenario_118,reduced_price_school_meals_eligible,NY,0.0,0.0,0.0,0.0,0.0,0.0,False,,,False
scenario_118,self_employment_tax,NY,0.0,0.0,0.0,0.0,0.0,0.0,False,,,False
scenario_118,snap,NY,2903.9404296875,2903.9404296875,2904.0,2868.0,2868.0,2903.9404296875,True,excl_snap_mortgage_residence,keep_excluded,True
scenario_118,ssi,NY,9368.0,9368.0,9368.0,9368.0,9368.0,9368.0,False,,,False
scenario_118,state_income_tax_before_refundable_credits,NY,0.0,0.0,0.0,0.0,0.0,0.0,False,,,False
scenario_118,state_refundable_credits,NY,375.0,375.0,375.0,375.0,375.0,375.0,False,,,False
scenario_118,tanf,NY,0.0,0.0,0.0,0.0,0.0,0.0,False,,,False
scenario_119,child1_chip_eligible,VA,0.0,0.0,0.0,0.0,0.0,0.0,False,,,False
scenario_119,child1_early_head_start_eligible,VA,0.0,0.0,0.0,0.0,0.0,0.0,False,,,False
scenario_119,child1_head_start_eligible,VA,0.0,0.0,0.0,0.0,0.0,0.0,False,,,False
scenario_119,child1_medicaid_eligible,VA,0.0,0.0,0.0,0.0,0.0,0.0,False,,,False
scenario_119,child1_medicare_eligible,VA,0.0,0.0,0.0,0.0,0.0,0.0,False,,,False
scenario_119,child1_wic_eligible,VA,0.0,0.0,0.0,0.0,0.0,0.0,False,,,False
scenario_119,child2_chip_eligible,VA,0.0,0.0,0.0,0.0,0.0,0.0,False,,,False
scenario_119,child2_early_head_start_eligible,VA,0.0,0.0,0.0,0.0,0.0,0.0,False,,,False
scenario_119,child2_head_start_eligible,VA,0.0,0.0,0.0,0.0,0.0,0.0,False,,,False
scenario_119,child2_medicaid_eligible,VA,0.0,0.0,0.0,0.0,0.0,0.0,False,,,False
scenario_119,child2_medicare_eligible,VA,0.0,0.0,0.0,0.0,0.0,0.0,False,,,False
scenario_119,child2_wic_eligible,VA,0.0,0.0,0.0,0.0,0.0,0.0,False,,,False
scenario_119,federal_income_tax_before_refundable_credits,VA,0.0,0.0,0.0,0.0,0.0,0.0,False,,,False
scenario_119,federal_refundable_credits,VA,2854.0087890625,2854.0087890625,2854.0087890625,2854.0087890625,2854.0087890625,2854.0087890625,True,,,False
scenario_119,free_school_meals_eligible,VA,0.0,0.0,0.0,0.0,0.0,0.0,False,,,False
scenario_119,head_chip_eligible,VA,0.0,0.0,0.0,0.0,0.0,0.0,False,,,False
scenario_119,head_medicaid_eligible,VA,0.0,0.0,0.0,0.0,0.0,0.0,False,,,False
scenario_119,head_medicare_eligible,VA,0.0,0.0,0.0,0.0,0.0,0.0,False,,,False
scenario_119,head_wic_eligible,VA,0.0,0.0,0.0,0.0,0.0,0.0,False,,,False
scenario_119,local_income_tax,VA,0.0,0.0,0.0,0.0,0.0,0.0,False,,,False
scenario_119,payroll_tax,VA,4207.5,4207.5,4207.5,4207.5,4207.5,4207.5,False,,,False
scenario_119,reduced_price_school_meals_eligible,VA,0.0,0.0,0.0,0.0,0.0,0.0,False,,,False
scenario_119,self_employment_tax,VA,0.0,0.0,0.0,0.0,0.0,0.0,False,,,False
scenario_119,snap,VA,0.0,0.0,0.0,0.0,0.0,0.0,False,,,False
scenario_119,ssi,VA,0.0,0.0,0.0,0.0,0.0,0.0,False,,,False
scenario_119,state_income_tax_before_refundable_credits,VA,1859.0943603515625,1859.0943603515625,1859.0943603515625,1859.0943603515625,1859.0943603515625,1859.0943603515625,True,,,False
scenario_119,state_refundable_credits,VA,0.0,0.0,0.0,0.0,0.0,0.0,False,,,False
scenario_119,tanf,VA,0.0,0.0,0.0,0.0,0.0,0.0,False,,,False
scenario_120,federal_income_tax_before_refundable_credits,CT,40021.81640625,40021.81640625,40416.66796875,40416.66796875,40416.66796875,40021.81640625,True,excl_r02_ira_219g_federal,keep_excluded,True
scenario_120,federal_refundable_credits,CT,0.0,0.0,0.0,0.0,0.0,0.0,False,,,False
scenario_120,free_school_meals_eligible,CT,0.0,0.0,0.0,0.0,0.0,0.0,False,,,False
scenario_120,head_chip_eligible,CT,0.0,0.0,0.0,0.0,0.0,0.0,False,,,False
scenario_120,head_medicaid_eligible,CT,0.0,0.0,0.0,0.0,0.0,0.0,False,,,False
scenario_120,head_medicare_eligible,CT,1.0,1.0,1.0,1.0,1.0,1.0,False,,,False
scenario_120,head_wic_eligible,CT,0.0,0.0,0.0,0.0,0.0,0.0,False,,,False
scenario_120,local_income_tax,CT,0.0,0.0,0.0,0.0,0.0,0.0,False,,,False
scenario_120,payroll_tax,CT,13496.1552734375,13496.1552734375,13496.1552734375,13496.1552734375,13496.1552734375,13496.1552734375,False,,,False
scenario_120,reduced_price_school_meals_eligible,CT,0.0,0.0,0.0,0.0,0.0,0.0,False,,,False
scenario_120,self_employment_tax,CT,0.0,0.0,0.0,0.0,0.0,0.0,False,,,False
scenario_120,snap,CT,0.0,0.0,0.0,0.0,0.0,0.0,False,,,False
scenario_120,ssi,CT,0.0,0.0,0.0,0.0,0.0,0.0,False,,,False
scenario_120,state_income_tax_before_refundable_credits,CT,11917.18359375,11917.18359375,11917.18359375,11917.18359375,11917.18359375,11917.18359375,True,,,False
scenario_120,state_refundable_credits,CT,0.0,0.0,0.0,0.0,0.0,0.0,False,,,False
scenario_120,tanf,CT,0.0,0.0,0.0,0.0,0.0,0.0,False,,,False
scenario_121,federal_income_tax_before_refundable_credits,SC,0.0,0.0,0.0,0.0,0.0,0.0,True,,,False
scenario_121,federal_refundable_credits,SC,0.0,0.0,0.0,0.0,0.0,0.0,False,,,False
scenario_121,free_school_meals_eligible,SC,0.0,0.0,0.0,0.0,0.0,0.0,False,,,False
scenario_121,head_chip_eligible,SC,0.0,0.0,0.0,0.0,0.0,0.0,False,,,False
scenario_121,head_medicaid_eligible,SC,0.0,0.0,0.0,0.0,0.0,0.0,False,,,False
scenario_121,head_medicare_eligible,SC,0.0,0.0,0.0,0.0,0.0,0.0,False,,,False
scenario_121,head_wic_eligible,SC,0.0,0.0,0.0,0.0,0.0,0.0,False,,,False
scenario_121,local_income_tax,SC,0.0,0.0,0.0,0.0,0.0,0.0,False,,,False
scenario_121,payroll_tax,SC,1963.3724365234375,1963.3724365234375,1963.3724365234375,1963.3724365234375,1963.3724365234375,1963.3724365234375,False,,,False
scenario_121,reduced_price_school_meals_eligible,SC,0.0,0.0,0.0,0.0,0.0,0.0,False,,,False
scenario_121,self_employment_tax,SC,0.0,0.0,0.0,0.0,0.0,0.0,False,,,False
scenario_121,snap,SC,0.0,0.0,0.0,0.0,0.0,0.0,False,,,False
scenario_121,ssi,SC,0.0,0.0,0.0,0.0,0.0,0.0,False,,,False
scenario_121,state_income_tax_before_refundable_credits,SC,0.0,0.0,0.0,0.0,0.0,0.0,True,,,False
scenario_121,state_refundable_credits,SC,0.0,0.0,0.0,0.0,0.0,0.0,False,,,False
scenario_121,tanf,SC,0.0,0.0,0.0,0.0,0.0,0.0,False,,,False
scenario_122,federal_income_tax_before_refundable_credits,MN,4746.66162109375,4746.66162109375,4746.66162109375,4746.66162109375,4746.66162109375,4746.66162109375,False,,,False
scenario_122,federal_refundable_credits,MN,0.0,0.0,0.0,0.0,0.0,0.0,False,,,False
scenario_122,free_school_meals_eligible,MN,0.0,0.0,0.0,0.0,0.0,0.0,False,,,False
scenario_122,head_chip_eligible,MN,0.0,0.0,0.0,0.0,0.0,0.0,False,,,False
scenario_122,head_medicaid_eligible,MN,0.0,0.0,0.0,0.0,0.0,0.0,False,,,False
scenario_122,head_medicare_eligible,MN,1.0,1.0,1.0,1.0,1.0,1.0,False,,,False
scenario_122,head_wic_eligible,MN,0.0,0.0,0.0,0.0,0.0,0.0,False,,,False
scenario_122,local_income_tax,MN,0.0,0.0,0.0,0.0,0.0,0.0,False,,,False
scenario_122,payroll_tax,MN,0.0,0.0,0.0,0.0,0.0,0.0,False,,,False
scenario_122,reduced_price_school_meals_eligible,MN,0.0,0.0,0.0,0.0,0.0,0.0,False,,,False
scenario_122,self_employment_tax,MN,0.0,0.0,0.0,0.0,0.0,0.0,False,,,False
scenario_122,snap,MN,0.0,0.0,0.0,0.0,0.0,0.0,False,,,False
scenario_122,ssi,MN,0.0,0.0,0.0,0.0,0.0,0.0,False,,,False
scenario_122,state_income_tax_before_refundable_credits,MN,1028.216552734375,1025.54150390625,1028.216552734375,1025.54150390625,1025.54150390625,1025.54150390625,False,,,False
scenario_122,state_refundable_credits,MN,0.0,0.0,0.0,0.0,0.0,0.0,False,,,False
scenario_122,tanf,MN,0.0,0.0,0.0,0.0,0.0,0.0,False,,,False
scenario_123,child1_chip_eligible,PA,0.0,0.0,0.0,0.0,0.0,0.0,False,,,False
scenario_123,child1_early_head_start_eligible,PA,0.0,0.0,0.0,0.0,0.0,0.0,False,,,False
scenario_123,child1_head_start_eligible,PA,0.0,0.0,0.0,0.0,0.0,0.0,False,,,False
scenario_123,child1_medicaid_eligible,PA,0.0,0.0,0.0,0.0,0.0,0.0,False,,,False
scenario_123,child1_medicare_eligible,PA,0.0,0.0,0.0,0.0,0.0,0.0,False,,,False
scenario_123,child1_wic_eligible,PA,0.0,0.0,0.0,0.0,0.0,0.0,False,,,False
scenario_123,federal_income_tax_before_refundable_credits,PA,5200.240234375,5200.240234375,5200.240234375,5200.240234375,5200.240234375,5200.240234375,False,,,False
scenario_123,federal_refundable_credits,PA,0.0,0.0,0.0,0.0,0.0,0.0,False,,,False
scenario_123,free_school_meals_eligible,PA,0.0,0.0,0.0,0.0,0.0,0.0,False,,,False
scenario_123,head_chip_eligible,PA,0.0,0.0,0.0,0.0,0.0,0.0,False,,,False
scenario_123,head_medicaid_eligible,PA,0.0,0.0,0.0,0.0,0.0,0.0,False,,,False
scenario_123,head_medicare_eligible,PA,0.0,0.0,0.0,0.0,0.0,0.0,False,,,False
scenario_123,head_wic_eligible,PA,0.0,0.0,0.0,0.0,0.0,0.0,False,,,False
scenario_123,local_income_tax,PA,0.0,0.0,0.0,0.0,0.0,0.0,False,,,False
scenario_123,payroll_tax,PA,11194.0,11194.0,11194.0,11194.0,11194.0,11194.0,False,,,False
scenario_123,reduced_price_school_meals_eligible,PA,0.0,0.0,0.0,0.0,0.0,0.0,False,,,False
scenario_123,self_employment_tax,PA,0.0,0.0,0.0,0.0,0.0,0.0,False,,,False
scenario_123,snap,PA,0.0,0.0,0.0,0.0,0.0,0.0,False,,,False
scenario_123,spouse_chip_eligible,PA,0.0,0.0,0.0,0.0,0.0,0.0,False,,,False
scenario_123,spouse_medicaid_eligible,PA,0.0,0.0,0.0,0.0,0.0,0.0,False,,,False
scenario_123,spouse_medicare_eligible,PA,0.0,0.0,0.0,0.0,0.0,0.0,False,,,False
scenario_123,spouse_wic_eligible,PA,0.0,0.0,0.0,0.0,0.0,0.0,False,,,False
scenario_123,ssi,PA,0.0,0.0,0.0,0.0,0.0,0.0,False,,,False
scenario_123,state_income_tax_before_refundable_credits,PA,3070.061279296875,3070.061279296875,3070.061279296875,3070.061279296875,3070.061279296875,3070.061279296875,False,,,False
scenario_123,state_refundable_credits,PA,0.0,0.0,0.0,0.0,0.0,0.0,False,,,False
scenario_123,tanf,PA,0.0,0.0,0.0,0.0,0.0,0.0,False,,,False
