variable,mean_score,mean_exact,mean_within_1pct,mean_within_5pct,mean_mae,mean_mape,mean_within_10pct,mean_accuracy,mean_coverage,total_n,parsed_n
child_benefit,0.7806363636363636,0.7071818181818181,0.7177272727272727,0.8362727272727273,219.69373734793936,0.3357753274650101,0.8613636363636363,,0.9996363636363635,11000,10996
income_tax,0.3477954545454546,0.2541818181818182,0.297,0.3818181818181818,7661.320159456449,0.46235146403722,0.4581818181818182,,0.9996363636363635,11000,10996
national_insurance,0.5530454545454545,0.5063636363636363,0.5227272727272727,0.5677272727272727,811.6399598524724,0.6122293115189309,0.6153636363636363,,0.9996363636363635,11000,10996
pension_credit,0.8845454545454546,0.882090909090909,0.8828181818181818,0.886,798.1175362477265,1.0028427729887592,0.8872727272727272,,0.9996363636363635,11000,10996
pip,0.8486818181818182,0.7937272727272727,0.7993636363636365,0.8938181818181818,541.7754468194654,0.2617835754666171,0.907818181818182,,0.9996363636363635,11000,10996
universal_credit,0.7772954545454546,0.7693636363636365,0.7719090909090909,0.7801818181818182,1750.473854437946,0.858096342493977,0.7877272727272728,,0.9995454545454546,11000,10995
