model,variable,n,n_parsed,coverage,mae,mape,accuracy,exact,within_1pct,within_5pct,within_10pct,score
gpt-5.4,child_benefit,10,10,1.0,54.15990722656252,0.1294508539041766,,0.7,0.7,0.8,0.8,0.75
gpt-5.4,income_tax,10,10,1.0,1323.678801269531,0.2595734122949768,,0.0,0.1,0.3,0.3,0.175
gpt-5.4,national_insurance,10,10,1.0,734.9563776855468,0.33723945850105685,,0.1,0.1,0.1,0.1,0.1
gpt-5.4,pension_credit,10,10,1.0,1296.82353515625,1.0,,0.9,0.9,0.9,0.9,0.9
gpt-5.4,pip,10,10,1.0,5.976015625000036,0.011148949752988151,,0.9,0.9,1.0,1.0,0.95
gpt-5.4,universal_credit,10,10,1.0,55.766015625,1.0,,0.9,0.9,0.9,0.9,0.9
