model,mean_score,mean_exact,mean_within_1pct,mean_within_5pct,mean_mae,mean_mape,mean_within_10pct,mean_accuracy,mean_coverage,total_n,parsed_n
gpt-5.4,0.6291666666666667,0.5833333333333334,0.6,0.6666666666666666,578.5601087646484,0.45623544574219976,0.6666666666666666,,1.0,60,60
