model,mean_mae,mean_mape,mean_within_10pct,mean_accuracy,mean_coverage,total_n,parsed_n
claude-opus,1693.7935224604266,0.6522181757070388,0.7083333333333334,0.75,1.0,28,28
gemini-3.1-pro-preview,1691.9486474604266,0.8079073234563108,0.7083333333333334,0.75,1.0,28,28
gpt-5.4,1167.6199462890625,0.4012150432965465,0.5,0.5,0.6785714285714286,28,19
claude-sonnet-4.6,249.94986979166666,0.03524441672470004,0.2916666666666667,0.5,0.32142857142857145,28,9
