case_id,prompt_sha256,verdict_sha256
us__scenario_000__federal_income_tax_before_refundable_credits,667c9c1561a5fc3f0550f4935b2dd825ef6344f7e96e3cd7aaa4a38b604bbb68,843a19da6dca70f2b9128f9a0c53bb557e281ebedb0a8ca5647c54d2f84950d2
us__scenario_000__head_medicaid_eligible,8089c5b7a0466e36ef70a540a36e0f4d2ef3e03016761d5af347bdf3413c3169,23da81291d2f22a85339bb188697a3ce2973dabd3bcdcc2c9542da0e89f44968
us__scenario_000__payroll_tax,ad3ec2acf8cf3f51cc1b1163b7235de86faf8155ae40414008d923bd19fd4f68,2976fd7ab6bd851cfb4280f8e4bf6237fc50c8fc6bc9c0bb5fa1bef7ea5081ec
us__scenario_001__federal_income_tax_before_refundable_credits,8e481d2423d8a00d78610db517ca72ebe146b6cdda3bede219de8a605f1537ad,26332b1907accd4a10afa346bde68e6f17f61627dbcb7a66de117a3f3e78fe98
us__scenario_001__head_medicaid_eligible,5b02a3162ff896f56d86345134b7eaedf86a92df2dc4385cfd12c4a8eea72072,01d80f20bff3223c3e6e45fc067fde2a8dacd0735cae5e387bdc5cf010128119
us__scenario_001__payroll_tax,9823daa04787348f26f579dc51f57398cfde0e8ac182b9b7b4039777536b61ea,73dcfb1b3d84dd5872bc6df2284173bd61036e6a87f68967029a4c7c8bf798bc
us__scenario_001__snap,194a3313e5d135c9a819556944a0f5e62e7bffc7237f6028662fbd2ce2cc0593,3c28eb95c4f073cec7b6b557eb113f8e38f378e353d2767e41482c606a729613
us__scenario_001__spouse_medicaid_eligible,0e4e93d6427a4d287d6a94d667ee53a271844c4040c62a1d59280cece0a87d53,881bc970e58f5c834264dd8cd1aef813e3b88f4288ac360c4530a2a60fced54b
us__scenario_001__spouse_medicare_eligible,0656f728338046a43a0d834c0f4142b45f0c2769fbd28ebb16e748773a99e1c5,cc4bf2ef991e1d2df6eb2dc0832bea10d4e98313a634a03c95650062870c9b1c
us__scenario_001__state_income_tax_before_refundable_credits,ec40241c45e8bfa855423975eb9895d04402eef36695e482c368d92d75b075e7,76e16fef6cedb66eaddee61f05552391deed824c858df115640cb34b9fa08e91
us__scenario_002__federal_income_tax_before_refundable_credits,3879086195ef09bc9fbbb4224f27c4b266087792861bfe60dae6d4ef829be7f9,7b4c64608ce0152998d61f834b2f56e051899f304f1e234c6bc8d67f31d3a53c
us__scenario_002__payroll_tax,8e44f4b6852ea58a9cdbd8f3c0dfde061fec4277853883bcad021cfb08f86393,6941c2013a9ff6a340bbdb01caa5d540ebbd16131ec51ff8c5c1a4191e37e078
us__scenario_002__spouse_medicaid_eligible,f31870852cd979c20818b8eb95109f28f97bc5884f730d8bb088eb1632540437,0614261cf2a4ae6b08880ad85cba80f2c8422e1d427e790c0af98547fabb430a
us__scenario_003__federal_income_tax_before_refundable_credits,ccb734da3c4f8b8880a82808698e692359935925c1851d95648b6e8d8b0907e5,bc4c7f9530a23599c78db9c68c70d94a38576dd4863fcbc498a1718019e05da6
us__scenario_003__head_medicare_eligible,3d383853ed8d2408b42b2d8f860e8ef13d837147fd4aeb7a79a2bd2767d65876,963de2b07086fa8200ffc7044fae0f2814b6dcf4416ece7f6251ee761b1093e0
us__scenario_003__payroll_tax,7bbbfaf9883624c09846b24f41b05c655297f7909657a7b6338b59eff910c970,cc8373e601995d8be14e9a3bde16c2eb9782dd7b5b4be7b5b56ffd550e4c64f6
us__scenario_003__state_income_tax_before_refundable_credits,887a8e3537b86044d115cf9871eee3fc94fe0d657c12db4fb74d54ef84754d4b,dadce1fd2cf0db15a840b85aec6bd3eae1f9ae0f90dde245e3fb8f352cbf8e6d
us__scenario_004__federal_income_tax_before_refundable_credits,9e983ac85d363eb014b702bb595f1d7c7244ea1e86e64cfb065f486ce116e9ea,594e83cb33e224a96cf4164e8d41c5683f2bc0c1c0e9f44d9e5bed2700b3c35d
us__scenario_004__head_medicaid_eligible,2675aa52eb07eafe4f531ab52c6d097e3d9bad454cd1576d5ff7299fd6efd176,a3bf397cbcc6f02c37862addb0c34de649b1b18ca8ab2c862ce302a9411ecbe9
us__scenario_004__head_medicare_eligible,c4741b2164e29719d5b32819b5973680169dc4b65a5eec64ac5fddb8df059e27,4c97ce28067f3cef1da48d7d4b1f429c3dae32de6913fb5a27429609897aa84a
us__scenario_004__payroll_tax,6564a474d536aec4c4493b871c44efd8d7cb1bbbb8d8b40dd8e8b20e95bc28f4,3a5985011267f36bcb9d0587e7b81a3c5849723e80eba716a88038e2fe5b02f3
us__scenario_004__spouse_medicaid_eligible,dea74d788c0be58164bc9e89db06eafc48b2ef87a41487949db5004b53aed483,f67c8c87218256a0f55d4ff186e8c9e3e00ed87c5486c0cdcc84ba779e18f4dd
us__scenario_004__state_income_tax_before_refundable_credits,79e3c8505e4bf3b830175a7a82e1f86c3a30860d1139f78cbfdd7525c16dce73,ac22060d7debccb45bf71e79e45df9e54a606222c64945eb1abfb097b3696605
us__scenario_004__state_refundable_credits,e65faf7c6f5dc4487aa71a232f55f12658775f0b65e6046a8721abbb20228a35,b1b6c3aea2d345d1780d1fa45fe90a705323880794e00ea121d3951b013d12d7
us__scenario_005__federal_income_tax_before_refundable_credits,7aa358111f92f9bdb00a251f74905eed494e06b4e569436f3d2d6ae34fb24895,84cd048f4c9bf573b2af150d703b43681a5016b5c7d8ddc157335364490bd51b
us__scenario_005__payroll_tax,ad4ec8ed35a8691cc6df8a956ff8a92892075cad3d1ae0f9b3bde06c3942462b,97fe9314c0547c080ea3a24bd4f6ef3c7e26dc484a7cf3be1216f512387705bd
us__scenario_005__state_income_tax_before_refundable_credits,962c40e2d29e31772f51cb70a90db6d09a027e209f781a70d77bc84d3ede161e,428c7dcd0356d5b08b0d42c5014cf50b7e113998eb446c9249b1f9592d556cb0
us__scenario_007__federal_income_tax_before_refundable_credits,ae7d198f02cbdfbddc6122792fcc78c8780281ba2185cc43e4e5487a88af9451,ae4f45e4c06169ac8062ba546969e25a0e2e25569b56143c4811d70c95867032
us__scenario_007__head_medicare_eligible,d6f3575f5ba18e234272f55c6dd9f63f19fb7eebf4e13c0647b368d8ca4518f4,3f881ff75efd3f35dfa847af2c94cb597a6fff67eaf70f139a3eddd9a9faaf24
us__scenario_007__payroll_tax,582c724c86cdf328d26aeed0be2f7982255366d6f05bdc22aead1ff6f68a1565,e9746dc99fcb16bd82cfdc51b35bd027e9cca84a5e27da88fa8b68811c8e20c5
us__scenario_007__state_income_tax_before_refundable_credits,769ce0c49e2269b1cf68e955ef21745daba7e8f9a7a2a6b87ca31d5330050b39,a8ee7e56b6b6ce93754d898ee40286cf513e4bd3518abb39b3c2e4545150a1cc
us__scenario_007__state_refundable_credits,f499e91961a2fe504defeb2aacf35971dd388808aba35c9581d52c6a54be5d3c,ef3ef8ea2b037bbf844e47e9020d32e33e9996fd247c00d7e38f2997300bdffa
us__scenario_008__child1_chip_eligible,a93978d5d293cfe92935b099a148d277e0c77be2ae086cb1d20efc27cf3ab30e,507b44d055f2623db2791e3a0b97195fa6353e019d482fbf7b26ff17a055d83e
us__scenario_008__child1_medicaid_eligible,546e03b9768c3db88d457ace694fee63a5d0e8d71e8fc46cf8871a619fa28362,063cbc6c13a76d76c39c448a742b7ba7f58a012d0fffa5a2feff6a5a8055bae7
us__scenario_008__child1_wic_eligible,3de7603916921d46a583fb60f793984c2a22a885565ee7b9995d7a51c4710dab,5b9e51ff86cec1b37a9a4a1e1f2ca5d7a21b0ac1f4e5fd88ee6b06f789c8e4f2
us__scenario_008__child2_chip_eligible,a32841e960466ea34fdc40a542b6aca12c991e6f47eed26748eb0953060a92fd,e36890a740d48f7e0f7ee115c17ecb461eaeec02547a792bec190b04885b00b1
us__scenario_008__child2_medicaid_eligible,a9d876d93eb0a849ecf0c811c87af8ddbc6c1d819e1734eb538ba278d050e4d8,ed47b0ccb8d73d15468005c0e4119960a42faeaf74395c1f270b8b2f3d2b8906
us__scenario_008__child2_wic_eligible,7a64b827ebe7754de190f98fcb49b3f5a8a86f4f658d603158d798fa9da84953,be6d060fec347cdf4302a2a366d0c89c94715a71a130da165e20b4a1dca9b73b
us__scenario_008__child3_chip_eligible,86f3d921a868bd221ad58746c9bf9f784b67aa30a3135a5a15a42964e4aff436,da787274666b5a020e7c15795d7beef35c29ea2eca43548681504610c455f36d
us__scenario_008__child3_medicaid_eligible,e4cdde65ea61f1e456b8a3b6ef4a8854d2f0b5ae3204f96fe002cca5c9ad3308,3c186a055604dda9bef0aec3a755bdd5eddb762baf246c3e5333430655580971
us__scenario_008__child3_wic_eligible,91e0ae66cdd124b41e272ae84249cf23d4c6e226d1d7c068e598c551854c8dc0,6d77d109d3db2b657e9487065c82d1dc7b9ef1f30fa36c1ce019188a8e6ab6cd
us__scenario_008__child4_chip_eligible,f72543fe12a4a787dbd68130c3f0300a412f304360666158e5b69c3dcd3acb97,6848564d2585fef5fe7c09011161ffa2b111b7232b44ee054e6b0233157c5783
us__scenario_008__child4_head_start_eligible,d05799d4149aee75cd136aabe88031f8729e9373db8d95128c207fb33302d947,4919b713b0fc80cb5c1f20bf7e75fcaf3116a0ebf57160ef7c5c6a892db8d5e2
us__scenario_008__child4_medicaid_eligible,0d7638d57eef642f995ebc42128d99a3d526c2fb5b62de7e6c36d7b4a4078568,9707bca5e6b5e62d675fbbdbeaee6f545bc98d1d8a2bf5ad11d68dd7bdd10096
us__scenario_008__child4_wic_eligible,81e93b029af16ea8b29b314c86ee7b821b49526c8258fe30a443ac42f71c49e2,326da5c1151f6af665504bb58aaeb5479ca5eeeca760d9a5af3aa713fa304726
us__scenario_008__child5_chip_eligible,937edc18fe50c08bf1d28180cc7ec4f40e48de815ec078e311d3bcebace8d8aa,2fe026fd635afdf82c4519a1fad61ff70318938c1556806dfe9a605a37eede21
us__scenario_008__child5_early_head_start_eligible,9f3b2d8d993601c7bbd21fbfefc51f64802eff6e2d6ff21f25d62cce81904de9,97a7d39317ff16aab8399cfe5826cf591941446ea1cf32959b18ce7b6983b23e
us__scenario_008__child5_head_start_eligible,575909b03776d949906e51d3c4f1d60f5b9c50ea316a7eda58ba6a04736a33bf,3132e5bed190bf98ed937baf394957bdea0d024e61ab73e51d222776495357d8
us__scenario_008__child5_medicaid_eligible,540ef0b5902d898040af3718b670763aae644f2b1ba6bd11c9fe2ec0fc805f28,8868cb9513f817d2d8319f1222377466c24625cb8b7cfa8fba1a48586e437f12
us__scenario_008__child5_wic_eligible,3793bf4f76035343b5f6455926a085331224243c83afc023002f34349b7a9c7a,cf03b90d080cf9199b8c535d03f855a3b95778a1085ab6e8a9681b00fec6684e
us__scenario_008__child6_chip_eligible,6469dd1346fe7dcd5974bdadba4a8eb9317f6b59de0380ec7a6c58a3128914bb,f4def16caae5f96f71aad03016bf6714159193c57a8d8118793c6ca471b92e61
us__scenario_008__child6_early_head_start_eligible,b8cf0090ac647bf2b64c32d327415b9282dd118091be384cd510a4e08127af37,81d424fff9979f86a65e7899662b85a2a281ec99e30ac89a6f0a6f5f5a945e25
us__scenario_008__child6_head_start_eligible,c58dab1204d004755cbd5409a689fdeb19f54eace9683eeebfb351393d0e4faa,e10cdc003427fc03bc1710101cb9cb9f49ee34573816e2e308a8e3ffc45560f4
us__scenario_008__child6_medicaid_eligible,dc0b70b2df531cb004115d50f027a45358df298499f674d74e02c5b93d70a189,214ab2db89a15a0b69f5ae2f2cf058eca9352833485400cd712cc8c02b7c04b8
us__scenario_008__federal_refundable_credits,4c6e54d2aa385237512ffaef1614191922632db480db1a5c548dbc99eac05a24,c3aa5b8ed5396186aa25ba8c6acde571d684f35a128375bea0a6a17bf0e91020
us__scenario_008__free_school_meals_eligible,62f64561aadb71fd2cfda7695d216c0625e7ab435dbdff4afd0f12d0c353c18a,92a815206251bb5249e49a462eaf21ff1e7fb3e1fbaae01a2b0841def2be9ce5
us__scenario_008__head_medicaid_eligible,e7a663ed314f9e402e824eee6ebc20ae9d3f102bab57545d2c4568c03b65fd26,b8643c04ae58048b8d04654ac041fec217fa3e2283947e100481345d640169e5
us__scenario_008__head_wic_eligible,92a59dacf6ec33fb005b24c9ab503994ce3de96e9a18ee76da0fcbddd80dd2cb,abbf4b1492cca1ee52c3966140730e888cd04342abbf4a450b4eb922e0487ee8
us__scenario_008__payroll_tax,0a4085dd94512b12b7f114551cc5979c87a8ef12a13e699a715b5c6aee11e111,b2c839276378cd99aa7ae9088634d410de0956cfad24d0adf679fff6fdeddc37
us__scenario_008__reduced_price_school_meals_eligible,52c1c6698450f26671ddf91fa3d5e857c24126574d979402db2f7e2ad1003d14,5f7a30df6cf4fd64e856bcb5599c16260ccdc2938b2eb70aea40e24ecf26cdfd
us__scenario_008__self_employment_tax,9f4e19d631dde986e607c4d58bc589636aea04f388687cfd5cd00989ddc7a5a7,5b669021e8ce7cf60f9bc250336a693d97335cb229db0940c3b6746c2c6f1317
us__scenario_008__snap,25bc5d2714e1ee2df11ffeaf2a70499955a4dd80f029b920f1ef6c7fd9840758,940009b70fb3756de36e8235e75247b79b3bba7eb235ec55a70ff00929615e5c
us__scenario_008__spouse_medicaid_eligible,cbd76a85e0b395b002e0b988ecd19d3ad38d77b61f5c0df5bd30395b67450e2b,19d57f0fee5b98fbd5dc3642ca577b3459247c8b6e59164b8f05edbbb86b1c96
us__scenario_008__spouse_medicare_eligible,632f38d7eefb215099c3582020a75ee22ce5df9fa329beca5da6d25e466ebf9a,56784f5ffca023f279575926bf1fe365c6d6544dd1a60487622e021954c5ae58
us__scenario_008__spouse_wic_eligible,bbf88b0edad4103bcda7ffbdce9c4859b9ba0aa763555a5567232c68ef0a8d1e,0b5455a24e0ada992eebb21a33887b7a38f5d0001c7a424fdb7a54ca9a0b70a2
us__scenario_008__state_income_tax_before_refundable_credits,bd12f82c481544cd55366a10b31020434dba112c66036aa48dfcdd8acf9c0848,a8019a1a48879df8d9dc9e7b45f685bd38e40aba112a9b250e9980706eee7038
us__scenario_008__state_refundable_credits,367335bf65391125f25e867c5bfb9735aef5537673944694d3e139655338c4f0,445d95638a10c09500d4b5dadfc2d835f373b0954b5ebf8fc82ee49f4cf53d29
us__scenario_008__tanf,64cd17572bacb38973967f48da745366486b8d8f5bae613b2c8a9650e3ef1b72,c91c68be0bc16580d986730f2486ead82472c8e4e98ea1c38630818502f9e26b
us__scenario_009__federal_income_tax_before_refundable_credits,c5937b4eff7a44ec14588200548abd350f892db43f81b53405c037db1c340a78,2a0b953a00569dc225a1d912e1403bbf0878fb0a3754ee9bfd6fcea06b1e4fb7
us__scenario_009__head_medicare_eligible,405b568c55ff1c1e31824d4b948ff80fb00ab44d4d02bfa7bc9285abe703f8e9,58a46ae33fd1e902d2c8ce0f93f92f0cba6bb5a0b6061f650cd369afbe2b52c0
us__scenario_009__payroll_tax,1f3919bdf51bef4cb853f4dce02d98f9b0c4352c0f4f6ee76dd734874e904c2d,93d539ce4cd8ac53c946906c761024e33ad5a3efefc92e0c733f6ab46fde2a99
us__scenario_009__spouse_medicare_eligible,25c502992c8932a7eb2112bd9d8caa000a82743a864544c26f036ff7e39dac40,76a2cffee43533b871baa2bb6353e2322c5e64a16f255e21bb79c2f226faa4d0
us__scenario_009__state_income_tax_before_refundable_credits,a5d03d9720496496b60ae0fa7902a5ad97c1e8d7b429cfc2dba1140345b5609d,5aca2be5756bda2475f6dd57a58925122f424596024dd6fe2047a254cf0c74fe
us__scenario_012__child1_chip_eligible,084057af958a4122860d69dd7a951bb0fa21ef72cb2eac1334af0436eee0445f,6559dfd679755953b1f54d17d541830275545647f4a3dfe62650d1f7ea9fa637
us__scenario_012__child1_medicaid_eligible,ba610b0ddf90239d0506340cfb77196e3a36e761ee9e58727543ccfa3131fca0,61ae0f73c61c3aaa837136b616be17427bf2aed3a29231f1f814771f5033f2d0
us__scenario_012__child1_wic_eligible,c92b228c812ff8a80bbcaa7e1aeeb00e01f7e3d9cfc0f9fd704bf0bc0ce30151,30db9b9fc4aab1a5b44ca7204368ea86ffe019ecd68123b1e6403d0277093b57
us__scenario_012__federal_refundable_credits,5e71531c0c942e6870f1152fd37656bdbbdec3d94eb993da7c8276d0a4bf18d9,3b3ef440303b4536320b363f37b3c4447dbb39cd9709f4de9d46b6801eb387fc
us__scenario_012__free_school_meals_eligible,cbbc6345ac9b2b342390f2b4ad67f5f05b6d44521cccf3fa0eb236cbdf72a995,15519c0204fc12014361755deca6b28cdb67e7877080f30fff1667df0ffbcbb6
us__scenario_012__head_medicaid_eligible,977259a2fc27fa7804e31e8cd2a0d1f7fc5f8bdf9db3b81e92e5b80bdc6839a4,246f3b374a462a06c56a51215437e56d2488d088f1c94388960eab2c4bb934df
us__scenario_012__head_wic_eligible,bcf0075d7a75af15a600f90b50001c63f2d3b1b9998e4c7cd199b837c9051fdd,a67b5f97188d9462b41ed691b75bc934ad1ae9c9aa2d1e05895e9c8cdd8374ed
us__scenario_012__reduced_price_school_meals_eligible,57e51af61f9eedf0319eb1c6e6e5765ed9eb8c48d9e295b64e4ed1fd6f1c47be,47d52e1d7e6d98130880554c72148d759b8c81e87cc4222fab9a06e9c8e65532
us__scenario_012__snap,48f650789fbd5ac179195bb1d19992ad755fe513a1f6e563503cb65ac1864117,e3296ea51701bbe735d6b45cf7945e74c747917095ed3195cafdf0fdc845e28a
us__scenario_012__spouse_chip_eligible,ca2e2b03a2a77572e92a11562373838658ce4c42745d2f6b0574f6854c4195f8,cc3202be5f93f24570bab75f89f47c84f238bad90eb11ab86edfdfc40e1550d9
us__scenario_012__spouse_medicaid_eligible,381bc83ff39fe00845ef98bbc58821e897b2916469e4f310dd86e093d6d93f69,766adafd08df7490d7469ea1ca4e8bdd712f707a5982508777c47c7a29a0e02c
us__scenario_012__spouse_wic_eligible,26c85250889e2c33332d350fb331cac26d5213d63ea806e88dbf0d4b5e30ce13,90ae25f3122f8f48fcace59e58f4d08acf154763165613ced5520f1725cb6039
us__scenario_012__state_income_tax_before_refundable_credits,2bb19b10949c5f34f308c3296d315be57bda75ae184c5a56bc9efdcb5758327a,f946db2691209ec8a6ecfb5e5c92f763adfd9cc1b1a04651036bb7ec20eb77e0
us__scenario_013__federal_income_tax_before_refundable_credits,49b5758bc0ba32cf35934c72284f487c90039703c9fb9c78c65e6ff6c0b2e59f,9f8c1f874fb0670067b450356b5b6040463d98ee3ccb9c6c4cb1465fb71c3bce
us__scenario_013__head_medicaid_eligible,46f55f7fd62870bc3503f9b6fe081e3be1ca4c1cf9a3d60d1d2e8c678aae8aa5,5a252dfc9466fd48248f6e8fee88e41918945798efcd6f781d7d9473e5f529ef
us__scenario_013__snap,877a255b81bf6ccfc13dd8fa884f8ec405acb9fdfabedca84b432ba557a12623,52e7febb6cc3645de417610233309a9844b501a851088dbcd10892fa827218e9
us__scenario_013__state_income_tax_before_refundable_credits,2b20bd6903659831c0640288c3a9df49286aebfa24220f5d3df6e5b86a73b539,df10fe12419c9927b1d23757b7fda20bb6debd2ef892504ea1aa3ffd08f0652c
us__scenario_013__state_refundable_credits,255ca99d6e7f1d7650bb9283eac1ff87b231dbb3b28530004f6c94c45b7ecc38,395cc101c368b10226f9c650a938608c6cf12d7c9b0f4a8ba14cf2a74bf2a652
us__scenario_014__federal_income_tax_before_refundable_credits,f5d13275e21b97e6556e558666c6eff4b14b45143321da369c355475a37092aa,f4781501411253ad902d58fc6a22a8680defb8d94a83f909fde9d481e81ae297
us__scenario_014__federal_refundable_credits,77d73d79de6d24641da717e264acaa4bdefe11ad22f59daf6d9b1ac6015162f3,ad32821e5adc7fcf36c1d1587bf10514d6dbd6195cf48a5945605a22db528f64
us__scenario_014__head_medicaid_eligible,313027647d0287cb666cd7e527d232801b09a99e676b451760ae3008bb6c28a4,5ea332fe1cf93c010ce785127c00d0eccd326b79d0e15b1d7bed20f7905e9432
us__scenario_014__payroll_tax,69a26f3b5f4c84b500f982be577d094ebeb46eff9c18e7d54d7be54790e29f5b,d659eefae4b3e438c7134dc28d00ca2e5148e39b25a59af7dc25189fd9ca785a
us__scenario_014__state_income_tax_before_refundable_credits,6a26c76b208e8052fa8e69c3128ae4b3550da81c346a063662cfa4dc7d733084,35893721042191dbbe02b9c066d5c0cbd8a8d8b28ffed051bd8e346b35713db8
us__scenario_015__federal_income_tax_before_refundable_credits,4e4fdb40b8a3155b266f63ed0d99b7c51a04150c028fd2cef2ba9f0d6a6bdd06,79e42186c82e3feb6befd89ec090d3bb29ec13a79af4e44a9bd504b5db1c4983
us__scenario_015__federal_refundable_credits,9762bfd026cc4e732c792f3b5f0715c2b19cc73284c034b388d311fc3d2b24cd,20abcd0302b072f8fb64b41f73a46de45b9ae1c0e56f131e142f11a7a78037b2
us__scenario_015__head_chip_eligible,d7ceb52a5d6378b9178c11b36e22f119ed4622ee673b23c0e55ec64114fdf9b3,b2bfa22e6876c72ccaebc38f904d41cbee831b190c61438ab9a8fa8f2803ba43
us__scenario_015__head_medicaid_eligible,16802b03cfffc8cd49b6414abad9bb1000f2797a76ffe6e6bb67b8c0473cd134,5a389e3f4e8f93e1caabc888cded222f52155a41df43eebdcf41f7b087a04d34
us__scenario_015__head_medicare_eligible,5febd3eba3ef6502f1a5c9d44669b319d529e83e3979c3a1b6a053904ef43953,64f9bb5d5d53143e09d031c5050319e5011937c6679d0f4ea3acfcc482483c37
us__scenario_015__payroll_tax,6a77bb32e0efe4f1fe6c73ab04dcc5a94066b37b2a5453a0fb604b8eb260ee26,ae846d93a2d37143ebb4bdd6ada238f55427876a921e626fccafcdb72a37cdf6
us__scenario_015__state_income_tax_before_refundable_credits,37c1f9b5c7ee8f9dc8250bedd8296a1d8d76e299235fb6eb4bdfa86c4e17aec1,1b92d5310bbe3563809c2c0fa680ef7706e8a927bec11ada1562aa8e5200be4d
us__scenario_016__federal_income_tax_before_refundable_credits,0fc24268d6629a55279229096707458ae759f7da54d6ac37dbc00e4df915bbe2,d12b9af1b9423654b1eb2f16e1378a37ca6a937e8d13c2fc970bdfa0560e6df8
us__scenario_016__federal_refundable_credits,74c125d608580696a0127c7ed959c60eeb94c73e5124cd773124b191b308745f,753066bf7ef3c17ab8edb6d9371ac9031683926746432636369e9874feb389ee
us__scenario_016__head_medicaid_eligible,34f8bfcf0c92652d3d292df745e1155d766e01eb782a35ed6599aa7362aad3a2,b87a14633b6c862b2fb1ec6a7294353d6528aff896cd47c55746bf27d893459d
us__scenario_016__payroll_tax,a1a09a78f901c8a7ddd61c5e85d56187e7b9ef17e1ea31d093a8d7452d903c31,6de254b0730aaba0aeca8fe7055a17dd0d255c0897a658d03251fc983053d506
us__scenario_018__federal_income_tax_before_refundable_credits,8195d0c0ada006573bd5fbe15fdb1219bae3a6881340699d9ea586ef0701ecef,725680d89160d57b412219dbc5da326d8bfe33a044c30f818d9472618c353433
us__scenario_018__payroll_tax,6a3ea93b3489138dd01b6be096119b9a3f0602c388f5b3d927ca33a356e96de5,dd07f311882f306f06fcec6cd99e9358edce470f5b1f41e470f9c071b53a2047
us__scenario_018__state_income_tax_before_refundable_credits,14d1178cd746f0e92aeba05ff9b50c7c5eaf4c706c8bf39f1fc7ec9963ba1022,6c58cd221a4d473a5c77b366f3e6ea97df16ed45572ccc5a25b6adbe256c8008
us__scenario_020__federal_income_tax_before_refundable_credits,485af70bc42609e385f31605477b47cd0be67368eea69d0b261652a42cb36535,9c178d5126f9d8df1a74ed4ee666b51223b268dbdb4eaee6fbe918e559ed41ca
us__scenario_020__payroll_tax,f3366d48e05a89d198c6a931766af662a36245c1c688a83ab26019af95a19371,95295e8e51c7bcab0f7f19c37eb9fdbe504d6dc13e1b2646e17b7683eb7890f5
us__scenario_020__state_income_tax_before_refundable_credits,6428e2ca34286ce588df84f3c842d5e27e9d214be9ecf690ddfeec7eaf97344f,dd784726d5743c8a7967fb027d6088c061f2389ce762e0ff493c967ee3aaf445
us__scenario_021__head_medicaid_eligible,5cd32520de73b23fe84a1ba52d95619d48577448e2dc2a52f8fddf992e02bcd8,a7579832fd243cc634b16175ceee8c925c39a09867d89457ec3d00ccf93d57b8
us__scenario_021__payroll_tax,e3ae3bede8198ce8a7d1360392a0835e22bf9283e8ef0a31e6c3ce7395c868bb,7ae9f9a54cea4a2f6d92063344bd6132c8d7feae82cedd64a14875b2ca0b1518
us__scenario_021__snap,835e04d088d82c85644fdaf4b0324ccda77fd258e69759f3ca916570d6feefd6,981799807d4c70f1c827aa4f94292b61a3cf6f1d7a4142ea19557d9557aee098
us__scenario_021__state_income_tax_before_refundable_credits,5916cd9b6ae77aa81185ad1717dd28bb20835e4c216482dc5a05a661581e9c0d,d117348f288ef0fe5daf6fdf3e0eb4f2b620a83dff20859874171a8c3c4f4674
us__scenario_022__federal_income_tax_before_refundable_credits,b480d10c33435b168bb0f830b76eb3197a3d9838a47559ca3bafbc83e7962c03,60720f64eb01fba3f686a353daa954df2f1495bd1e57364ca04288941d8613f6
us__scenario_022__head_medicaid_eligible,35a31d563430c21f8372ffa8490df7cf4d85bc4cbbad8175355aeefc62960bc4,c5beefb6218d89d0f2221698b4cdf2eb07f7237aa5204620eff8e71a43cd9e9b
us__scenario_022__payroll_tax,8e74f195331a30b9b84330efae8482a2bcc6ab9834de380390c485f8bd0a84da,2139ffdb06d808e00873f5df1863543df45bed7e50287a42ca26c7aabd28b12f
us__scenario_022__state_income_tax_before_refundable_credits,5dfc64291c367e7604afa9b27c5c092d15a762ae68685f8b03ec56c0d6be6ea0,94989a808fdcd96c8048a081fdc3e97b7ba9b69dc11f92c8b20f760ccc5c70a1
us__scenario_023__federal_income_tax_before_refundable_credits,24fe86668754f4da309b7adc53da6c4245feff9fa021c5fd707385dfd503402f,29605b43f6061ec55982a4aadd99bfc2b6f1a098e2323ca2aa5def74afa4d564
us__scenario_023__federal_refundable_credits,fd3a3004e6fc4808b6cda239581f0631439e72164c16b8e3655de63ba34c621d,8e9052d3617bfd55244b74954371185d36d30b8be607f8ce5e7a2d442af300da
us__scenario_023__free_school_meals_eligible,28e17e05d39de7b8957cd7237eadab9663714555febee49423c59fc3acd48a48,ed682d23132b5d3cab55b174133edd278e9e69116ded256002ff75b0fe508bbf
us__scenario_023__head_chip_eligible,7e5a7ae0577899811db282d1194d037bdcc6d1f3bfbc787d590df0977de38bbc,7e2ead8b1a61e568e5df9a5520e0cbfb554fe62d32db0e0548f5ebc4e0095edc
us__scenario_023__head_medicaid_eligible,339d113a4162a995e6e9f271ec2c6656ec2dca8c6d33f18225bc9f8b6dbc81b9,5094b4eda857c36ce42cf847b76eee7ea7f082c61eb623fabbd7c2e324b28fce
us__scenario_023__head_medicare_eligible,327370c1f121b297f87d80f70a5c68b886989d329ac6e15e53089e57c29f56e6,fea3f5ab50a0314400d016ef46321a908942e85831e8f6ac53af10427e2202a5
us__scenario_023__payroll_tax,46ed4b323d96a057768cf17be38c9db67c43be779a3b6537e64e1903ec7995f4,99843b1f8680e16165a913cc1e5e566cee105f883a33a7aaa0cd9b2f9660bbd9
us__scenario_023__snap,e39a7acb2018cda34ae17e1ba7fd1f5459cdba50daff1014a5fe3dcc640895ef,2324dd2325f39e80116ed2283974cbb7887d23de86e23933d84b4ebcc7cad5c9
us__scenario_023__ssi,18155fe58781b257180794ae8d40ea3f566eda49c11ef9a9139128b21b6b0e61,c238e5f6f464eb241c29970e3ed89d9b5f0364be2889675d2365cd62e51d3c21
us__scenario_023__state_income_tax_before_refundable_credits,e5e6e9149de3528bc60f40ff578df43ea80ab5eae13dba2b1f4769c08d1922f5,961e2741c24ff5afb00508075290d35aa94c8d292cf88c41939918fcbbbecbcf
us__scenario_023__state_refundable_credits,959f531b17d5f4440bd5effcadcb4a569373157d2000edc79e71c6fd85426a38,ae3637ef365efd857b5aa2cca12b42b7d0e0845d91ea3dcda25971189477ff6f
us__scenario_025__federal_income_tax_before_refundable_credits,c8b40222f42254d8625417cb28057568ceabf08ff18c8faff2be8b8c2bb5bb2c,d03fbceaa10b0e45b6fc667634cdf57d7b4224b848dd873a4e399dd19a6b13d6
us__scenario_025__head_medicare_eligible,0cf47f2696153fcb224785652ba40de7ae34723671fe6f6e45582e5b80cf3aa7,9614ddd0f70cd0a6f0a6a38561f78ad12d4e07e9f99e0b8039ba2a12dd1440d9
us__scenario_025__payroll_tax,bb0ca83f76a0e03a92c58a47c4c598ccfbeedc86ae889287ece6123466943ad4,b5ad297fb2ab2419cb15bab678129e12fd348619bf88fdff45946db79547014e
us__scenario_025__state_income_tax_before_refundable_credits,d265cccd89eeebc5eb02cbb20588d3e04a6412c13eeec59b04ed2a492a68de65,01bf35913d188cb3e5793cb4de5a001dcf05020ccb54b1950e63c9f69d4af10a
us__scenario_026__child1_chip_eligible,61624d00a6f374c5e4ab4411533191b0be374729ccc3588f011f733ac172c20e,07c907416362ff6b3844b9f1a27e7d24e7b3234982e0d1014d4d68dfca39c406
us__scenario_026__child1_medicaid_eligible,518cffa19c82cdf94ffdf4eccd2948c70f1184e9d19ef6b7b28a4fae26bf6f01,62ffafa30630a49c589b92e569409371ae833578ad2693994d92ae1506a31a89
us__scenario_026__child2_chip_eligible,16a8827d04f3b31e2402671cc1f1d083168910f998c11b3372186a663f999d19,a7678031d55bb7f2bf139402c1151f1afb4adce191b7191de1a4df7ba7985c9e
us__scenario_026__child2_medicaid_eligible,453cc47e30d5b1e8d320a0836f10c5eeb966c88393020ab07dbf418dc80248f9,a948872af44bc921d9705a5662a7b809d0b6c151cb81bee00d0dd7f11c9dd988
us__scenario_026__child3_chip_eligible,4f5a3b1236a67a6675c7ab52fe4b27a847a94eb3fdaf03bd33ffad15e93420a3,145e9ab5c5be0e265479b0ccf2990184ed0731ffa4f290aa112b2b2322818896
us__scenario_026__child3_medicaid_eligible,4adf06c7f1cb9a99f7ebca495c522ae38c860575ed9f5eb5d7c808ddaa18b5a4,73b56b6bcd4afb524dd24a2086bfdb6e3df9f2e3121be63dbc2958dce1cccc24
us__scenario_026__federal_income_tax_before_refundable_credits,2b36eae70a9ab4da2716dcdc3a22bb24a343bae2575978ebd672a95b695d0112,3081c5d9442dee3e8b955def7774ad41eb8ad6eca89debe383b2aed5d84d77fe
us__scenario_026__federal_refundable_credits,0af3536007a3e09e93eff958912cfb987c16b55177f2b49abd6c29d3202c4c41,cc9ff8a3cff796449219c37ad5872cea0df510b378e2b9101b01f7a4d67a868a
us__scenario_026__free_school_meals_eligible,7c755197149b28e687495c92cef81b8f223082d332c904c632de508f68d22e71,8cde748d4d95ccffd6c193f669506e64d922dd48f907f07629001f555505f678
us__scenario_026__payroll_tax,f2a9d808a10ff56058a67a72fc2ed217be4273a3b6149a74ec1ca25c447206f4,6cde021a41902a75f515360010f1d740a5ff3b9ff79823423fcc765593eed952
us__scenario_026__reduced_price_school_meals_eligible,c56c708f436584e21e84cdb3b1043ff74a4184f34c68b9ca0024e6bd52d30a1a,e0a3d4d035ec7a4b5126ac804367ea8ebb66ab08381156cfaf2a9487ea0f593f
us__scenario_026__state_income_tax_before_refundable_credits,d58084474a2d9e5297ff0735b0c6458b60a95e388802e162194190bb2927b532,9e6fcec5272e99544a79f998933b80bd960b6d680e6332dbf344a9151ae7d5c6
us__scenario_027__federal_income_tax_before_refundable_credits,9817e0642225ae620461b92156c7076ef9e34471e6cdbc206ea52009af0a8435,db58c0cbad389a3c99a75ddb7c79ef84d846a0b8fe204c91255b722cebebc176
us__scenario_027__head_medicaid_eligible,2e7c67fa66042ecb5b36c3232312a1c290ede91dfb39945e73b12b56dcee1e5d,e7c94316f511169fdaf10cabc0944af4ee5f5f7458eeff17a6fbf3bd26850065
us__scenario_027__snap,4b903b6b13741ee1e0177427599aa624cc20f392dea2ecd3c8406bb4de5d8e1a,62b9e0f949906d230b582dc26a226b53bbc005e32dfe1409426b67b8a4c70a4d
us__scenario_027__spouse_medicaid_eligible,808a92359b1dfd1875c2e1810c3cddf0b6b1e45bba51c8aaddb2eface709ae5c,4d2e892083fda18b2988dadc997ac40ac7f86f69a3a02a34e55e19da49ec1aea
us__scenario_027__spouse_medicare_eligible,c06019305cb9cd4a3d5ad92e6215a593f85be077abd8f012ce94f53859d7d98c,3e66bee12c86c8451430c567ca95287c46426828099c2135f26abf34687ef54e
us__scenario_028__child1_chip_eligible,50f8a30784d924b330782356ecf6a545918adfebe7c26368fcfb69a966b2ac24,76fb1d2fbf42022473baa74923030bbed8e998ac468477fbaf502d9c797cdd32
us__scenario_028__child1_medicaid_eligible,6d46f58fb551089e1e69eadb0554bb373a26cfb45a9d162b313d0ef9d698cf53,46f8fb273c2e5a7121faa7cc6c7400e7bde1242ec6eb4d9cbb9da3589b7d2041
us__scenario_028__child1_wic_eligible,e2b0b738fdd154b649d1b5980dc348ff4eabfc0d5b109e9daf9d684bf87b5215,329224ec25191668408cfd9575664dea9f80ab4af46b27e880d39ef7cda515f3
us__scenario_028__child2_chip_eligible,f7f16fe0d177efabc4a6f71014e9eb5215521d974a37ec84c3b3eb0e94fa4931,93a750461570fe30dfe86e834cd07269e6531714fcf57580ed62eec8bd74e70c
us__scenario_028__child2_medicaid_eligible,fa7bb7fd106751f713da0e507623ea8ee79a20709a013031a2f91ba1cd9015f7,99bae0ce53f2a4fb40095b51ee496bbe2d80c703eb2bdf57ce056c74f497043f
us__scenario_028__child2_wic_eligible,09a3a7f761bed7a37c567b54ee4ceb4f00feb5bcebf268cae5f4a60d076c0c5a,a9f4f2e7d7bd97e90e850739c911d83596c705a2a0ff275946980389a7d071eb
us__scenario_028__child3_chip_eligible,9680c066b3949302154b09c36b72eaa76d09cda283b79d6e4c6c48062098edb0,573d972c8d5cc1bc9e181e8a4f8456a3aa54f3e73f9e2bfc5a4afd7c25721c07
us__scenario_028__child3_medicaid_eligible,9fa59b53f5be06fe828c3d8740721e7b0b4a6a5e85be5e420e12e2ca4d05b3f5,da114a927b181d2d5d2917db3d1c2bdfa3e34e8a97a4515ecf255a9c08a144d2
us__scenario_028__child3_wic_eligible,420fc84607dad573fd38591ab7217a520c7081b6dcf5ac8055e921a3e464a9c3,1da539fbf580be5f1c443fcf9ec8699c3d7b707251b9632d398f4c9898ee2ae0
us__scenario_028__federal_income_tax_before_refundable_credits,0e001e99a2ff674540414e5daee51af4af754c9855d8363f658860583d163543,ad8eb09ceee92e824102bd17a00de1d58015c8a045afee38d1cffa9c9709c414
us__scenario_028__federal_refundable_credits,0faa96272c758e86eef2bfdca37ed126e38463a0a8777c9167f5c13a5b8912b5,5b61c0b57128832d8fcf50309f51cfdfa2e1e87ec7ff1aa36ca4442a6fca6437
us__scenario_028__payroll_tax,ceadcd70bcef0a9b757bdc0d34b05eb3beb769a35a4a77890e7cf7da14e40bba,60237e8a33a09712b77bd9c9589123064463af32470d3bb59d337c004da13a1b
us__scenario_028__reduced_price_school_meals_eligible,4c69cabf3d14a66d5904a0bd3ec08f4a4357569559d13943d7be050718cd2a89,f20465304f63c88ce64d3f446732b1eb1007efa991fa3333086e13a42e09038d
us__scenario_028__state_income_tax_before_refundable_credits,840d599862cabffe0c71c424f7bb0de04b52e01db8204ec853c5d786ec42e236,be39eeca78c5de686dc9306224c77d63523842d622ecdb045cc8dbf180335dab
us__scenario_028__state_refundable_credits,dedb05f013f4d0bc3b8e4e44e1db641427086d49e71d6f05b61774f995da06bd,8237894159cc249372c961d2d04f64352128db6c99f330232b918c024382b4b5
us__scenario_029__federal_income_tax_before_refundable_credits,1f08c254ddea02aee96773f0748ec7f6feadd8392023c2969b58da5300136503,d82f764c3c2ea4ac352b0005b98def82fc050ba5ed00b271dffebcfd163c2b9d
us__scenario_029__head_medicaid_eligible,c0b3872906161eb7715112880328d93a2a5229f11580f3ddb90bbfb6c34a565b,f4dd803e1a9f9ff433c253fb87c9f1133b5842bd611969d5aa1d08156d5ae448
us__scenario_029__payroll_tax,7d9121c1eceb105fe8b84d4e37f679bf79588c26caf5883e0ad874346bc70104,41fbde72fbf3451e040beb627c841360f5d8162890827f2bc263f7c10a130c3c
us__scenario_029__snap,094f6578b1a61a88a638c8f79cfc0e728376a2887c0dcb1c765c7949feb89e1e,3b61c72afb3c066cd65360378d23594967b39d799bb8bbefef60fcf3a486e568
us__scenario_029__state_income_tax_before_refundable_credits,fb9fb74ec04b344c173d0a6d3379ea4c755b98276afec70a306bc2e679d9ef4d,c09d8ffbab567b7ced18ee17d2dd5ede24168af7bd0329ecf1e4610175787d20
us__scenario_029__state_refundable_credits,f3648d7030c87d14b5abc909ef38ff99c5fcede6801ebcdf9c0b1da9d00f4521,127407175b39b91f2841641216826abb888b420130b0ce6057bc02189ce80df4
us__scenario_030__federal_income_tax_before_refundable_credits,d1adeadd8022d2178d52801d265c4694e1db01eb310abedcd35ee5ffda8ed14e,c02b8fb860b1d77992d687b09041c0bb3b27f69a6c533a05ca952f055651a11e
us__scenario_030__federal_refundable_credits,57f61618e950470c1bf3f02f2ef7783d63f3407420223b6e400666257488adcf,8d9890d58f1002307af01c5417c7782021d840e477d0970642ffd776bc66e65c
us__scenario_030__head_chip_eligible,d16e5feb5fa75542196c3d0bb16efc8812b4c1acfca92e45a0249e2353dcb393,1b466d914250e38efdd7da8d464c353025eace78d75e58440e230b268f7bd781
us__scenario_030__head_medicaid_eligible,bc56bfa6975337ccf8120ccf0a1c249e8f89a582c239c513d3ca298249aa7c86,1463b28767dd41d43f4891c49be6b7621eafe4d2c07e025d5343987e28a281d7
us__scenario_030__head_wic_eligible,14cb1029cd2ce2d5aa69ff7505367972ec63e395a1f1890663a8e320bb540d81,90bef848418206359576f3201edc9b39e4ef763fa3334762ece5757d2f6e4c0b
us__scenario_030__payroll_tax,9c2735bb834a6858cd4b17440a48c9012b04cd50f1b89162a6219a8d2658b086,ad985121c6ae0ea09931a7f8a60593d0e9f1e164e787019973e63e03669bb08f
us__scenario_030__snap,0159b43cea1f9301d40d0c0954b928df8514c7146a400045b39fdaacb2584141,afd68825646bb9876480bdd2a8b839170fa4ba06edfaa5767109f04fce262526
us__scenario_030__tanf,fffc09d7657841ad6f1841b8c1720097020d7083b948eb9c8195413a1049f563,44812c88732db5b044421fca8bd9656d514d68381abb2eb0e2e511b6093c0591
us__scenario_031__federal_income_tax_before_refundable_credits,819c34040c100bb9e43c8fd19dd3dbdfe8743863f39cf0306254c3710782a023,fd09daa78d449c1d07b0e97ebba123b7a30908b070311bda9523c736a272ee9e
us__scenario_031__head_medicaid_eligible,58a22a3dbe7f4eb77a334b18303ad06f606b56d0c950c9d95012e7d6beddd4a1,1f6c60c1b7ccabc78e9414dfdddb64c36126994b7d6c9c11ab25af6ef62ca8aa
us__scenario_031__snap,85c386606550649357eaa46008fd65efb08112f951ba98d3ad9e015b4595d103,e0c8e68d739dc227dacc6c3051e6a167438374f2633c05d548d4d2d852c72d3c
us__scenario_031__state_income_tax_before_refundable_credits,51b74fe0c64842577a891273b3d025e8d84e253e0678dd7f08733a4341bc976d,4d02402567c86e270bc6cbf1cef3fa5e1ea7c8ad77a76c401bd9f252994a91fd
us__scenario_032__child1_chip_eligible,5c14e66cefef3f6899746e2086bffda086d13977f6323f0f092f5204b24a3704,3b70a6b84dbc7a2a4e4ce03aef678af39664298ed35043130d8b632c58e0d927
us__scenario_032__child1_head_start_eligible,21cb0f5e9e96dc9d8069a03ff69ec795b77f72c36c0260a6a37d93071be225cd,92734c2fa8c206a054399d07852c1c5865232718994bc18fc43b28e3abd20876
us__scenario_032__child1_medicaid_eligible,a74733aed6b43492d152961fe2904aeef9fc38af34bb7b8bec5a6b8b7c339915,ac20666aaf2c33d4dcf072ee5fe9c312b032f76158aff8620b09762c07a8cc4d
us__scenario_032__child1_medicare_eligible,c22019abadd0cb5caf269da903768c4638e5dae7ab960295d6f10390973e46e4,5d3f8a17bccb2dc1081f32f8c9fa073d861706d17f0b8452b6e91ecdc64e06e9
us__scenario_032__child1_wic_eligible,e3483185e388f5b5bb16af71b189fa562126761ff6305cc4191c5da306ed1190,5a9f0c9a3160a6841b40baca3ff92e059c3df415ca722c52beeed68ea33a1dcd
us__scenario_032__federal_income_tax_before_refundable_credits,22ec163d64a9f3aaaa77fadcde8592cf7410b2cb8ca0b41667ac11d929d71949,5d0402c111321e64e389cf23362a2c19e26c3d5178cc77d2f9f7da2c10f0c33e
us__scenario_032__federal_refundable_credits,0960e16795dce7cf2a281c04f1df56efd913e2c6a651052e9fc34cb3d41ff3b9,f17ef9b429e6c7f559eb2d523a7ecb6bc3b8a9eed76c8e1a7c4cf448d51768b3
us__scenario_032__free_school_meals_eligible,a81379b2b87be0428f63c0d26c12665c1945a1bf0293f0d3c360d647e9bae947,da2079f33390650c9cfef0e9109d47866245c3097e955c286ffb6dcdce3c9c5a
us__scenario_032__head_medicaid_eligible,6b7f9308589ea2db980b50e3a9854e58c9613eb7a40250ddcee8b5a344a443c8,a0a7690508989a3cf0ea096f9f456cb1da61b4fac2c53bbf1bb1ea08f81ff339
us__scenario_032__head_wic_eligible,149fb9de84050071b2b2a1d6057e66ef6b4d475c623b4128cadb26111a5ee512,01482406a486e823f19f8bea2bc62200ef8bbf3af2289f1c308fd3f6cd15e795
us__scenario_032__payroll_tax,73db05d3115b30af9c15893506342899d586d580b98162ebabea032f915abebb,354482e612feabf4d21b5c8d14b96f6d0d4fb34895d8cd83f183e8caaa20a862
us__scenario_032__reduced_price_school_meals_eligible,b690845477795d811fdeb1ca474367ed8914299e0501a412f25834da6d9af995,70dc16761420eff9defcd16604a73e761ae794da8c3153e61fff8ad4b6ce11c2
us__scenario_032__snap,5f2ef8a4eb8fe3eee12e1bbe5530b767d51c04e0afc9f030ba962a67f3414e8c,f455c5f34030ed330632516ff5fdc41cfd09d0207c2ee92b971217caa5924590
us__scenario_032__spouse_chip_eligible,abd4decc8dd5e0255658590c6f58de80d8158845961e2b955797ea69ff077721,531600fd17e2aed79c421c6a66e381983113078c17418dedfcae5ab2f9500e5b
us__scenario_032__spouse_medicaid_eligible,082628f87e0ffee1293496fbe2bf19a82ed6840bcafa9f0e997f761e243fb817,935ac1049c972dea3bbbcd8569074b935d45419337516f35b9d07edf88abb605
us__scenario_032__spouse_wic_eligible,4525707f1622925908a5965a705b916bfbc11621159f00d27bb31306ea43ddcd,1fe71fdecdb36728746993cd362e22470b474fa18db8b82c01086d6a136befe0
us__scenario_032__state_income_tax_before_refundable_credits,989e22da5d9a64d354a1e002e8c0098942b9f698221da16e1d14f30f50411339,05d6027cf5bda1af1f65d5be53f09188c4a14c74658d27b980c46af46d4a5f03
us__scenario_032__state_refundable_credits,276942ff73cbfe993c9d3075cd70d4589c993ee9cdec5a23df11bcbcefd90834,8ab8ecbf5fa1b9e9bf30e014b791c91aeddf84c69f92c6b45c731afe1b850779
us__scenario_033__federal_income_tax_before_refundable_credits,fb35e73bbcb63399eca0ddb9808aadda958f828c5d4ca84202d2813dcc133fa2,5c1dbb482df86fbc3ae59ee58962e84a115a0640ddae8cd622fd4f0ccfb066a8
us__scenario_033__payroll_tax,6b6980b0d668dadf5b1b79326498f7565b533312be8688cdebba90c75b2173d3,9af5039d7abdc4929420e509f2007c3f6061670a7513f8bb2683c129ee686b6a
us__scenario_033__self_employment_tax,4ef0f946d4cacf90e1ec2ce6e320106fa25505c7888647178b11772ebba4cff0,c3a6d369dc2ee778f0ddaf3347abcda4fd97b6b67bc38f6a389de2dd9459c5ed
us__scenario_036__federal_income_tax_before_refundable_credits,0ef9ff8529cc26f31bf37237f6d6f23f7ff5c9a7332f098c2dfc09d3832416b3,f22ea1f8ada9191769b8bb449dbb2308257f0f198914552477a669bd0e71863a
us__scenario_036__head_medicaid_eligible,e39b2db67aee20fed42c4d7c3892adffae0ce958931ccfb352d161e1c12f3129,4725f5b400463224b7bb95e59f46ffa390fd1aef49fc61567b7340663d72c08c
us__scenario_036__payroll_tax,11cbc8cf6911b85ef615e214170e417f47d2eea81498bbc7d15439de6c8a2c52,1c8845157fc48a774b09a022e8f09cf93403ba5a62e87f9a6c068d3374019243
us__scenario_036__state_income_tax_before_refundable_credits,44eb047ec49f9f9670ac92d54e9f04773608d47a0bd1b5af8cb6dcaa879f4096,18fcf4ea207be1ae6722c98560c4f540e0ebcf81c43812974530d96ac205ade9
us__scenario_037__federal_income_tax_before_refundable_credits,eade90c260ddbafa55d637e84401727d5f55495a5bc0d70345054a6174df9d7b,5cf06d77b2cd49155d333591deefa9cb733ea90a29e08801cc593c612573cbc5
us__scenario_037__federal_refundable_credits,1cdaf4d05fea8cca4227be65912a106921bf9aa19cdc3ccab6636ee1428fd089,3dcd4902d9e873ac3b22fe3cca0cad8c2a5c2c66a9c58e6c641a3c98f2f6a178
us__scenario_037__head_medicaid_eligible,9dee63f6548a1da2aef8b2dbede00a813c136e6f217230f2e78a871716f94d89,9c93dedda1f19c53a46ba9c8c49aef99255f98165bf87cc6c4088c6f72c1427b
us__scenario_037__payroll_tax,5e3820d87ef9d8ed2ba56a9c9cffd2fb663daaa43fffaebc549403e226bfa3a8,05df22552cbaec34e23c96c470f33a73ae555ecf8d8b3fe83dde7245f42fc266
us__scenario_037__state_income_tax_before_refundable_credits,9ec405c76471df6deb04a0cef2abf61cf0de6d5bda680b55eff800ec509f6060,cc707541918bfc2e9ae206fac7f916f76766bc126bf78a5067cd734f26bc93c9
us__scenario_038__child1_chip_eligible,fb6db1a24c42ecc7eb89bcad872488a45a9b36872b3348dfd193358fa3db8e49,d283bed7f956c0eb83370b0c0ff023cbc0ee01205a1bc3d044ca5e8d8eb4cd3c
us__scenario_038__child1_head_start_eligible,4680754501a9295699acac70c8e2ba4d19b49e5e6ef9a6037494316e144f238c,94fc0d1d9f2ff635e9828b985e2b42257b9ff1705e4492a960ad77aaa9b13672
us__scenario_038__child1_medicaid_eligible,a0fb7cab630a01a8802977ec0ca2833b2ac81dff313c3423c23f1dbbc36abc03,e1881b7c2399a917f552c4f68bb915d42d0bd605793ecbd0e0ff15af911ca492
us__scenario_038__child1_wic_eligible,47019b4b8f2d5906ce077cd3814afabc7eac7ebf6802fa29fa20ea701a427f3c,9dfa7ccb8ec1ed65d40ef4a0f78c3cfd4f8e9eee5c8ea345f072ebac8d0e1055
us__scenario_038__child2_chip_eligible,a21cab0d51ec6f6e81a896d97df7391166739f2056ee49a44ada793f4affc402,e7efdd3bf3e45ac3594254b8a49b1723a79c651739c7283d0c02ac19740bd860
us__scenario_038__child2_head_start_eligible,bd9f2415f944741d6d17f7996c266a4b981329af0a03e80f646bdbe3f656ed61,2f20dc7270a97f493343287bdde878e4f4d79599308a62740dd76aca7ea9d48f
us__scenario_038__child2_medicaid_eligible,5e50d924df8cfacaa48b506b2647eef3cdda67affbac39115f4e218e6462adb7,bac9e1a1215239ac920601f8afe636dbf7f2f9ccd97886b2b8782b66acc80150
us__scenario_038__child2_wic_eligible,f51f3cc2a3a957055cdff2ffc37e0134c94eebf4ce7c341afcd3b25c509e054c,18eb10faf6d3616c639deec21e8248d6d7ba5b43c8c1d67158e25f5f3f668eff
us__scenario_038__federal_income_tax_before_refundable_credits,f2898a25fc1d100cde86b30d04c5fd492953e55fcb60eb1a11342917a6e8b7d8,9c27f05cabd6370d201ecd98a538d4140ab5c592a569964b9056b9fbff30d9a0
us__scenario_038__federal_refundable_credits,fd1b2ef6f0c7f37b840e63ed3e0f9517750a5552d0b567023320a4f37b4f8b19,699d84212cce162ae1d04ab11b60d5e81ffac59fc9fbe86d4156cf006d5fb306
us__scenario_038__free_school_meals_eligible,e741e90cfb79dc6be87dd576c5479651f3e328374b04e6e1504319b8d59c2871,519f655a6343dab038ddbac5deeae53ced931f7c52b56274aa002e94e9b07b0f
us__scenario_038__head_medicaid_eligible,a31611a47448d514d62cde0bbfa9917677efc5b93691aa3946ee6a4bf0fd3e08,f3b856158cfdbcde1e44a070d4e776f71400462588500ba209110606296c2c49
us__scenario_038__head_wic_eligible,b36b1d98223d742f75c7429ef91c7b8bdc0830d30e2b23a475b8348bf7439011,ba0f763475147eec949cac234b0075cd796ffa3de5ba9526fd735fc967b77448
us__scenario_038__payroll_tax,41a36ad7edafe1305d2f6e400d68c37d02ef575de524585953741c19f825bd1a,964767e8eb52b0ca25e7baa56a9366b087ade120fb6e98fa1611f988a1d7a751
us__scenario_038__reduced_price_school_meals_eligible,d7c8234536ba690ecb2bbb98c6d43fdd6d98c449e4a3b5e64e82049f5678c92b,b3339fc4f1c4ae9c12e31ae368f1c163395cc574646ccd92f5b449e68d3a577a
us__scenario_038__self_employment_tax,f20393a7b6f4323d77f1d146de4f1d15abe7b96585bb93e4acb2a2846def7028,27784a4a540b8743d30727453096186eee03fd313c1355771c447239e68d0d5f
us__scenario_038__snap,a3d7a2992ce4c5bcef60b2b80b9583fb2b74fbe60031e664abeb252f8a98ecb9,d3eb1d8fbbfd5df32733fede72185d8f88ae917851c3ace6868f5ab8d13cf9df
us__scenario_038__spouse_chip_eligible,6d1c5ca1572b421a39f1c5f2bb5a5b30a1dccbdd125e5324cd98aa18438eca7a,7fecd6364b45019bbb174d6bab9c8d7275648455f69e46f2c9bc471ad0700a8d
us__scenario_038__spouse_medicaid_eligible,82e888d5a679a410c60fc568c94bcd74652ea758703e4ea56debb6ea2171f67f,aa2789f5f8884ea945895b166aef41802f0cd5315a2e6b624868b3c73b2c2dc9
us__scenario_038__spouse_wic_eligible,f77125d8b776513c4ae41e8492e5396411ed7ce0107882c107de765dfe1c71b8,d096f6ba749f5266c735fcc1f6d875dcff025e7a6af86a30ffb853ead5009f23
us__scenario_038__state_income_tax_before_refundable_credits,49a9c2a7f26080a42cbdb384402a5f86ba4c2217499b06d0b150749c56bc736e,a1b13c01246a2e19d4595269d8c667ef1ebeab01fa7856946498835013346e80
us__scenario_038__state_refundable_credits,0a0c363c9ffe603893231c199f42efe26782fc506d9902c34e7f62dab95469ad,39caba087491166a27fa2eae02e588525ee6b5ffacfe43ec91101d71420f8353
us__scenario_039__federal_income_tax_before_refundable_credits,4297b3dd110bc534fb92caee458c592f08b1a3481ae1febbf052789184a365f2,cbd779439ea98532f630cd19a27de4153c4467e8edb6e77be62424d99f89c382
us__scenario_039__head_medicaid_eligible,0ba5e6c2ac7901139bb50233de7b47528377eac1a26b19a36b035ce6dad1c782,a80165745287307440e6bb2b173dc8dfedaa0c99852b2b6418a9d377cc77877a
us__scenario_039__head_medicare_eligible,8b63512df2fc4fed6256e1d19e014d32dccceca49140467f08b195bef7b0fc27,8bf9565cb90291228576c507c78fa9a60a7ec0b8d502f722ad4125921cd92438
us__scenario_039__payroll_tax,754dcfd7934899568d3f5a36bcc16455f391f704edbef9221da71be0d6c7f3f7,076258cd4169dcad780515e462c6bf2f95945ee23c587f8937813aaa8e68e09c
us__scenario_039__state_income_tax_before_refundable_credits,cdbcd91ba66c9a9542bd1054d6fc797d28f9e221afd5a5a1ec985d791008d5f2,d772221a5641374ca43afc675d0c599787d9115e3af3b9ec240515db1c4fcd4b
us__scenario_040__federal_income_tax_before_refundable_credits,3f672d71c4ee36a64503c28943bbf8241d48698219981a65c99cfbee03b7c5aa,a5ff6471b366f730d62a442214379373964d25390ca21784e79cd82e2234fd12
us__scenario_040__head_medicaid_eligible,36f71562790ddb5e7fe49883aeaab41245d92b1a023bda582aed544727fbe383,631f4f7cbea809810139f9de12bf5f4c3827963accc309cfaa0bbe9040332acf
us__scenario_040__payroll_tax,2b5d394a7a6c8b1ffffc3bc46b16099fba6b0009725550275d16b3c069ed21f3,8643dce0ee5dd5d6b3844620cbdca3afe7df39a73d3cf97930eeedcb482a0a26
us__scenario_040__snap,5475c73155e3f6a912436a1fa2e06479725006da6f96de2b7b7e9c16db95c417,4e5ceb875f7b99bbf1e5222e67793919789490d5953930572f5fd1731554e7c3
us__scenario_040__spouse_medicaid_eligible,67aacfd380b1d4b23388288f07e1ec3e466eeb0d40585861ed0eadcfe68c4987,b0a5af20fee94df77d32da08b3684b2d02e9b9fe1a99de2e2d0e1a4d8ce31a50
us__scenario_040__spouse_medicare_eligible,3727bf190e86ecf635349b9bc4a8aa0a40578256aee6f2e4f22365abecbae464,1e6fdb7aff3bd6bee9af83655aaea163be4142ae063fb42bec30fbd283c04cfb
us__scenario_040__state_income_tax_before_refundable_credits,3aaffb2fa7c401919c52a7b99274443023dd680128f04d71f02ac961792e5960,1fbec781f81396fc6bdc866abe0c1dad865ded5cbf82e37f647988bc421b48d7
us__scenario_040__state_refundable_credits,4c204814eb3dcdfe0106056fe29502b5cb1e7b1b6f02fbbcc4fe45876eb91ac6,55ad15c86b01c75b543c0e855b174477801ab2922a1f1af1163a9cbab7a1c991
us__scenario_042__federal_income_tax_before_refundable_credits,a51577e4d07b6eedb77cefb1df2ea6a4047556c8057c0e5347d3e0f557dd0d43,5ef8c3dd18c32b2da2939c0b8adaffc7a39d1dacedfc8727afc819ac2e9f9c5f
us__scenario_042__payroll_tax,9f75e99227eab776a2637597c8ee73180586c94b24685c374ae42f11f2d85ed6,d830248982203453fd8aaa5af5bce90e8bc968e0f688b7eec37af83dfc211015
us__scenario_042__state_income_tax_before_refundable_credits,8a2c936bdf4d7850821344d0ec918a18d25f1970528159c30bb5af5bed829550,dd9a07f6d1e65919d351b2baa63496ea48826e3c7d2c51c7afccd26bd014f394
us__scenario_042__state_refundable_credits,62d14d3fc72f3b01dfdd520e2ee8ef32a6f25d5709585a976b3112cecf45cf6c,ba18c56640dfd549e76139605da2191d1a898b4f206df529506773b004cd548c
us__scenario_043__federal_refundable_credits,f28af07658f67f40423abac96b08c60a486ea8f6ce0eae0f58760ef6fe97ddb9,d9d1527e1797ba8cd94d148932bdc59352649e17a5521f34d240db5e69a2e93c
us__scenario_043__head_medicaid_eligible,e1ccc99d8a8cdac22f6bbbdfe1cc4576fcb80ed7c1dffbfd4b1ebfbfebbe073f,7b68064124c7e670231a88f2a2bb80c773c443f4e42c9209b74fc3577f1a2788
us__scenario_043__payroll_tax,e3ebc8bd7806caf62e96b5642d17387c4404da6f65a0b640ecfabae2a50b2d6a,3baf4b01b10a2d8e12915859767e1f9e366c0f1d59fe6cc7071ce3952431794e
us__scenario_043__snap,0e59e5c9e0292b7afd79b61d8e67a6e1a5f79ab276196c0bb70561a583fa1b09,1574c02572d427990b211e2e3374fa6d2d2037d33f0645e84b3867a231bafcbb
us__scenario_043__ssi,3f2fb2e727eb13cb3dd6329b0cc4f1e9d1fb0e6e941a37be95f4dd26ef98015c,6eb8e40d43ed869b65016f02f060870333528d5a4a440d0ec199f405e2438e77
us__scenario_043__state_refundable_credits,cdb1a300dcd209c9ee88a6bef4cf3ddb37eab4be67195d473f2c647f112691fb,9d5c27489b9e710baa64047e6e5a800b75d990dd31e3afd8371b4cd4019407f4
us__scenario_044__federal_income_tax_before_refundable_credits,83c4fdee16e08f063240f90069b0c36b1941bc538f3197869cb0ac4010be2a32,1ad9cf7ce57e2e67729195a6061dac993c28b7da063f7c73fdb21219307a0a69
us__scenario_044__payroll_tax,adeacc729ca9a98af1b6b4d238c66b8197c435ad37cbc852d374f7577359e6d1,519822c2d72101c61ddadaa2e362a77e396c2614a2e7cf4dfc45885b6154343a
us__scenario_044__spouse_medicare_eligible,327e24a5a80ae7a43a36ab7e0b5d45a0db4b687d96855e3423dbcc032c290c47,6c79e76ee912dc80f51a343cdc636f6637935304584e8747012a52bb5ac6d35e
us__scenario_044__state_income_tax_before_refundable_credits,4a0b0d92a574ff8b6420904f60cb9cb2b6e3c275459d94b7350837ab2c38f27d,38a30ebdd7cf229e4e9cf7ba2e7e9401ae546ee4fc18ba127c62ebe91f03796c
us__scenario_044__state_refundable_credits,1d5b7992aaf84ffa48fb15346233f2510c7b300d4feb2bd033e323d2fe331215,153e9e572bd287d680ad073d03707f9eaf8b609bdea363ae0613edaa0d1b7ae4
us__scenario_045__federal_income_tax_before_refundable_credits,50894b78a469df0dbff7d649c2abfd92d49f3d1ed427fe94ddae59d5e3574d45,f68938cf74800ce3ceb5eba37662cda34d23c217658f4632942b31977af5a5c0
us__scenario_045__federal_refundable_credits,13546ea920e4a4cf6b9c4968bf1c96122e78675bab5de11cb21b0c8719fc7c18,120817a62c28915719bb23dc4b3dcb6eab05ef11398fc2001b6df00182b46d65
us__scenario_045__head_medicaid_eligible,6abf1498f4b6157c34f1a080d8bc781c053f3a2eda99a386f129864de26dfe9d,d76318a7a85f55f8ef1fe56dc4ff16276c47675acfe70fbad48cb6066a67114a
us__scenario_045__payroll_tax,721ad7334fe5f9a80a965997b81e9927953f095ca9fd0fa1ba16455e8b142e84,cf2d7c881b5bd95fe6c7ab897f9bd8eefcf6d5c19f4b51bfc1c66a11688d2b21
us__scenario_045__snap,b2cbc9c82294274eaf513f55413f8551012d51b914779b579611bd5c8677cfcc,aaa14a511fa37c104fb0a09aa23d8168b5d3bb817264c468eda53fb17d6ef348
us__scenario_045__state_income_tax_before_refundable_credits,b13fcc727f86bda9f84aa1234efb2bdab45b2de2adbf1884dd2b1a9d4cef9699,c753fe546eaf6cf53b11661a08393329aa9e41de77f20e2180df8b6494d28e7f
us__scenario_045__state_refundable_credits,eeb1e04043a5e1daf3a146b0d6b8a3c40985c9a2e3dd1149868cd83cff56ce0d,5f218bc5117869d4c83bd16047b6ad15aa9eac7e8269f3d3be28eb119f339ccd
us__scenario_046__child1_chip_eligible,8ff89b3d57248ea77c5a07f8663ba37dfa3a42d33108f6d723d07991b69d52db,00a659cd188d3cfcfe57724417b48d020a2c501b7db935da822a790fa45ad8b0
us__scenario_046__child1_medicaid_eligible,6e2400d102ad8a21791349117e82e0015f27da5e5ef9db010e4e4d9791b4cb3c,5e66e6c3456e42b97dbdaee66c0b31cc008f24eb9482aef8bec2d381db24b0e9
us__scenario_046__child2_chip_eligible,cc7a7faedfff2ff24e739d9f42a0f73729fb23a043bc4253ae3502bf455f4541,a0978af88b17f0d2d5ea14929ea6fd2122fd1cd3f4a1ef2925fee7a5f5d57994
us__scenario_046__child2_medicaid_eligible,632e3a92212e2e4a7ab0c31ba2fb09457805de753d7f6440508da00ba6d80011,d283b472cf9db20e924b4e9c096904e1f21415439992f817528fc6b59e9c379e
us__scenario_046__federal_income_tax_before_refundable_credits,db460915c7f17e303056f3851fdabef6a22430fa88f7c20fb3554a9672922320,5509c4beef818a4de894abc090e8cf7b2b6f31f2fdeb73b981b8a773ca4337a6
us__scenario_046__federal_refundable_credits,522ab6d7784b46476362327048f87ed64145f4c840d9c64616303ce9014b06c7,7b8d903134a9966d7dfdd8803256224030620b63744f2c30b4dd0f4da1e3f490
us__scenario_046__payroll_tax,979eb484a434b1b1da0222be9101aab630a0ef81849309fcbf5d911e16ee5747,8b54d03ae5a1df19dfb369197ed467a413c577e6f83618a5973d375365e6c9d3
us__scenario_046__state_income_tax_before_refundable_credits,5377afd0814d93a12b4a85e38e9e9761f3474f7768a2630abb938e4197218035,36fafab6492613ecf0438980d595eb3a8134b963d73ea3e9e0fae758fe436dc7
us__scenario_048__head_medicaid_eligible,af465bb558082e0762f364dc5ecb6e1078dc2d557900287625d73e148ee36773,d713f6a918118bea7d8db980d5d68170f53e3dbd891a4f4cb74c6e871e20c2e0
us__scenario_048__head_medicare_eligible,1808e6d7862c7bf5cb34277d5ba9b52806f952d38672a674db04916198f7acca,28260c0de1c264e251b4576866a099d027eece45892cc40e0762bebf17fd4a42
us__scenario_048__payroll_tax,7dad34f15f6d68e9c48cf260c82b21c1a81ae7810bf5e856d0609e1dde2798e4,3adbd4abc558ae22052586f981c63487a68d2d68f27c738c891d7189e50494ce
us__scenario_048__snap,1b55c8442a76c3dbbdf04129ce0247c265a73e1d7533a417fb082c4e7208378a,fa56edf7537532b4a8f2feb5b023066633921ad3d831ca39ffd362b9b3e58e8b
us__scenario_048__state_income_tax_before_refundable_credits,6b35fe6a04e8d1f85c3f85634977b1ad63ba701f23a118459656bf1ed4de99cb,1b7f8f71e11e12cfbcce38e1c085489dce9f98eda8892e85dc3188f2fa13b581
us__scenario_049__federal_income_tax_before_refundable_credits,6cb7971270c84244e6dc7e20fb719d955d77a337e244422f4bd2c51c53599df4,c8053637803c354196b59c198f9c7465ff5e2faac5c91abba0973ea0efb31d9a
us__scenario_049__head_medicare_eligible,508a5aade6a873bc35ba9fd69f2459eb4de25e5014864cd1599e87b2131e08db,14574d1382c0d1236a4a507153300b4241958d91c0807e6ed6bea507cc5d1a82
us__scenario_049__payroll_tax,91440d005dc2223bbfc3df9d0b4c7601791a83163d0503b3b1a6c57d8395fbf9,9c86329ca6d4b2787f19018dd1b0a2fde8e58ed8110b8af5a1785cec6de88c59
us__scenario_049__spouse_medicare_eligible,5f2683eb144a866907725559634fc32bdef2dce3f8edc03b49e30a3442390fd8,a0b3db99aebc9aa0a46a192d8a414b15f6e134bf77efec7995267ba8e940afb7
us__scenario_049__state_income_tax_before_refundable_credits,d0b334d42c5224a0836a87e42e8c74009fba48689e78bedbbb9de1aa532cead3,57c95a2b4ee4823d60e17f31d5c45b71c2f2ed2ca2d82f3f4de6124998f587a8
us__scenario_051__federal_income_tax_before_refundable_credits,85e0e1f46086461574de76e350467695734d1900e7d58798bbd8efd173de3c27,6ebe19ce21aed104cd20e90091385ee819eaa08d287ba590ca3e38cb42ae4ddc
us__scenario_051__federal_refundable_credits,6e6bc4e61c06b828850b4d0dfa5489c47c5486bdd1496c350a9c1ca6eb430116,ad7a510e71955355b19f8a00ccbe064d642c767b2cb5853f638c2f1108562e4c
us__scenario_051__head_medicaid_eligible,0586fb51dce2e1ed38e98e3c028de7d7bb759db9dee6c082f0d4d7a62b438b2d,4256be67fb88ced26e6fe68b169c1e1a553f3ec35e90dc5ec5e020c17cea7354
us__scenario_051__payroll_tax,8b3810f6ea11cd7dd4221809c58cbf4b2cc3c42305eb315380a3995f285ea209,52c20d04d1d7cbf60ee335ad28822e6fe7c5e9d1fd1b7cc33af2205c6da5729b
us__scenario_051__state_income_tax_before_refundable_credits,ab85f8c09287fcbb5c6704610371403232882bac8e183b9f42204d548816c603,715e6d6c6407b9c70d44623843ddad47965f0b09ac762fef4b38625dadb32aaf
us__scenario_052__federal_income_tax_before_refundable_credits,439d7b875a09ca597c3d0f552918defeb0597cb94b973d0910e7e080832959d6,0d50886c3b0a7472bc9f8a061a3d3baa59a41e0b8db829e05f1bed30b05b7eb4
us__scenario_052__head_medicare_eligible,164e17b4745fa0ef4e25039a0ef8068732ae3a546dcec246c84a61cfdcb805a2,af58ec2c96a3a746b0ad4c6eb8e1eea22489c2a579459b5bdedc9d9f0d33c51a
us__scenario_052__payroll_tax,a0eecad0a09852a8686aa09dcd226cf0cf0bfdd0fee23dbcb635d1c0c2e60fd8,77fac0893496daa2e734842817331f11700291b562d4ea0f565da265f6a61a74
us__scenario_052__spouse_medicare_eligible,c12f7c907b26eac5511570a2cc0a6cd9b2f0f932296d848ee2cf68d4ace562ab,f3ddd1bcf7f2506f75121b24b4cd69805bedf69457e3c44e019602e8cdea1a3a
us__scenario_053__federal_income_tax_before_refundable_credits,383a20693200c05b252edc0e75d3b07d90f7f71ffc619b9969cb97e6802a3d8a,9db6f4b18cc6877553027a58287e7d59bf18c2831f0e1ac4517210d0f54fd2c8
us__scenario_053__federal_refundable_credits,ffede74685464280f003d47044a5f15147bd05f69c22e68ec99884f9d0f50c1f,15b94adadeaba3a4b146f4bc23a477f06389d1ff11e121d55988f5bc68c58b07
us__scenario_053__payroll_tax,fc7bd38198ce59065233a244527aac93996100d5086cfabbc0fbe3da3be52a30,84918d4565f6b4220ad0826a53567cc64bd17f0d5a230e0076502ddcd8763a60
us__scenario_053__state_income_tax_before_refundable_credits,74b0aeda0cdf50542788aa3df554b9c242599c8563860a2727b5e290eec0e2a5,0c2fb9d8cdde6e224354a0a291a8eea4d90c7d336cd588037f4a6bac5ce746af
us__scenario_053__state_refundable_credits,90982adec7967aee24fbfde8b6c1ca0442c191a8ed13064490831e82638ddbe9,2724b39a99a342c4f29198e14e37169d322a1fb39e60dde9980ad38bb1fa63e6
us__scenario_054__child1_chip_eligible,e910c6e99a7c2b82e93f415f33fa07f1b72493756e0d177a06d11fe1d0711709,99f36d276b92f49d6638f422500ed312ca85a1bd09334cbb7f6ca5c860a29725
us__scenario_054__child1_medicaid_eligible,755ce7ce7b429ebecb898e41db45889a81e3fb532a488ae436543a438760ca64,780d9c63ac2430244647c0a3cf8b0e2e139686b2bd49b642032d3be324242914
us__scenario_054__child1_wic_eligible,ebf420a222a27cf59b7d6378d04dd6e26f220d9d6ddcccd70d769784c844d633,59c6a581add091a9d9c395526ccf381352213cad6bbcfea5627009b0261c2a5b
us__scenario_054__child2_chip_eligible,4e56930e77963c77c11b1dcde0db4f7c0aa6b1a720b0c4e35df3c327a737549c,cd86aad7f8dd4e17624e9a99f337ab94b2e989fad77b6e326391522b8cfe87df
us__scenario_054__child2_early_head_start_eligible,1b6908a66c8df12a48e990792d1f70c867072608b6af72f925d40708412a61aa,50bb5636990a7bb880353c2079577a1ad0289d911fffbc0c92b8d978e284fa8d
us__scenario_054__child2_head_start_eligible,e54f05a192cad6896ef57e563eb120fe3ef6bf407dcab7add1ce96689bcfc85f,7b7c98f5e43441e6ca18573bf030a073ac6ed5fdb517d82c19f3af50295e0492
us__scenario_054__child2_medicaid_eligible,7915be52b82cf6a0feb8293209271869ad1dec7e718a990c8080a1e336e9b420,ce9abe300df96a44969ae510aabd67fc18cf2bea6d1aef25e64c50655563e9d4
us__scenario_054__child2_wic_eligible,73fa3d6dae841552259f48b922a155d40d7797027efa5aec2048a95a64e63bb0,2a20c57db837283d7745cac1c1f876366f51cbb179728799ffe66ab8ffed0caf
us__scenario_054__federal_refundable_credits,0698dda2cd618c7bd1665c5f8fba5f39cfe565e52498d5a4ca5b8d641e3c2e3d,beb3643182158791f5818ef6da20370b4ded61ea670ed96fd3fe162c727b4610
us__scenario_054__free_school_meals_eligible,272b41f318402b8f8281fc7015c8f20af1afdfa47bae9f705720de7fe161304e,0fb737c11bdb437e593ac92ede33b104338a0ef2b37b50e47f07e5466823a570
us__scenario_054__head_medicaid_eligible,17e5abc53ec3bbc718a912a326e94a39589d7e7dfaf5355521d8bf4fc07a51c6,55f985ddff08fc45b85169f79248661951ef21fe907254e639dd16ce8936adf8
us__scenario_054__head_wic_eligible,25f02c541066aa31f6a2c2037bdadab41d7899d90f3855bbf52084b7b844013c,0ce5f6996b56c8e716934976320d228185dc7e19e367495186f072dca8858e9a
us__scenario_054__payroll_tax,456d183aff785f6755222c483364079db7049ba9738400347935948cb4f6891f,564378153453428d1a8a02c2ba3dbfcb340f1fd1f99a201b9d6e8b2d6d26142b
us__scenario_054__reduced_price_school_meals_eligible,f12a56a4660c97ba4d7f5df29798df060b2955d9ecb829a32e6e5811d890e88f,b27fc7c3d4106e3bc6c14f3d348dad0cd19c0b7814774a1a0e0c1798bc92833d
us__scenario_054__self_employment_tax,a8acdb6ccb643a3820e3b3ca22a76b301690f22cf7f556c70010957061b182f7,34584872334d8dd119b96788585fca3af74b4e8e9cdf2795d187dd6059c877f6
us__scenario_054__snap,2500a2fb20a83e0666dd3cd6cb9e791e07dbf4e7ce1c387412acf3061de2b8e8,f9af944a45870ba5749f0a34410d74d771a958a727ee67fa4c73a8193e9c74dd
us__scenario_054__state_income_tax_before_refundable_credits,a3e88e18ad91a4baf3c47c93e7b6222ccecc8e62c5e2b3da93f46935d1b83b1f,3baade3fa32e68dc8facf405f96aaeb7335fdecc08574f2fac53b3de85571fe0
us__scenario_055__federal_income_tax_before_refundable_credits,f18892c3259f7d032f26e3e0253fcd5525adde7110b71f839ad23889d187c29f,cf0a53f92114cf43b729b1dd2a81edb23f65ef69fde6cc3eec2bc53372f1aa3a
us__scenario_055__payroll_tax,d679db023a368822952b62e560f1d87d125577422fe1cd55dd09aa809cd09f46,3e3d36d2e8c525f216592da5e54c991e39f7014827b0c3e1e564fcb01207793d
us__scenario_056__federal_income_tax_before_refundable_credits,869fed4267fd38e002f36fa8c77664485d37446ce7f17227f88b651d7e6077a3,ba7abd54e65ac9d1269f5a042a2f76e33045f3746893f3f3164135cd2e0780f5
us__scenario_056__head_medicaid_eligible,8cea184c97d14c48ab06ae60786e2e218504e4532b3d05dc5daaf77617ac7f0a,8804b0dc69774740c7590ef027a716e1d0dbda44601e402b6a7cb4ec618b8993
us__scenario_056__payroll_tax,6531a2cf3210005ac2ae383bdcae048f99d03047c5e6de4736637171d9a3dd00,5cbddaf39f01de2b5d6a0cc5d7eae0b40221abafc0709b317e06282cf8bf6a91
us__scenario_056__self_employment_tax,7901956ba0a795ba0c00a0c60afdc4e588328f7098b18e4cb3f85a81d327e81d,d2ed557c1f4ce1a2beead21aef264a49b77c71f1b7a5e2d8c98546a890fe7727
us__scenario_056__snap,336a19e45b5b0cc2a9658f56da6c5e6ebfd91c4b611e372b12b0c89d2cac338e,9f2946cf1c5f742b98ce344ade9f5019b5dd1028071132f2899e43cf95ae98be
us__scenario_056__state_income_tax_before_refundable_credits,828b862f6768e81a9585f9ae508db46ebd09bc4c7eb4bb9dadcafd573f2647f0,2be4296e7aa80df26a2403455fb0ec1d3a9ae7fbf8c87715f4cef8fc89ab7466
us__scenario_056__state_refundable_credits,0a94b3e11e11dba191502287da894e3fe2fab7ab908a30b10deab10f82585905,8fc8100a6f962be910fae4d4e2cb0c3427c8175c403b54179865d92e38f2665b
us__scenario_056__tanf,e29d915d8be36465f330cd19283eeb444e984e459bb631b80b28ede890585dae,c9259662a30b84fbc876aff7e14b7cdecd76b47016a909caeaf9f45390d70b5c
us__scenario_057__federal_refundable_credits,3f9283c0d7c688fd650e5de4e59758b9e74fb8ba86b0d3e3ac2414381c65662f,857cc27db2a6ed2681e8352479a993caa1a94b503134f7ac33988e1776467d2c
us__scenario_057__head_medicaid_eligible,232324e443d96dc96c2f845225aba9036508fd7fe90471703643878a3a619c6f,919a4a1120ec0f87f90ac23e44903af2adf9b48201830dc2982060891ee68d62
us__scenario_057__head_medicare_eligible,31640356d7793022ccf13f6639322e4ff8e96dd40caa05901f69fa24c3222eb3,2c9c1fafca0415c6c08052268e58cef0eedf2c7cd7d846d4fc48807102231f83
us__scenario_057__self_employment_tax,5ce219cef2a55c537084fda62318edad4d9ceebd1b2907131db70215cf6e2687,024e7c4c5998e7c761d8a235dba4191a7ded0b45843ce21ae92e9cf14d14fa4d
us__scenario_057__snap,cece0091ebe154f8d85418525dbc25f1359d9412723c15d62d0bf34e30c61fde,3ce5834bee87f370256da271126c8a39ebcfa0ac97bb9354f483f3c25193b7e9
us__scenario_057__spouse_chip_eligible,40ece4779468b0368b2a671ee61fb8fcd292b92b38b0771797127becac9b3190,d24757f59ecaae276e455383add3bb6de3af7cc5d25ac40f3bba805006598ff7
us__scenario_057__spouse_medicaid_eligible,c9d80fe640b7c9227e9c5eae6586229bb8c65c2f5ddb7bc41dbd4032fda1ea96,d1835cf06bf4d537ab87d2cf05b494e2fe3ec69cd7f16dd80bad05c1eea7a219
us__scenario_057__spouse_medicare_eligible,9594fa0ae8fef7633cd0f0a5e8d487dec07647568ee2f8fe045c42f3db365437,3f4931cb8fc81f78b74eabba5762d66fa9e2afd0eed48c20b254ae9ed8a0ebbf
us__scenario_057__spouse_wic_eligible,cff4ad62140e6c2b165cc678d22144e5df113f38535884b399283ec3ce395179,5a5d2c00c386a9da7842d62f48676ef7c5912bbc094c7c689ac6784da04b60e3
us__scenario_057__ssi,c37ba2d66db96161a362d19ead4580ef801569e15c53eda6919f7028d63465fa,e2bc31014415ca8925f93cb858288424e40bfdf6847965d0f5a6c4a3794807ee
us__scenario_057__state_income_tax_before_refundable_credits,aa152b05672b14cddbbedfd10c01edc052e23b7948665f0d2fb02b6e66c345a3,6155014a283e4a283cb844becf06bdc5e67668f64d129b48d24cb8106ff54376
us__scenario_057__state_refundable_credits,8553f329d63d966d787afc1164a2197a49ed584d159325e811c620b85d28f4dd,b945291b4e0b66373f8e9ffe70a3c99455059b626669c47d721dabc8b1c7f8e3
us__scenario_059__federal_income_tax_before_refundable_credits,1d439d6a4477451fcba34f7427a23275a3de177fbb434c8bb2169ada2af69e4a,9dc6032d8cad01227baf3b1f015650b7d0357e076fa6d7e40794694e92a9140b
us__scenario_059__payroll_tax,419775e1c08e04d6bf1f077f1982d6845dc0f391ee5a7309abad54ceb7d88d07,7693f0de9b470f8ceb671723561f7c1f75062244cb024eb40be97ab1601dfca9
us__scenario_060__federal_refundable_credits,ab74a66d3dfd2ec829f5e47e906bbc0387fac68fc4c2940cd1bef51d60c079c2,f2c90191bd630870458cefc9d4cb7ed54f90af5e95152059365a924ef85b9a09
us__scenario_060__head_medicaid_eligible,afe47b5a9a0f5298686c27bad084339c0cbaafdebb1b0103723605e8ec1c34f8,f9757bef2887b783351fb7ca4737cf76aacb2f4d638d70f60943d01c09dcec0f
us__scenario_060__payroll_tax,99b393efce61001a1b7ef18e1934ba1f186a93770060701b9932e454cef62ff3,e2900a1d724e071400b61eca7563b1635d6a2e532542fcf75e9dad0b52f51f1a
us__scenario_060__snap,72fae2f9e5738454676e15a0b6f23b9d5778ea7fb2dd254f1ffecbaa371925af,494e0586a67324fea0722cf480096c813695e55f29aa949df670e8a5d1d1b4e8
us__scenario_062__federal_income_tax_before_refundable_credits,91cf3ed639be434bffe3e1be25380e1881d468eec906d512f27c12fff34214ec,919ad24833f5031ac9f4638a2ce5067f2740d429c683394f833c517ca2c5c4f1
us__scenario_062__head_medicaid_eligible,174f8369cc2f5c91b7ceef7d3a98275d257d9c56be745e0a39843c7c46732b84,97a6ce548ebd03cf6c3424c54c57971602590f8731110058b7f1ceac80be1f8f
us__scenario_062__self_employment_tax,f9890892974cf662e6002cca7eedc3c2b616f76346ee872214beb93f686b071a,8f686ccfcc253f315944cfd2ce35c0f7972dea79a025ba6837f7f05defd695df
us__scenario_062__ssi,e1462635938189f55b8c9d75d8a5219a5631fb0cfaa7b49f6759e777ec44cf1f,b7b62aa2f60ca77d8300fff19b817d86faf1192700b6945bb9551d44b2e6a5ea
us__scenario_064__child1_chip_eligible,5d365c4e2795b1793b190832385354135429d96c17f03000668bc6e648d6acc1,0c8b99b0d8e1c42d4ce88430902504b12cb0b0e51d35bb6888a891ab55821bcc
us__scenario_064__child1_medicaid_eligible,a163306ffa832c6c306c97077ab18cf3edccda61d7921ff1de274ef695f64570,6ee633cf42cc5af8031cf2044791e2d91795893c5aad3536c619bcc121f5c8d9
us__scenario_064__child1_wic_eligible,1f471bc60507ac15134edfdf89f0b723fa478de4d363a66baae1d77af86a8bd0,40c1117e868d81937384ac0ac878ad690fa6e03d9ed17d0aadfb1ef2737e7b82
us__scenario_064__dependent1_medicaid_eligible,1bd4f46e6c2a106618311db8e984d510c65f906925fb4b6e90efcacd4ae2ddb7,8173e4b5fd7befcff8b654e1e66a1560b53474b93424a19e3b3542350d92acb9
us__scenario_064__dependent1_medicare_eligible,64c4756c41aaf49f4ca5af5aa8b8ebc05fe73a1c73ed4d1ce6094f14dcdf8259,79b260b9c9748248bdfb551055ad8497b4fc7cb1d97da9bc50d31193b56e010d
us__scenario_064__dependent2_chip_eligible,bc53b95a138fa2c27903cd3b5a3507c9d4a3c97eee1c17172fa5c27c31d01d06,868fc9a16564705f61ad6a51476a5c558fd92ba01e7e3697038d1eb5dbb50575
us__scenario_064__dependent2_medicaid_eligible,c482b5c61b5624c64f9fc25b2049ed0b99feb1a31917e2b5ee8e4ff894e80a47,e933bc244c77b2293a1138231cdfb903b45b479b17b43995681953fcd89ec44f
us__scenario_064__federal_income_tax_before_refundable_credits,40dce5f8b40e7c3b880192fc9da46140e40d8bbb5711c17ddd9e489d4d8795ae,682f09574e3a06d77672db1f024ab0f850ecbd32a8f55768da84f12de1ab5a51
us__scenario_064__federal_refundable_credits,198803cbb4e457ff11805fc6fb99ed0efc12cacafacdb48b9d7d5f0a6c2372a9,25387f1dcb0642d4ac5e11ecdb8af787451c7d12734afc3630988376e4bcced4
us__scenario_064__free_school_meals_eligible,e8e503f32843f5a4cd62293655c0eae89d7ac85538d77b9ce9b944efc647985a,c4257c9d0d823e5d54dd3988a6cf87a6bafe76ca4091c94375cea5ef418a0c10
us__scenario_064__payroll_tax,9664b997329e18ca93b1ba3af26f86fec41b844c7dc8d16075ba48280aca76e9,fb482bae6bf94222c33c0ff46c1d89a64d7ee131c3b535a730ea71c5a1640d64
us__scenario_064__self_employment_tax,eec323b1b8ed51e273b9ef58b1a0c588494a76e0d177d944f27402970eb18515,2d0bc850240854ac857104807b4e3d8175335aba56da72ba8dad041af6d2696d
us__scenario_064__ssi,7446e2aa6190aaa1c04a025f644d524acb3e398ea5d5068a82b5d33ed3633efd,947269714de4553457a34b370a8eefec212a129a1c6404e483d9db21e9bff78a
us__scenario_064__state_income_tax_before_refundable_credits,1a0a330a5edae5c2016796cd1c39a64cc44e5111fb4f991aa720aac8b699356c,4d23f3ff02192426d17ba1608fe5b069d17d701a3224ad345589a74d7a332f58
us__scenario_064__state_refundable_credits,2d31533eb9728b969695198c8016eb43d7226cbf317011fd5caaee4922e84664,c7dc836f5ddbe8a8ec015472b276a4d8b1c9e4dc1908f8ad1f16a8a62ef66b89
us__scenario_066__federal_refundable_credits,e364143a6ece2c379e1697803158e39a5850ee4a5c7dd167469df5aa80e2771f,c166cde90b9104849e3db334e1b225dde77d694c7c6c4ff3b13b4fb0d95754dc
us__scenario_066__head_medicaid_eligible,124d6c83eb99fc5208213dd28aedefb00dedbbd488a2c40b42929e468b79bc08,47b8aea10e6dcf42767d89b767b766704c4b4e17526a6af1bcfaab32e285221b
us__scenario_066__snap,8209611ff60c7e4de6ed8a12dbc30f95470b0cce960cc5b36939b845de30f268,0b3f12a3795ea34ac276c9245317ee7337787caeb44b664c08c40edcd49ee827
us__scenario_066__state_refundable_credits,632b4145c87de99d13c55f1d244bd1a059209a8ddd6a62c2f150baa59c9ba009,7cc7d739abfb98e2e195d3208a5aa91b35ce71e7debd3211e2385558d70e6a47
us__scenario_067__dependent1_medicaid_eligible,9cbc76d33e89a9d62f135f2b95e8613f4f9d085c4bd2aba9fac6ee7f8c317dab,fb827611e784dfba133a4174709eae2f660a3dde77563313e9821e2d574097be
us__scenario_067__dependent1_medicare_eligible,6c82d350debd4d9e97a14bff9422dc0c2324f7fbdbd6512bc6c54988080c97ee,1c65d7b163e8a3d03d75a45ff8f15dfe10e2a2a7c55ea9c0fbe9816123bb787d
us__scenario_067__federal_income_tax_before_refundable_credits,f0a03d3dd9dbbbbcf6f06228895b7d1bc566df396749241cb9340fd5c20a14a3,14b3c650086550d7d336129a91d9a09a761db827c6ec633e3c846f81bc1e248c
us__scenario_067__federal_refundable_credits,d029f05fad8543b059707f9b3a0b2eb2673f9ffc122d33c166eb5c02d89fa187,8a04a288d5a4c5fc9367a8f6abb9bccc8f388402e23ff7177c6ac8e55bd20ee4
us__scenario_067__head_medicare_eligible,b52a10fe439c3a0d9fea4523fa7e5d5f5eba94fef9878311a24196a2b36c480e,e420b9cabece63aa44e206a9f4148ec01522c8a821a49654efbbb8d30c62bcbe
us__scenario_067__payroll_tax,4ef064e3a112773d5fc87abe5dd119a7b656c53b06d65f1f2d00473d8427ac6e,7167f712406b9172e2c02c5df3cc7dd4a6700aa24696050df175698622a13898
us__scenario_067__ssi,0659da5aef8036e3e1b9b1ffe87b8b89e96bdab43ece0fdda2eab1e7adae123b,d8ead7f6d91041aca7013a1313ce3350fe4afada33ee2d5d6fcf9b08ac8e24d4
us__scenario_067__state_income_tax_before_refundable_credits,f4a4705adc49d7054404172d79f66be704eb931f7e7985742f9c401dbd40cb58,dbc043fd81f0818df89db234c343b41259ad40307d957943a777a905ac7744bb
us__scenario_068__federal_income_tax_before_refundable_credits,e5997ffb253c642c9a28efaed746084fb888031409fbe66e36faf12f2bd34082,8eafb0abb87a757cdac37994fa7bf0e6f7c4d72e90f328064331934f84482573
us__scenario_068__federal_refundable_credits,6300187f606a96161e337ed0da3623b89e0040ed068c4898352bc2061d8d93ce,ea4b061ed07ac0f610687dbe9767a5d9e626851ab1757771493c60a7e358de4f
us__scenario_068__head_medicaid_eligible,19f5a72cdf5d984fc842871eb8607c4b549466018bb36b6f04b7d6be921e3e16,8f59d588f88ebaf855be9b388ad5aaa5e9b2b3e52b202227033bf540ebe0ecae
us__scenario_068__payroll_tax,a43ca39d6de4cb7807845586da8bd87f1a96badcfc83fc6bae9dded21622cac3,765d5220e322360d9d68a2b808cb2d098a013cb6b7db45c43123b9e007fb84bb
us__scenario_068__state_income_tax_before_refundable_credits,31e9a96d7be18b5f6a5c5b061e25aa03f4414b5d3002c4b689b0abd72f59f2a1,b98a8b36a76a11b130792409457a67122358a16810199127e35e668c56db2034
us__scenario_068__state_refundable_credits,4a19c8a306292486a5a2ffb5ffa7d23db6eaf519425ba6ebe18a427bf7d76adf,a90a721260c18f62ea2de2c672d2320ab7aed3bba2a75e3a74e53f15e394abed
us__scenario_070__federal_income_tax_before_refundable_credits,17a232f0cf32d934e6de2898a97172c8747e736c8ae7d6f8eb3c5404a1b068b9,8206795d51cdf0d5ecd424f695ebe24f95a9ef148e137af6f61b4c9531189023
us__scenario_070__federal_refundable_credits,6c984702dc99967234e1448f7c37a55d07dacf5cba470a6ddb36c9020b4350ad,c15a83a6353cba54edff881cf585fc3752a941320ad36c3ac3b387cb95f0119b
us__scenario_070__head_medicaid_eligible,3cb246086d3f2633f7559ded9b7adae70eb773fcd67223e846bb08181a8f068d,42998370c8e6bc126140806ba78054929b2828c1fe2f92e7e41bdca17c300c74
us__scenario_070__payroll_tax,d3830d6de8663afb49d463f3951e804b12685f2abeb76d570f9443622d758f59,1a49a2cc9cc655655f1cd3f580552f4939080350e7b000214a43ce7654506c3b
us__scenario_070__state_income_tax_before_refundable_credits,d5b22ab156b4f4154fd44abc4be81d5d1bf0612fef4a4103324b85ff550c1c86,6fa410c1064cd206b438b9513472c83a3b1d2abcd30b93cf97005638b145f5ee
us__scenario_070__state_refundable_credits,d6a8f5765042bf78f21616b0c4b87a51827ae0a769a0b39c7448507e2a35608c,678dd72b80d6ec456f5fd815d0e0ead8894860be0022e5a087d5122a45330d94
us__scenario_071__head_medicaid_eligible,ba99ebca759d39acd30547f4bb2f06d2161374720399b22be919a2983c7a928a,dc1212f95319023a03f94eae3467b623a7495aaf08bdd995ac6ec7d359391cea
us__scenario_071__payroll_tax,123f3d610b3d0ae82b3f4df3a9f5bfb960671a64c47f6bbe6396c7f3202adec5,6616462501479e935116425369020023f1a3e8c39d4d6fd3f53cf00064ff2551
us__scenario_071__state_refundable_credits,6840e2782fdd59bd46ce7d5aac8b2bcbf2d550da8bc1e91078ea2b4a85d65b60,9ba83cfa83c3e12acc3018f44d1d6ccec02368a9981a68b3afb7b3d1d9dc4b54
us__scenario_072__head_medicare_eligible,8303ac810b4482adb25fbe1fdfbe1d0154f91d4d3cd660af81dc728b5a352818,619695951d21cfb3b3ce679f6d4057976f9277eb3ceff6fb811f83b7df8b8929
us__scenario_072__payroll_tax,42e1e96ebaa613af49f2faf9686b75e3164179d2571f3aa394bb03455c8384a7,c61b259094aa5a9a9380f1a0bcd27f06227930baf8f1ad4f19a9ff74387248f1
us__scenario_072__snap,99d0d803c8e9c2a40c60c14a032da91da14afda5941c513890221b41135c3847,28cab303bf314c742a14f4dcaa304f582f5d2d8cb88e4f5e34be97ec0cd35d48
us__scenario_072__spouse_medicare_eligible,00c27b71fe5cb873698511e6cf4d986e5e6b3e25d067b5b633628f441adc6cd1,31386bfac7c095691dbcb3ec771403a326a679b4ff0908eb0803760e4e85c31e
us__scenario_072__state_income_tax_before_refundable_credits,4eb78404c03e372ba9c32dbd8c41b4e306a1d07a65050e5bba6f56fd6b1823ae,0c694480a2a62dfd8aea7f709e1feaa39a5593bcf261b9d316f85f66effbcf4c
us__scenario_073__head_medicaid_eligible,0ad62652d3553a704ea065d65b8fc242d0a255be297af0d390c6c87beb56fd64,48965a2fe7636d7972f4aa0061cefc5d3304f2c4e667e4d1155636292ef8a70b
us__scenario_073__head_medicare_eligible,0a1fb04f38e096a055cb7c73ba1455602ba851cd6c3c7db370118253f8167cd5,9e871421c786a853c005cbc79fe0284def24692131427b59955eea5516a6b8c4
us__scenario_073__payroll_tax,62a8774e28a1d2403c47602a40f50751c068f3063a0df96772719ad687c9b7b2,dfd6807014296d6db200eef2d57f1e2a6ec3e63eb936c6b28f8e1d6e649793a5
us__scenario_073__snap,36c5d358ecb8cbcfa832562a5700a6c0cf3ba1b9ea75ead99c990a8dc0bce5c2,c465fe7cd2b1ac93b46f53412d80373dcd4bad2efca7d061a86ece2dec8061cd
us__scenario_074__head_medicaid_eligible,84befb4c8867cc4b47c5aa511c00b1e3cf709262c4ccc6c93b66d26d0f8371c4,f358889317dbe6c6c2d77f868aa2033578f7592fefcc40cb64537bcdb567394b
us__scenario_074__head_medicare_eligible,c6c14f58861e7c66368bf32460134eb74908c6db6f8fbcef2753bdc64313bc84,f68e05f6a97001dbe04f873c9686524831c455ea6783211e6ceea307db622f92
us__scenario_074__payroll_tax,470de108439fb9d94ca606a71cfbfa8ebe2e807907f172934333e6c93cd4ecdd,3ee8e6be5541322047c977c78a792ac03938004e431df721d89d37526fdb2441
us__scenario_075__federal_income_tax_before_refundable_credits,b92c9f195f318666a6a49cdb60657e4500a4e5e21b804b073b366f9ac3e39c9e,caed73db9ab9e1e99898b927b95a4ed5aef6735121063944db18383901f863eb
us__scenario_075__head_medicaid_eligible,3301d5f151624e892a7d200692c2f9b3286e339f68a0f52b4a14ac573d770521,9285a211798d2f119a35c8179164fb0db08cafe2d72ca3f7d195eaca3f367ed0
us__scenario_075__head_medicare_eligible,b772cbd89b76a4e8145082b542fcb3869161d4df299801bc9782283c9459fbd2,d091d4ced680f4c21d01f489eb8fea087e509897a6da4f3018ec802c457620ec
us__scenario_075__payroll_tax,0a4cf42598637457633767cd80a96f894015be79362b187fd6537752f7b387a7,ebf4dcc8e62100166bd922d47f650942942a2799d5d1ec3d5e278e5d659d9278
us__scenario_076__child2_wic_eligible,dcb324e790cbf06a106c3cdb595c777872c2eca48a3a4ba1f57a0b5348db4ca0,d47eed169beac46c7c0f8ad0537e54e5233515739c6aa11849ec639935e0f93b
us__scenario_076__federal_income_tax_before_refundable_credits,69549e322bb9d4db30f8fd590200d12fa5267b763ea32138a21e016c541a345e,9531eecc0f39155791219b7123a8700e55f4364e2c570b25783f85d9e6304a8e
us__scenario_076__federal_refundable_credits,4125a480c2c2b3f05ef21d1b4b30065f70997a7b9419fc144dbc332500f21fa1,1057142da7c9a28cef711e0e5e206c0188da6869e7c415f99eb7868c0c0958d9
us__scenario_076__payroll_tax,cf731d2ccb49b1614772ace7fc7a47afcb1fbbd9df341c5e0f06cf1ef31d47e9,2a309f139ac532c2147fe024d1485aeb3f3181f2253a489e275bf4ca086018f2
us__scenario_076__self_employment_tax,2d150397ae7fe5ef0a663ea7529317a421fab3c9d43adfece5b2f9dcb71a9fb4,56cb0733e2e10bebf17bcc2e51ca2ab7dd0b5aee26eecc95fdf5f74a0d625228
us__scenario_076__state_income_tax_before_refundable_credits,520bd8a94466d819b93cec4a5202294d74065920a55205ba00606d8474d70c7c,269a36cd25c325732cb3a4ca4c10cec03e3bfbfcee23fe9dd9af874c506ad7be
us__scenario_076__state_refundable_credits,37e166f66e3e244114112f07c12cbae121ad76c94cce00be2515e177d40dfae6,b7fc957b5576a27f903baa39180eab7c7d5ea6ddd532f6a06b267dbde86ab693
us__scenario_077__federal_income_tax_before_refundable_credits,191fbd441f79c23d157d93512e7183710809a78d1ff8be06b37673e9a2cf3dcd,0507dba0069f170a79a4e2e5e6202ffd8986c7ef46b18eb86966b9e3c19c6442
us__scenario_077__federal_refundable_credits,b8f45460d30c69ec4f3b5c14ff1acdc762b6d82fe9f553621d345bb5c5859153,be84ef35a55e2793d5e8a790ce803caa6e270c26003936463169e76f0c1a29f3
us__scenario_077__head_medicaid_eligible,d72d46c9a98b4b56dc463aaa6553382adc2442bb3a184d3d91222a38c5749899,7daef34f5bd68e1748ad3a0ed17772bce6c440b4ea37f93ba8897de2d10d7e8b
us__scenario_077__payroll_tax,338a29146830eee07f27635e2e63eb6c6a9785b752b595b4cf6d402cb616868f,4d836d7a89aa1405b0da7a4b7e03057d1d94c70f8189e1727b1c84d5a5975967
us__scenario_077__snap,42cd315c4574a478c9f5ad080d0c1020c3900f0706793796c24be4bd13691110,a9c625950a6df86d4d71c926ed932aa92f4a86f3d272012e9242f57ce95998d5
us__scenario_077__state_income_tax_before_refundable_credits,82b4cac7df74d71917b79419fc995566722e1367091e3d8580f3813fe6062463,b92854c4962b5a229f835f737ea26446381a2370c7e2072971fa6ec567d1938d
us__scenario_077__state_refundable_credits,016fd89e08a42ec4a55ad0006c9bc9999c5bd0038ba6f84a328a9b40a47db34a,eb290063dd4670a7b7879f0dd59d665a52599fc1669426a7c830194bea20558f
us__scenario_078__federal_income_tax_before_refundable_credits,027d17c5393e04e9b7572ec0b2a2ce6b323c0c0231183d201e7ed660b3e2803d,86ec921ee90c4541a3614da6cedee28084de18b5df277653cebe96d0ae91b7ba
us__scenario_078__local_income_tax,ae75e1f800c367a941799f18bfa5df88046bad46d93395e67dabb75c8020f187,6ec4769f167ee3cfcfda8e2b42a07aad5103527f4940990caf8849b3cebd50d6
us__scenario_078__payroll_tax,5e2ad2cc8a3a504e76ce068fa40edb19f4b9f2bd56180658e1edc351b6521845,d288b3157c5b4b9baf116871390ad03692a24b157bc225bb3d48fa9c8e69b29a
us__scenario_078__state_income_tax_before_refundable_credits,d18b08c450c3215502c5c1c7f82aa490837fbea7b274a5c48548267b7cc2f780,5834d0cd99c13e06a872d67afdde3c429781faf384ddd206ae15dd58b212c90e
us__scenario_079__head_medicaid_eligible,54607808aec56f1a6d052748f5f44a5f63ebc6ba602de245a30258d5f9375819,d13733174e7a5e03ca4af5124d5a084a74817c97abf9aecb24fcd9c83b2da0a9
us__scenario_079__head_medicare_eligible,eb612da71ac1d4c6e92ad2e300b37508511f890db7fce9d273fd60bb5039694b,48dea412783c086b1c96d15783f2da65ebcbc3d3f7d70df722d829b8ab7e7201
us__scenario_079__snap,c58b8b26c6834515b9363d10bdd197b857950766624607072549a83cc6bb27ae,76215775a1915ba9bded091f443631ee8ea3157d52e3deb3c60652c025c13f94
us__scenario_079__spouse_medicaid_eligible,c380546d28efeda3bdc439bdf5eb9697e0f1f6329ddd31e18a908af6af7e862e,36397b770011d07056985f6ca8492d56f84bdcbbf024c37a9fd78151576edd92
us__scenario_079__spouse_medicare_eligible,c57f8a3099906ba8ac283017b9a470c2c522d126a621c500daf75936be7d4c07,2e385f74d441774fba06673f0649355e114dca399983ec8c6ffb4533a438702d
us__scenario_079__ssi,1c9c70b5645425d697448c47895f553728c7d6a6ac21fd151e7b9a90e10a3dea,630216cdc7fffaa68090bd1b70e9aa6791f63c3f93e5bb4fc16da615446e3048
us__scenario_079__state_refundable_credits,22e6eeedeb11dd9faecca7542d30c4600cfc7bf0d4ad5a1db1dd3c6dd0f5df62,3fb107075977b8e14e76897ddcd76cf0920dfeb2a4dad674249e7cacfc039c6b
us__scenario_080__head_chip_eligible,b9e243b6e9c037068d659a827d4efaf40abd5d121f00858acc06f269b5ae1f5f,2bebc812bdcd3afb3421d9cfcd80f85c031a54519c059a9ea5b62a5bd832d008
us__scenario_080__head_medicaid_eligible,16d1b05f6af3005da239eeb250450ddf94b48ec2bcbfd41f3619bfe35a634db1,fd63fe651f2a41a394659cb102c39e1df15f02821352fb72391743d4f9c031b7
us__scenario_080__head_medicare_eligible,492bfbaefcfc3cf4d7f171d47776f7c047bc20c284c26e9d66b6300db4a7ab44,42129dfd841242f5cc66cf5d734ce1a8b079879a1bf9d95136305c06f3308fc3
us__scenario_080__snap,6d04d061d9494f396e801b0553e2428f9fa6307b8ea52b6cdb2b01a2a84408c3,45d0e5474cf178353ea7eb3e651bd83a439010d74a6c697563cc95c49ceb80e1
us__scenario_080__ssi,43ec21461fff18629819bf6759eb8e9c588bd39df5f8995dfce3ebcdc481c8f2,84d00efc18d7c7b1daa09fe96695cb46edb33843d7af0e65f0d3d7d97b80940f
us__scenario_080__state_income_tax_before_refundable_credits,26ea6c8424e9afaac05bf877993a8cf76a402aaf6992178465395a8abf77d26b,65e8795b8cbd17ed44252f37465d7cdb50c6ecf219a48c336691cdb1fd8c706c
us__scenario_080__state_refundable_credits,95beccf4253f75c7438dbf00dfc205c887dc689e56002fee1d0b4c18105a4972,ff2fb3e2da9cb07e82d437f6d9a4ca29ddd983170e1876ad3a7ebc3d68e86b9d
us__scenario_081__federal_income_tax_before_refundable_credits,b3572286e87613afc4f07f82cfebaa8c56b0d75003beab0af1c8040e9a3e2fe0,6b046acbaf2b36276da1ea1f7fdb5b3cabe075ae69e156df9594f7c63f44cdb7
us__scenario_081__payroll_tax,1ed3c1e942399f545efac0f9785aa4bd67bf22498ce01336a1c4eaa89bd9d819,b29fd367d87b47db08504f5116ad0dfa315fb8b570074126b2689b4bef9fc54b
us__scenario_081__state_income_tax_before_refundable_credits,5c559666340a49f8fe770bf1ea6a7b0086edd6969d0e9cc5621c6ac0236d9d38,a82fcb8c5a610207f9b8cb83f44dc710d1fbd66110680bde9376360aa129387c
us__scenario_082__child1_chip_eligible,80b33e55fbf3e28c423c7aaba899db4f361fd63fe4174366cf3a0af84b2559b5,731f2b677eaf50a70fe8968a3ac828a4fa48185dd863e74bb6c5a87316f0b99b
us__scenario_082__child1_early_head_start_eligible,d241170df6fc5ec2029d90f9fc36e3c0efe8f52334fac0783f87e6d89f63f7f9,6f50e20abc79a7c20c8e238114f31f4ad62d176cb1dbad5bf67ab443dba826e3
us__scenario_082__child1_medicaid_eligible,d4c90f759a1e2b96dc2246cc21623d0d55b418986ae37fbafb34d2f65d2ef1f5,f2f7943ec6b3367fe7205f7f9eefd68110bc23da84128c82960ec570b09de8ce
us__scenario_082__child1_wic_eligible,3be2990225770847807aa5a221c2e4b8aae867b804e2e3eb93b39d925badd0f0,165c8776674e8d5807c4aa4537e26810fef06866a5ad4578193e9103628271a2
us__scenario_082__federal_income_tax_before_refundable_credits,4ccc8cf90b753bd19b0e943dd1a7714495e11ae9227308e67391f1582eb77e85,8eb2255b38c4bea8860787ac0fcc0737f0056e521b9c6ada4e3fd1679590b272
us__scenario_082__federal_refundable_credits,c14b0ec60660e88c83f681ac79565b9e931def8d84dcea0590a0c99e47740a03,da5db67eeced7d31f30ad4a4775297e571fac1755b5118b03629a4c3b4d143c7
us__scenario_082__local_income_tax,c5b87f8b4749b02085941e27d09aee571394a5de297b9a126eab8dbb3a5e3696,e7790e074408c946cbace6724e8bdfe01086d00180dd1199765c7918b9b798e4
us__scenario_082__payroll_tax,51557f6b625f9f70bebc0ec9af38223ebfef4704181afea8235669074a842606,b7a8964530c183bb40079292b65272d9387a758efdd583b53e239096e06858fb
us__scenario_082__state_income_tax_before_refundable_credits,cfb5b6bd3dcfc5389b5bf51d61e08f8bcd65c72ff28a6d7c0f2a1043bd7a1fc0,a7c16a8b6527e720aaa55759d09b0b8486f5dc6d06d84d438c352203b8ef11f3
us__scenario_082__state_refundable_credits,80ff2aa18f348cffcd657ca5760eee9de02f55440adafe8ff3d8022244de5503,55e8fc1cc9a2db2b5042ec2b0b663f30ae7a037c7438f6cb41a34f115e414fa4
us__scenario_083__federal_income_tax_before_refundable_credits,ebfe45d55e2ac1aa9edd1ce1c1311b2972a11be334240e20605b367d4e5091b6,73e0da8cdd71ae02011f35c379191fd015f3652f82048893e7afa40e3a00a078
us__scenario_083__federal_refundable_credits,608f65e5e547b0b5ec853ea1d43d57eaa0d895ed98f84d8ea6cf9b72a1e887f6,117ed52ffaad02a72621d18e1c940a874549d1cab93f06eb676a74db9adc648e
us__scenario_083__head_medicaid_eligible,8358e5331be3f07cb279f791570254a115496649a01a60a36c1c6df4f46be714,1e04ead6d9649b46349582885ceb3c20cd5f4592c4fa4a238d9919a7cbf2f64d
us__scenario_083__head_wic_eligible,4435607c931ecb6c4360844bc887a7bc38e9dc9afa7f19a74a94457d3914352e,9c87962fd37c542e9a6272d0dae6388a94115e560ba1bb116bd347e05a97844f
us__scenario_083__payroll_tax,fa01e9d20210c5424321ca7882e05c25bc0fe860101e43d5ca179fd19236b77e,c80c2cfdd4be89b14502a5c9a739b9308bf5eeff37df32135f5770aa926bf052
us__scenario_083__self_employment_tax,7135171a2c6cac98702a69c4b2942f96153cd6c2123cd81e8e6bf3f958f3a085,7dc7d9549fa10e089409843468037006efc72d517049285383f48a1bbbcb74ec
us__scenario_083__snap,847f77b72b10efe0c5b2f6273e5130dbd0e727511e215cdc07419ab55319acf6,cb1223419824e574d2938c3247d031169ff0e1902a6483b496d0975ddca9a23f
us__scenario_084__head_medicaid_eligible,0e5e90dc483e8be74b2d68446065a96b9c585838afcec38845f7c8bb57d65534,88e6a367b44a1e25fc365bec18aae59c25f3b077635fdb2212ff131be3f4b284
us__scenario_084__head_medicare_eligible,0c7acf46270a753352b70c1dc435a62a4be5ecc6b1f0617f5adcd3a9f5129287,1afeb86061c1a9855bdc8e6cedb8ca5e9c6d837e7aee86ae8284cdf2ee37a5e2
us__scenario_084__snap,31df3f430c2ff4676f627b356e2ffa8ea2a50cdd37d5f593e9daf1fcc401545a,cbe27bd9c1a4f5aea880cf52058afdf402cac8536dcdfb776d6c752ea881e73c
us__scenario_085__federal_income_tax_before_refundable_credits,e444cdf8dfd4276c27691ed083fc9c2f849aa678be1af0c1f506c0b0647452aa,2feca4723fdab959a645df2ea2720b71e1b2705879cca813b0fdf28e7c67f37e
us__scenario_085__payroll_tax,d3d31aa47604969bc9eb8a80b68fd9482a43146ff55ecfc0c187b1f33f582406,10b9eaad094fe3eb3b1402f485db0de6c5fee485ca11738722c4ad76decd18f5
us__scenario_085__state_income_tax_before_refundable_credits,2e0f74a999fbf5fb8f13cf8a7690164e2a41f0be7ed3650993edd8e3d0aaff22,c3df674a0af1d45e867c59650e0d7d8182206f1b316eabff57df900cdd1655e7
us__scenario_086__child1_chip_eligible,132b2353232480d388f6b4fe9b18719217ce2ee58fca95c1bab94eb72f38081a,8b42d7488bda25472edc168c6cc71eb0ee1b7dd3616892e5033eaed742a301df
us__scenario_086__child1_medicaid_eligible,b93c423803d89654ef4205ecbb9450f810b164b7f0e2a494159edc8b3f4f25a5,852e7130b43982e057e00b4f4a0a49d178faff72c066725543f7e6ba5ceb86e7
us__scenario_086__federal_income_tax_before_refundable_credits,9ff321da9b79e7ac831e84f6f1010325f8db33634035306b85e960a7507538a6,1c97c59a94e665898894b9350df34122ce8a9fdee7e32b4610da97aaf42a14f1
us__scenario_086__federal_refundable_credits,278696e8621e02462272b88b837c08e4a6dd4ec2518ad57360573d0fd9435d1e,101ad0a457764903753416f9aefa0295e8fb6de8a583407675a3e7e20f504de3
us__scenario_086__payroll_tax,daa030ce5a2659241a349cc5010205281928f2367e846c278432ab7a30c1a2ff,5a4c6d0128dd3f73b6f231f93181ad95820781102c12c9e76da2ab171dce6b90
us__scenario_086__state_income_tax_before_refundable_credits,f88dd8b482f9545fbd469106db10b5a4f76a6a9dffc6183d3d9fcb85c18c58ca,cec83e770def7b775ce87be715428c1cdea9b52fe41ad724f3b012d72e633035
us__scenario_086__state_refundable_credits,ea1145fdbb6d74270c3ae2ea376d9aa3a345c1c12c125bdf8b139a6e06b0da0c,40da83d0513aa388507d9c5a60bfaac4e222f1fc2b8d970984683217b43dcc7f
us__scenario_088__federal_income_tax_before_refundable_credits,e1bdf03a8438ad2b82d2d5dffdb81acec8c63e18ea0927ad3710a23ca68bb1d8,80265259c57739dbba4b287e55eb8edc58985af7d438b4dfec98641d640d9039
us__scenario_088__federal_refundable_credits,1b4b87155061a5567d6f438eb8c9507034b9ba0eca8b8e7386a2abb45ac5f8e6,548a6ac1712f13b8de12e2f882aef60f22c960556f3106fd4da39821f47ab74f
us__scenario_088__head_medicaid_eligible,f262f7ff9be7bddb5a00cdee6dbe87c0704c5956d0b93b5b6cd97b8400109992,c94f5e5cac556c5a4826900a6b3793a7939a53ce6fe38819f5b9d8deefc45bb2
us__scenario_088__head_medicare_eligible,21ae3c74efb67aeeb20856ab39ece2e8545fd6802a9a4db7d8cf2e37f5da9099,7d444b630e33f0cca14a5d33e062b05801ccf72f83ae3b8c015299b54e311d77
us__scenario_088__payroll_tax,ee728e53172e6c8d1a81d8fe48b4d77018ff88f0d75ebee0921134a06b3276ee,c1636310cee9bbeadd30d5d11afa023f948a25a9330c35f9d86b4cd470e41f5c
us__scenario_088__snap,b513ef27aa643ae954feb25faecaba19236c48352e713e0a023956d1115c0f8c,c2749c18b4c65d93ba5e259c14d9d1ebb9f1d32fa02606585f5407983de1c37c
us__scenario_089__federal_income_tax_before_refundable_credits,3d68cae1e41bad08afc8ac7a818f8d33cfcd68f193ed67d64154b220670ffc7d,4e54f6c83fd85a9bd710918616eadf12224858cf88f405e7d12784c23b5b070b
us__scenario_089__federal_refundable_credits,76b8ffbf111908e61b6585203ae5d2b6ad3a88576729bb525d54a1dc3da1e0f8,abffbc6622c3590de80b2b669cc6b0cd2bb82bc6b5ebfcf9d4db194102637e4c
us__scenario_089__payroll_tax,96842922b67d3e023cf25d54b5dfe48e3bac8da826b839370a74a7d0f8633488,b4e53f11d2a23c11f94689168db3628f6f96706e436b5fe72c7477da6723d049
us__scenario_089__self_employment_tax,af4f031ef8c78d06d632aaeb63644df33d0e815f5abe75208bc1f678698b3fd9,6b3a3325e09e82d44ef5f19d476e92276b8f27a0b8bcebdbcf7756b1f4f0a377
us__scenario_089__state_income_tax_before_refundable_credits,3a18ad686b3cdfac6fe768b12d6c6216451c2c8ca078cfd962e2ee7824c4d487,e4a22e22d0f8e7dba38df25dfdb9739520789b288ef944f3714b17d5fe93aa0b
us__scenario_090__federal_refundable_credits,883b9d8dbff5f97cf405381d19b5aa6857773f235705f7ed3b6e633181928a9d,0b986c5eb2a684246d25fa0f7b066d3f6664a4b46d150c4cce4899a4a13c3705
us__scenario_090__head_medicaid_eligible,975518354410f94fda216542642828d9172e924dc5dd5312a6292e316ce5cc95,b2bf8589c249f839f0d978d9f85d4d37bf37455c466db33bcf5547446b7d52c1
us__scenario_090__head_wic_eligible,de7963217884179690525723fd5e09cabefd68b1fed7287ade0df00331ed0912,cf121c9a8d4a8cad7f923bcb84e57a761878545910ab9745e14f92cdc6f9a9e5
us__scenario_090__payroll_tax,0241e654bff01cfc8123680d878f92de0b5c8045919cc6c7d34d7972598b7a28,ec28e561136033f45a11d8f085a74170568bb6c6bd2a1b8d525eb152a308972f
us__scenario_090__snap,8b4c8cd1fbf6e67e564afb530189a2db3a9ffa4a064ff14ac5f513cb0190daee,e2ee14fe34e800822456143b8d32fa78b83adbe276ad36e517527d0fe4abf4ec
us__scenario_090__state_income_tax_before_refundable_credits,9bf19f37bb7c98744890933cf4026b4d9ce5c0b25597dff3b06dc154f5761920,2080cd651c58a1a1cc934a4b1a1c0bc864d7648f4b787ffae81f9d0c759a9e61
us__scenario_090__state_refundable_credits,c69dcf0865eb11ac1db95892523febda5700e6f4cf89c009ebdd24facf4c27cf,b7830c44d0e70c649f4120439b44056b0b8aa160cb07335687e64e09754491f8
us__scenario_090__tanf,0d5de46899b23929efe04fdc55ccaefaa9ac6fed2a89f738f3cf646a16fc1654,4497551dc0871de67850eb45ec3df301fb19656905b16327354b507d2418f302
us__scenario_091__federal_income_tax_before_refundable_credits,c8013a1179a4cd1b06c41e5e3ec8d6eff244c9f34a763501cf4d865504e040f3,f49caa51aee27d372c9d7d1680b911ac2cefaad32961876d32bd8663510f0a73
us__scenario_091__federal_refundable_credits,8df1f4ea06a8e5e061a9360214c3eb0d2aa9cc87b58724a5166427fce19f53c4,b93387945c5ced8c23931f580276818d481bc9c6fe3ff01595fe3a1e41976a0b
us__scenario_091__head_medicaid_eligible,09a593f97e8e0f55da018a2c9dc3bf5d71862ebadc6a1f10d828feac711e3733,bc1816dbce66b03d332116782e6b3b849819fc83821bd7f0e41c1a1afaeabc6d
us__scenario_091__payroll_tax,264502af818f1fef1c23b60840d544b0d784f247b7893139e0a5db39ac7efab9,14b1e5791e33c8a7a168e5ec27dd8eb1cb6c52ec2661a8170cfe5f14a65a4dd7
us__scenario_091__state_income_tax_before_refundable_credits,05c6fd8b19d81199582a58d36e922ac5471c88ab2bb9f2e69398b43d322ccb7e,4d9fd3e14368e2a435a9e767cb358384fc714643a718194645dfa8b15762327d
us__scenario_092__federal_income_tax_before_refundable_credits,9eb3008ac41ee85eb6a6e7109170d6762b486b8f3b1a0eab767ad1df5004fc21,a6a8d17eda6ba980a1db0841174d0f345b686bb5b24c454c5655dddccd776189
us__scenario_092__head_medicaid_eligible,d0656f0e15f47f9043415bc39d9b5b1eef75d2cb375a0463806980e068e0192c,ee9ba0e26fa0b67c5c7796ad5a338e1ec2b0fb7d8409ce1b14bd4cb41d28df08
us__scenario_092__payroll_tax,05ed96e35072eada4a402d80d6455b04caea25572462171004960e696c717e2b,e53420483a6035291619ac59fa234908e0101dc75891ff043783c9f8ea2ffe9b
us__scenario_092__state_income_tax_before_refundable_credits,a7150d425e823dc20533bead348bf37380d391e8fa22d3137d70132cd18c359f,838df2ec9b676e9d0ae5359830a848e99f91fd70245f608f0f9d7523b4d04617
us__scenario_093__dependent1_medicaid_eligible,eb1c9057f0e3cb56fdf807100bb1a683550fbbdb421c0f5f236da96c28302a3c,f99246c546c6d8c8d52f3ae8c0f9072ce6f1f3dcbcfbecd58f1094abf9a61b2d
us__scenario_093__dependent1_medicare_eligible,4c98f5d5e065d92ff76f3323c7b589f75b3e80876e179c3544ee96764806944d,64ec5368210534eb7ad9108a5fc76fa26d75feafefcbf0c1042c5c17264934b9
us__scenario_093__federal_income_tax_before_refundable_credits,bc3c5d38046448b394deeb35250bd58d02e65a46ba25bb30e05af722ecda5f69,792814c5eb17b3da4cec7ec4e82053c4d9ec1073fb1a814b140f16291cfd3751
us__scenario_093__payroll_tax,39be37b0e8114e372e82fa73047de8e9f0dcad8d78bea28d5a3d9c9653704df2,d2bd8568cbd17219a008634f12ffba7c7d79d883da16b2456143199f0968a7a3
us__scenario_093__state_income_tax_before_refundable_credits,1570f713f4aa199ef0d82eb713683f6c1155b0f95d554b63166d93a2dcf19407,f28e688b40b6611d5f47152422c2391b77b0b12123a4a34a0ce7d51c3dfbdb17
us__scenario_095__federal_income_tax_before_refundable_credits,ccb5c9665099f1d79a8912ce862a72df12f8fb00805a0e82f82f719b93303b14,91791c2297010efe95154511008a2e3d4dda5025fabad17253f3d8297d93d551
us__scenario_095__federal_refundable_credits,b8bccb7e5a85fd9b6635acf822bbab9961528b69d361dc678efd92e392d2f2e7,c07bd65803460c28987589426954d25cf63a87e43c627082b58df374b144fec2
us__scenario_095__head_medicaid_eligible,6cd67e0f6cb5665b551e0b9b5c3f83076d9acae10dd5de188266ed30298a516a,257446f7cfffdd8ae8897c54584ea6b445118e09798fd32e98a0cba5dd350e5b
us__scenario_095__payroll_tax,1c474b2f24426553c37f93431a143ee7c8c107d0fe1476f2ae5f690da317c3ce,ced8b7c0a5b863ce0ca9aafb5590cee7a4a677a2848f806dde38ea6d1ad5ceb8
us__scenario_095__self_employment_tax,20143b1cec485e2263a4bb9acf4a43db0c6519de11bee4d125188e136af5d62c,f57d9dcc03cfdca601a222450c567e38c14377ff8761d59e34c36ebbf2650cc3
us__scenario_095__snap,098ae23c19657b353b7a0989d70d3ea33b4c9f3721ac59087b78263f336416af,aa7021baa80f939bf546fd2535dd0ae16620d3aab855360654c5db84764581bb
us__scenario_095__state_income_tax_before_refundable_credits,a87ade1b4e8e9ee4bc49463bad701d16e0fc1b8771d00b034e2876123016cf7f,4c892d51b8c3cc174ae824a90a11422666543dad45514cf32c14d40acc1476ba
us__scenario_095__state_refundable_credits,8558bf722f09756d755dc89f429284b0363eeb7a824e4de5a377f89a4fcef70e,23f674e32065e89a52cb52c82dc54bf8572cb2e40beb971381867c777ab66142
us__scenario_098__federal_income_tax_before_refundable_credits,a38f4b835a8615fee9e27cfc0ca40aef6c0147b04557ffcc0c4ff32c64eaa212,ec0835e4644076760e0c9e99a307ca4f8278766322d505d908502bf615fd5b97
us__scenario_098__head_medicaid_eligible,8cd262afd7a4a5b417aefbef9b8e5e0faa2c6cbe9421dbd6c4e682bf64320080,5dc5b7fe103930e61b86379bb10b504b34a78b5c76b8d16a0dd27a520c54ffe2
us__scenario_098__snap,b70c95dc088b00f8350eb378731243909cdac4379b57e884ff1cbbc6a565e262,d07af42cc921dd613def0a4b91761a0f0e00f600f021c6896ffd9ee03f75d6a2
us__scenario_098__state_income_tax_before_refundable_credits,3cbd357144aec83f90dc1093c44612e75515b8e3e4501df85ea99fb576480e04,1ee09ff45f612781bd76ae55b794d277525bae38f990b10edf80c9b6633ca8d0
us__scenario_099__child2_chip_eligible,b0f31b2f454547fe5d09dc6e639c8c4e63989fb675bf88bda01f713c545a3c52,2ea73dcd67efb98b2e7d6f0f267882c81aa878e35b41a9bdc9b7a6bb04358715
us__scenario_099__child2_early_head_start_eligible,2fa95a87c099ff8ac433c5b2b8d7624ee6144ea3d47a7590ae159eb9a79e77b1,7b908adc23d068598ecbe1c7ef1229e4109ffcfd64159586f34c4890a30acfb8
us__scenario_099__child2_head_start_eligible,86da19ad621cf5e66d38598fe8e04c7d92e12a7d18fd096c15dbd08065d4dbdc,ceb659b95e5d3b715ef5b5a5a454e87ea1ec5201fb99d0a1078c40d4e33054b4
us__scenario_099__child2_wic_eligible,fcbed40dc9ba79bd8a1424465919adcd4dc22bb89308647182b676f05ffcbc10,3f3394172da33877788a16cbb8deaec82da485bee529b664be1e9c2780deab4b
us__scenario_099__federal_income_tax_before_refundable_credits,526fb90150219b1c37f07fbce5d8b88ea30d8b116d61128e10fb025cff7dbedd,1d383125725f09931153816a158373de61fc439c9020b14a896cd472a8d48633
us__scenario_099__federal_refundable_credits,168e1138247a6005842f1b2525b8411c148b6527f5c4f41f68a4c82918aeb4fc,de41a2f2039a46d03bf52dbfa99e68a28039d42c1a273e93e5ba5f4da587195d
us__scenario_099__free_school_meals_eligible,f004dfcfee69aeec9e7bcfcae2bb3660594df2c890f59fbaeb115a4b347fb675,bb1e171903416c3e880b35d9745e0a0d3c4bd6191caf6985a75fc7e4e9f2e3c8
us__scenario_099__payroll_tax,3a7f05528b9a4b49ad84e8839c8096f979316aacfc06f0e774542ba0250e589d,5d5964c8ed0a3873aa02f72a0282d61e301fec582e3fc10d24f4dc8673969e4d
us__scenario_099__state_income_tax_before_refundable_credits,d91ddc4f604f213ce12f792e806c1bd6be0e1c8f741598742d5d24ac120e7c3d,92a6d2bb227353c4a55e3a7e170a3530dd337ccfc02ad5564b3e68a3830ac7fa
us__scenario_100__child1_chip_eligible,7ffdbc7ca5d08f46ca46ef66182bc29a8c46cd19a72a87925e2eaa4c36d40514,92bb560355412c7e0ebc905e8a42b418aad216365b267c7272ce94e55ac5f87e
us__scenario_100__child1_head_start_eligible,3a45c04a38aa6d578d3f9bcc7372a85cee7651e5498a49bf590595fc4ce95ed7,e461745e43a775ad6610aa7b32d3f9744820f64ac1c7c608fe6293779755a99e
us__scenario_100__child1_medicaid_eligible,f4d72f7e9ec7a2a3c872bcd432b325779ba1e11df4929c9e5c21c7b880ed190c,1d1a4add8b5311c807c8f9ff80c58ae1dd96477788525eedd426296fd953f21a
us__scenario_100__child1_wic_eligible,b93165ac4af96aacdac7ab4614ddbe807465a52a9cffe523de29dd09f7e6cc24,7dc92815ef7b7b2f828b9e4083f18a1a2bbf182180e6ab46847f6c909bcdd828
us__scenario_100__child2_chip_eligible,fde0a7af991c6e5e3740c523584c06a4a43ffeaed5c9b6febd2bad6d9a910429,b09ad5050f3a921a53a2e3185ff5a6d41efcadbb366b85b3b026ccba41247a7a
us__scenario_100__child2_early_head_start_eligible,c293f7bd6ec6d82d1698e3fea3cbc42d8e812b9003cedaa382769b50631a4924,37412541482c0bb137e2db632405a91b0b55bc15b4f2d40b00dcde3d3b285d72
us__scenario_100__child2_head_start_eligible,6fec1a2f819664628af449323dabf4d3164be30ac606a39c9ef58fa9436970a3,d12046b335644c4a08ae44c001a1759f6910d7f63ef2ace53e15ff26574840c6
us__scenario_100__child2_medicaid_eligible,fe030897de6850c05bf4ebedf681a49e2c56fa9d5935b651d2702155c36599be,231902793dbcb27611ef0d54fbe06ded22d5c10211053898d714c0dfcd97a12f
us__scenario_100__child2_wic_eligible,15aac302048c0071ef24dea934b0db74ad55fb9d1f0d15a37db249bcb57a3efc,dbd041e195efadfce756c8f63904babf943637aa01ec27b88b307b5a9486f990
us__scenario_100__federal_refundable_credits,459976995dcb2ace4864948cce8f6977b3abbb170fca88e4fee8d8d66ea9d1a1,0eb7d54533c420226f4e566a5929fe8d3343e2337b6250ef2a43f0816ef34314
us__scenario_100__free_school_meals_eligible,7228854ed21c25c78f6154b660ba69b627b06c3a83ee5f214927e83d16d897ab,346b3cfc914a2538ead9b42441edb562c301cf7f59d04eb601c3825a759fb31c
us__scenario_100__head_medicaid_eligible,8923cf8df4c4e6e63caa569ac41c858a1d8a7100eaeeef75443d45a05bc3bf4f,96081aa4f900774be344f8f0354ba1040eee81fb73a457623caec09828f39819
us__scenario_100__head_medicare_eligible,ad947d335e7a019c438dd97f875e7b9e58b25aa08455f97573282a67e2dce0ee,0ae21bb28543c90f5963805ea426fe4027fa5b581dbabbc47360e3592591e49d
us__scenario_100__head_wic_eligible,cf153d90fd04487b2e320b91ddd524f4f43a7d4486f8e9d5b7d4288f2cc16b3a,a419bd2dbaa28c22cfbf65bb7e9660ee4fca6d7157e5c153f24f71de0416eaab
us__scenario_100__payroll_tax,f864eaf0d9dfe4da779598c661c52b7491350ec4a6528e4730514d81bacadf61,2ffede13456c8f1cbd057431c0494a09c92dc28c6391cc1c6d40e249bd2b6a90
us__scenario_100__reduced_price_school_meals_eligible,f48e0f5e3e1be80d313f5e14147df9a8518ebbade9afefaccccf8a085743b7e2,52a1034f6edfb84b8ec945fbaf13dfbbca8de2b289716d76054ae88a909c9364
us__scenario_100__snap,c0581bf082b97c424029f114efd9402558395b300865a62f6a3131eb522d35b4,5e8ab5b7201c1cde5aea494bf7de631b5c3adc9f51a2f05edefa8928a8bc432a
us__scenario_100__ssi,09ed7e493c8ac49b0075113658c5d540283544489f4c4a4cc90936015b747c2e,ab0f911ffe235e01b310584be8ba7b9d9e5d3d5d5a63bce6328ec0f604057f76
us__scenario_100__state_refundable_credits,767c9110f091d5588efe7af75dc865582582354d52c4e5a4e3608d9cd074cfdb,f8cece27dd6e6a74968f1d88d1beb57d3fd053cdcab140888d8830c30cf17e9a
us__scenario_100__tanf,7331bc795e7e0fa009ee994da8712bdc20ca699f86061326833aa6bc68366701,10f0ff48da798ac579a6bd5cd6b286c24a7f90cc37b817fd590915bf7d72a6ab
us__scenario_101__federal_income_tax_before_refundable_credits,2ade35296a93669322eac38ade7d98c3f4accdf7a68d2d6befb1fac8c4d4160d,02cdc31c2e97504e5d2cb812be0142f385fccb2232652ce3ce71384d529293a6
us__scenario_101__payroll_tax,a2f08013c87417df310e5bba5659fdf8e70c3c889de68f52f01823ef05d01e09,b762fe92671cfd200d27ebe71cfa91c9f15aa388f38047b4886a727cd01681e8
us__scenario_101__state_income_tax_before_refundable_credits,4a51ce741f9c4f5e11debc391104c9bdd78ba23a379912d224cfdd8232835533,2c03e3495e68b19fb648a5c21134b23f0f35401773765bad122d24d7f9d3c2a6
us__scenario_102__federal_income_tax_before_refundable_credits,cb7a04b3be14992e066da0f914e0947c2c77ec5297a3b459d9f512806b7c83b0,74362c35647c123d319e9452e0b6d24b81283a326531a0107b14f13925687c71
us__scenario_102__federal_refundable_credits,1e601d03532140264686b284f460d2116091b602a6b80a4ec30d7f3799324997,ae74d7f50b0d6de89a090d1dfdeff35fc4953aa940e1e26481f55c4698c71f54
us__scenario_102__head_medicaid_eligible,d5d3ef6446b0a066d66bc5785940e16828da8116caa2149a1d1927dad6a94729,751f23df5475cd27a58eb4a61a8afa5c9cbd25d9c10b6dd5145119c1a4c11c51
us__scenario_102__head_medicare_eligible,e035d850b7f1bb7e1613eb438e8df66b7425a12cd160b2a8f7c8093a49417457,e3c7848bcb73d4b112379903f96efaeb0a86c33329271f1d002b575905cd1680
us__scenario_102__payroll_tax,f0aa4e93cce162fd3a3993f2ecbe082c0104e98030b6f271f0cb07fe5faa6eb6,d3e9fa8d9dd81ca3fcfa7f20953b40f933a7f25e09c12db278bac12da40946fa
us__scenario_102__self_employment_tax,8657d250c36b165d52ef2648ecf991d3aa4517cae167f3a8f673b5cbc1b6e573,c20e61a529c60cfd66a8ed543ec7b930133dc678aa78d283cc6d43b1eb7adccd
us__scenario_102__spouse_medicare_eligible,f46b896f82b5523fe3003eee2b68291323798151d9818d1b614c72404193c311,56555b70da3ddbd5bf3f844126541b7c4ec63e69b3415549dc4e9ac73da019ad
us__scenario_102__state_income_tax_before_refundable_credits,190bffb5f3ffaa9767e94370704f5fc69540b7dac0c34e2f42b9d8272bafb2ec,87c1721247774cbb9fa7ba5f08fc32e0a0d5b7edb99b371448a4e9cb311dbeeb
us__scenario_104__head_medicaid_eligible,2be536aa9e33fdc74fb76b8cc8ecb299bc6c6c4b0ec941b37283379e4c02507d,df565d71c1643211ff3ff2db8de166d96e7816be78baf39c115fb8696c9bd35d
us__scenario_104__snap,ddd90e125c60e639aab3fb91979a33aac4d6de88fda09ffef7bf32d89e599952,918f3d22f7bf8d30f940c35441a4d60dae9940efea8118f52f0f5f7e7f83285e
us__scenario_104__state_refundable_credits,e1ccbfae16f82ecc76808d1bdc19607ec277f01a04140777f2853653d7624c9b,48a4b28bcb0b63f57af2e47109f0cda96823db8e281ebbcf46675e98d8a0f605
us__scenario_107__federal_income_tax_before_refundable_credits,ae86382325d449aa954d9ac405e3b35ed09a4f64375a3dbb9b29fa82e4b702f7,f392af050b61548f936e52455de3aeefd5f32310a0f1478d8d6d6381b054ddef
us__scenario_107__federal_refundable_credits,8ce30c4292c1d550874c94f936ec81c91e7bda6501b4425baf686768ce12bc97,f4bebed066e53a96dc3758b7efd30b421663fb3a56019d93ca6b674097b6b0bb
us__scenario_107__head_medicaid_eligible,d64333207d87b423bad3bae0ef46495e35857778fa0a6c60a1636ec8f557f280,22e27326f52dcbf196f98ca50d3ea3febe7691655708a4c561ab7dc331e6510d
us__scenario_107__payroll_tax,492359a5328a9233be292b09edf7a0011778a0aa21744aa6abb5a771d4cd32ba,45a6e6efced759812f979e51794ee4447950fa7d3a99b59b2234081e1a202d8d
us__scenario_107__snap,a8c76325a7f15ddd29f9480f8ae9a9ed424bb6c0b9be982a75296f8a78654c73,c29da5cb840d5ef24525b4df767de20d35334c4bc5e7a8e0b1c0fe17a2ae5ad3
us__scenario_107__state_income_tax_before_refundable_credits,3ca54642b83a48e0a9c810433c9d185b443b9d4a1ad29176d771dd79d55a52ae,e4ed77a3fbefcda2d7931eb41de980c5e87f9b61f40a9b0ef77da25bf775342e
us__scenario_108__federal_income_tax_before_refundable_credits,f055f23f31453e1f51c7f34882dd643ddb36ad83b714f8543067fd2c4c9d7b0a,99801a44d1aabbd23aa38a7d1b29d799f4260f88f37cad7feee5baeb7a62f45c
us__scenario_108__federal_refundable_credits,1c413f0dc2dc3bb0f8b33e042c2805e0966026e9c417ee210620d33856d14446,481c7d2928c83010123aee24ffd4f4135a74a91a3ccbced7ae43aa06a42e3d81
us__scenario_108__head_medicaid_eligible,6a483668c681e02232875b8de5c6c95917e4364a3abf41e8ecf6e7bf3448530e,206ea10d52f62a23e88779c7dc4d54dcfc037270f3d47f06760b2c1b4b7bff6c
us__scenario_108__payroll_tax,02809809d38b37addbfd7ed5ce7ae0b06b3077448f4daae0cdbbbf5e99b00654,0de4a4b0f4a4eedeb8cfc470c02dd520a9eb33accf45c34f99ad5b22f669fb74
us__scenario_108__snap,0d0150c16a3d7c669900d5095308d611cb11d98299427e92ca3249857c93a6fc,0a76cc9f1894dfc3f49249aed4ad5964e62a9224590ad90b1cf19cf8cd607483
us__scenario_108__state_income_tax_before_refundable_credits,e9c0825df31e9d945d395d03ab9ebcf9afe01dfe6324c28d93a91bf7e5144071,55578f41ddae1c0e2d0efa06856197efe8c704de227a90f7d757aa77a64222f2
us__scenario_108__state_refundable_credits,47116e66b9b1b6aaddad882ae7465a3199afb29f76e5f8f3f000a6651df02aae,ee330c536da72a7eccb9bb4f0982411c3aee2cb179155d7a6f9534cc4461cb2c
us__scenario_109__child1_chip_eligible,95b07ff668b9575e4309589318f19b58020cce8d40172ba5de626fa839c9caff,4179653b3eb573f877ae4cd6dac9362b5baee7f96f5901830f8a367ffdc062de
us__scenario_109__child1_medicaid_eligible,c806fea0f6a8b994fdf9205258f536acadec10c25daa12f6ca105c8e4034bcf6,4bc3938fd7c76188713048b6a01cf5ec34245afb71c38abf6bc332264fbcc4bf
us__scenario_109__child2_chip_eligible,7e7873d309632b91ea07dcdba15c95c84e30759c00fe7be071247b983c2f9e8d,8437126d76f27b635bb201c035b1ebf73a8df5352962e49c1237d49317570180
us__scenario_109__child2_head_start_eligible,f46b048bee44d197f028cae7290c62e42ccf3e5e5e7468331607ec3c136d4119,ff4e4d4fac95ae515a1ded072a26a93678a4fee677e318184fa805fe031d4f66
us__scenario_109__child2_medicaid_eligible,5f41323210a69526bcef644dc26eaa0f5d4d3cab8aa7dd7adc42d0cf28e34f55,0deb8c46388d3597980907374bd27e0b487b907c9945a868f31c08202fa75d8e
us__scenario_109__child2_wic_eligible,ff0267c6ef81551f3877368a43b5218cfa245e1194a95dff0e69ebf70d8ccb77,78f286838cd944b3e37925f586cc2f2f5f68861204f3e5dc8be6594c03a3bebd
us__scenario_109__child3_chip_eligible,dde97cf5286042bf287f0a20fb76fdead5508c0e9a84b29c104e9bf8ed5b1fdc,b30f8127d5631222cae718b98ada52886c0a400050b5ba1cf7e3bdf1a186010e
us__scenario_109__child3_early_head_start_eligible,2d40b21ecfddd39defe7add5b274ca5d541c7d4ba5600128b0631eabf2eff666,26176a8ad6de724f4d8c5c47e4911c55b6b4e8daca6cb6cbc98057751f501741
us__scenario_109__child3_head_start_eligible,9bf66fdc97e155bf72a12f9b4de76f3e3ce2d76e39610e67bc6c10702f25e6da,3652c93d43605f903e1e3ae9388150d47a97f2672cd617fadc556865b92668ae
us__scenario_109__child3_medicaid_eligible,ca2be8657ff9de56b93cb7cb0a523e8fb5c22bea9e253d94661966a0a6bde1aa,f0923debc63db7e5edf9b40de1a35df8937ce0e99d3ecc27fb60c6ef3b8c8b51
us__scenario_109__child3_wic_eligible,af474fc81edb2a4f723848479c0f3a499f588f0081e83740d215ba59a19cc3ad,9ccf3a7e8a096d6450d84dbc2fda4136ebdf18be87515b08b2f0f23e73a134ff
us__scenario_109__federal_income_tax_before_refundable_credits,4d8d528b04dbf78859d3da734e6c564f21c7ddfb57d6cc1cbf6c8c792771db53,be4af2f46c406bcb08c621ba20433a734d9ecdffb1a47b5a2973219c401cd9f5
us__scenario_109__federal_refundable_credits,03620d981768afde52a1fc57d2b9b27fc864ae34026e5414b678eec8782bd6b1,c66a0a413ba04771dec8ca4612e7b87dca4b7dbc24748ec02fc58f340932c813
us__scenario_109__free_school_meals_eligible,de534fa64d3370e65f6d7b5d407bdfaf4489cf1e71de949d28ef815da2073b76,b92f7666fda454f815d74ccfb926e9e5fac2e7ce754fe1ce9de630d979ddf3a3
us__scenario_109__head_medicaid_eligible,e28e69e317185feff2783d9cdd3ee1a87cd2afd9d26cec04e2be619b20e454f9,4efd6c417a20ab25a4bfe8d33b538e37264cba3c8fee877377c66e04a410b8c2
us__scenario_109__head_wic_eligible,2137dfc79fb6f44c4be90a4c29879317924f7d86111820852a78f38605790804,e9f69a0cc76f50db8b403dd46f905776815a156a2bbe7c53a50003ed22591cbe
us__scenario_109__reduced_price_school_meals_eligible,31bf934a56c29f7f00d7c7c42f59c897b5a175a61da73e7ae5fe75fc6ecc7bcf,6d9b2b7eaaf2e304e0ad51c254f0a181099931d157140a5d55596d84ce84fa40
us__scenario_109__self_employment_tax,0133f3dee663890285aa94fd9005cd18c50c20487feb9ea9490901e54c34cd07,38c60acdc7d7daa6dde74f177afa29c26a7fd504d2bebe77f40a0527f20ea4e0
us__scenario_109__snap,3398a1c92ff3a807f55043816f7179feddf58e6b9af5ab452e5f997d8262b922,6e7f3cd32d2d91a2567ba2389b3d6dffd6fceae2d3ee379f0342906fa1bc5659
us__scenario_109__spouse_medicaid_eligible,f21941a8c827445dc9ffd1d9fec946c43e531df7ecb97925148b006aa396d9aa,f1e03b0784dd96fdb9eedac1f34427f2adde5f2082fd660972d62c88f59cee88
us__scenario_109__spouse_wic_eligible,325d38a414903be1464707ece33fe114afa63a8e00c8b52f57c34034f5924398,c5b9e14bbc394fd2f65c3b4ddf1e3d8f3c0135764e4f9125c0fe5b8a07742499
us__scenario_110__federal_income_tax_before_refundable_credits,05988f00e685a69ba84798515a67edf1145b7837bf3284af99214bf886abbc35,caff7a4cdaa3625bd69b1412f2c8cb001b83e618ed417ee92e726ab1be56a0c0
us__scenario_110__payroll_tax,9a3fba015b3d3d4baa3e800fedab961ff73d097bb6fd79d69e270408f8d73360,aca7268503636d6e8e25022cac73e4003be0399ce9ff4ee5a00ee973dcdaf10a
us__scenario_110__state_income_tax_before_refundable_credits,e6aa5b6f8a2c99a36fdaf6317f1f0088bf2cbbc244d88cd736f2cdfe90a417f2,f88cd19eab0cca287e3c367694b0a6b5e627eb95b3529b7b59d4ad846bf0cdab
us__scenario_111__federal_income_tax_before_refundable_credits,43d0ef06a041e5007925f42ac571a195b241e9637d19d0b8558604819be914b7,492337b58b95c3ed7954c8ca550c3374f2bca1fbdcc4e373d055964e51f0c9a8
us__scenario_111__head_medicaid_eligible,796e50469600b975ca6c882bdc31e97b7d134a5910a5e610296f35e08b8f3fa7,c85f7a15f9b4bdafe60197c9d4b89d568071bdbf0b7f2d8e0fca83d95c1fcfe4
us__scenario_111__payroll_tax,3beb0ace746fb3a63ee03e1205ad309dedd3bbd43062ea75a433d7f111dfb361,513c770f6a6cc764c39ac5c53c079f27692b9fd3f138e0bf9692c319d16e5751
us__scenario_111__snap,b64d6497d900bdfaa8402f2f8666d20127f340800b74e293d0e51f83d6d38fb0,95a092d05068cee4aadef05c2d697174c94c9384bde66fb42058ea747074461c
us__scenario_111__spouse_medicaid_eligible,85746ff35f782bcdd6e8caa011c15afbd7a7e521b456787d321f5b0df4be7616,d7993641cb2c7b15c57440bb948e5d76090993f247d2084297f121acb3c40ebb
us__scenario_111__spouse_medicare_eligible,1b4acc243558ec551f071bc68f0a9e2db86c905b08c58e1405bd372e454ac526,b6c11aaa57d23f567b259433f8a4b138419cdf7161c6d5d879b457aeee823d04
us__scenario_112__federal_income_tax_before_refundable_credits,4e724060206eff175e4504eb2caa1b272013bf1c7fca80397d6217b9f3288157,0ecc7c6bee1489e81a8eae1183d2d9b50b06f4b4da652a5873489d38a9639c95
us__scenario_112__federal_refundable_credits,6fc1d4fb578c17ab817542e899a18492b0a02518ce31e1e522007e80eb37108d,df1c15a914ab07ed70b700910b46bfbc8dc19fd978671da23d43ec10d3ed02e0
us__scenario_112__head_medicaid_eligible,239be8c8c005b939b31e41b63d3d9c094c6a301e60a93092e3ac7af65a2ff275,cf005069f379d417e3274be065641b60c14779d6e1817a078b5769f98c136096
us__scenario_112__head_wic_eligible,c3991638780039d33fe9f6e3c34d50da701f0c919f0f67998e62b5b53d596411,a67037d1bf6467d0560a3fa3d2cf93a456e9ab93be0965f511a08e78413a4989
us__scenario_112__payroll_tax,60d96684620fee48910f39733de20767413c14547b1142fb9f6c559244bc7172,62ff4ac380676683da71168ce441119a931c332f23a94ad2fe38deec48b691ef
us__scenario_112__self_employment_tax,92f4fde0e650ff25da9e097ad237c91b7c893d29962e071cabe9ebcab71ff218,2fffa4ac34206dd5c70328cefe0d4856b80f86cf7cd71b7f441abfe294c8f3bd
us__scenario_112__snap,120fbc66d889f0d7fff81e1ae7f7ae9cc067ef54ac77317d5f138d795103d4b6,0ac51f3915858b8697cd370dbd262a4710ab260632f587af8324d0de452032a5
us__scenario_114__federal_income_tax_before_refundable_credits,7a85ca29cb8f93840e8923248d3a3952e963ed522f6e8fba1558bb4f45867780,ba069da56eb141ae8fa08c0acd7b72db4018c9d59f2dc525fe3e2eae87e2f6b6
us__scenario_114__federal_refundable_credits,4893ee696228cb54f450e9dc6c27be2f269016891f0fb00d235926b36107118d,67a85e18b6df494d0bea9ea6322784dde7da0013dd82731b1ec49d2b48906f66
us__scenario_114__payroll_tax,728ce80c383ebea347b59f6b25ac22a735cea327de9586aae7a1f47047870fb6,61c5b2d82967d3af7df146d7ea4412e0007c2937109a90087177aea3b7f9f9d4
us__scenario_114__self_employment_tax,976e0494715515829e2ad02f305cc25016077051b55baec3eee1377956c3e8a4,b28a5d2fb6758654353e8be605f64d0a843182a0a08e65b3595e4fe63be5e5c1
us__scenario_114__state_income_tax_before_refundable_credits,0ec84f3fb2cdfbe024118f9e95566f1db017eed02b82701334b85b0c8e29fa5c,4f07d313983947636f0243f0d1c4dee09517e8f783112c64b898557ff55ecec4
us__scenario_115__head_medicaid_eligible,ecce7759f91e86e416e3790ebd94fd8398dd43380b496474d0517ff5ac21990d,02f548c330509d4f280a34d9e2f7b2b18dfc6b767dce5a51e0e17865eebdfbce
us__scenario_115__snap,634c417adf074bdd41cf1d4360f098e38645492ca5e486e05ffd1764bf24f9ec,3ede57fcbd96772eda588d55904edef6c1fcd3fd4c276c5e86df23367026ceb2
us__scenario_115__state_income_tax_before_refundable_credits,94b4a8cceaeb333aab9d4cc4b578e4f2f5a2e8a201d73159eb92adce77a7660c,2de376c13fa48682cfeedc791b67fe9589e72e5eaec867434196950c4d04caa9
us__scenario_116__snap,d875ad46611cd5214dfaa9c96d4a3a8821334ab2c97a93394607f17b279f7d8f,6971485bb9b884f5db2b4c85b8031d6f02b12efab642ee87a46ddd72a24b436b
us__scenario_116__spouse_medicaid_eligible,14ede8f372d1d4ccc74d4a617692f663b62de35a102b7767aaf6cf4a10a8c7d2,53e47fbabb0aaaf5ad4aad7042e5a579fa726331c69993a8275635d5e6ca3f2e
us__scenario_116__spouse_medicare_eligible,0efd2eec8758157d1f455e443b0f698c82bc22bce2698af842aedd4040c08641,5d953ccfb4800970e84f8a0c3ac761057cddb400bfe906d65761c0600b70d6c1
us__scenario_117__child3_early_head_start_eligible,0926d12e2f0241120078e26167ad9cf017333dcb4b8955a2d5a09bf892c007b2,fb8a3a1900d19278385a97eb392b00206f4d61e82f090c754abb697565cb20a1
us__scenario_117__child3_head_start_eligible,44703423e85c5569457e69aa31ef80b2659065d6f27fe639e083fbebf58fe5ab,8c0858c6f18e6a21d8b2e443a088a19d25ab0b0c09c0aa10aa25a40a0271335f
us__scenario_117__child3_wic_eligible,31ff794afa1cb3ddb82ead5b6dece0a9b998b02ff644f1214d827f7b6a90d20b,4c82af05c92393e1707d1699f64d3d02619c4a506d76d10ba2ab4e9d4f4165f1
us__scenario_117__federal_income_tax_before_refundable_credits,4a6361205046f5e398ac79536ded8426233a080b9e59d0b37df42b91014e2228,9ea96545c3e7299ad6b0cbe5e66c861129a3506dfc8b2d02b8691ca1d15c79be
us__scenario_117__federal_refundable_credits,b0f1d7553d95d493cb21d918e67ffda978fea56f3db7a5f7c6a48ea50230606b,e7d2a782ec4c5074b9650ede908b9a02eb5cb838fddf78745e839b539a6b312c
us__scenario_117__head_wic_eligible,d65f67cf6634c591eee1aa2dca4f3abb6eab181efbfa9683cd69121f74d78ba3,999b453c4ea5381c95feea026b861503c86c28346fea8abcefb8e3f65a6bc3cd
us__scenario_117__payroll_tax,5723db3827329d4163c1cd858383de1c8f4dc2b7338a45037a2a28ef07b22551,d861a931661c0a076d8ebcb5f3b478231c9e42f94123c61f4135c8dcd41c1bc1
us__scenario_117__spouse_wic_eligible,3de7fecf4f8871a549d78944fc9fa629faad351400955f029091211d2cef52a5,d3518137770e1e43fafb36317e5a4dd1224f90d663bc6e7f03944820d34a09f9
us__scenario_117__state_income_tax_before_refundable_credits,e84c1f2b0574b8a69dbf50a8e3af3c45d3505f8b0025262fba91e0cd4ee684a7,e03da95c4a5b3c6ebdb4e925536b66e6d71825da755e938fdc2c548fd19572ac
us__scenario_118__head_medicaid_eligible,c73817e22dd1584f2bbe2a1f09bca6927748893b5f37a7bede5423cd1acf6f0d,bfb90fee56f8afa66629351f04798ed6818d754c832047dd445170445285a949
us__scenario_118__payroll_tax,ac99d20fe15a935dd5b988b6dcac640b33c3845851e44786a260727e14f52c85,d6aaec3987c5199e4297fc2d723d03dd240caba24a4f9581a1fbe2c170d6f0fd
us__scenario_118__snap,d49c1b2caaa556cdb03e5bc0c4bba73d0764b0002dc6f81c41b8b5cfc6a78c3b,d66258f2f82c7aa795382a0309da577f83721196b65f3c894fcbdb47eea3de9a
us__scenario_118__ssi,519f876cbcaf7c9f8c420b205d6b9688cc92e190e7d2667b4de0113cf33960ca,b9ba12382a09c64ed7b38e1b7847dafd98cade0601e969a273b9c4a974244689
us__scenario_118__state_refundable_credits,79e17fe7e5c8890456963999a6499527189a638093411719e7acd7460f20f891,1fa0ae81eafc8fe63ee68ee99f8b98428f4805b51499f500dc38b68bcd10c231
us__scenario_119__child1_chip_eligible,380eef556ace7ef7f6bc5d713e5843dd735ad306514c576ff1057355704ad129,17ecdeb200e5875fce56e5e12f275c3330e9e62b756e4953dc2ed5069928886f
us__scenario_119__child1_medicaid_eligible,f668ff1e7ae90feca959db659a3ae7454694f0086f0cf96c21aa48fbcd3c37e8,d513b32caf26de5ce33d49f27064fd8be3795cf85bab12eb5a7c2ed57c7d4ecf
us__scenario_119__child2_chip_eligible,a9b1e54d772c0f72bd23e442ebcb3e4b2c22424dd8e4b30ffdef6359a3ef7d26,d3145c69dc8724c0cbfca3788c092cc91871ff062710a5159c697e1e49979ab8
us__scenario_119__child2_medicaid_eligible,7cb313e5e8fb5d9873baafe18f7267f69f0fa26462027805052b82945c94b108,1186a23be3c19588241bfe8570c02e655f77fcb020fb966268ed6272dacfb313
us__scenario_119__federal_income_tax_before_refundable_credits,68f748ccbc0a2fc3a151aa72a49c5df3513a500d7daab36adb6fc6f2384abf06,483b63d5796504255a16be834b8d108b39917f05126887cdeb0a6d581eb8e86a
us__scenario_119__federal_refundable_credits,3645ecc66367d998aed76a858e68707eb8d741bf5271f9098cac9f13dc0543ac,26d605e9ff17a841134304da4101f9fe35f1eb3e2a5592edba481181428c621e
us__scenario_119__payroll_tax,2e3e6e070681e314886ab9258066fffb00046304cf84cf51d7c7498a5412ef6f,e5294797ad9fd67690c33e56af234abe913eba73bb9abb5701f49a53467ac8b0
us__scenario_119__reduced_price_school_meals_eligible,71c358e735d0e5b84b1fce88b1b2c6e2fd2a4a7aae846d4ffd6292a0bda5f688,5ef0c626bbd708c1ff5dae3ac9d239f8441037088dc638f482ce246c6ff6e556
us__scenario_119__state_income_tax_before_refundable_credits,ff172164067e0a7652f30b1bf2e9a56f6a0b5670b023d574f0d4682f179eb2cd,70f9a942a452de66b585596ad26475889eb5bddb6e18da5e030b8e5eec449777
us__scenario_119__state_refundable_credits,c9054d4b0d62e0ff8c80ef82f83f04616f35a2225e69fb51135c74de939ed838,20f73fb637134300b1c7d3a74ecec6ad9a4e2544163308c856e4d6c153c20603
us__scenario_120__federal_income_tax_before_refundable_credits,ea6a0aee8c1c2128c2964ba760fdc2677b5f9eb2b24e92bd02ae513f8eaaf135,e12ff6ac781031ad2a409b596a002f99f37952dc964294083ccadb226859ffa5
us__scenario_120__head_medicare_eligible,38423457f0d2f776538ce275d1e8d4614066e17bd7c163adcaf72765980cc522,eeb633fc78773bcd0efed8dd71893b20fa0213a5605078c0a2c01eaa9bb128c8
us__scenario_120__payroll_tax,22f4bd0104c2e38801c02e15a04ae201774016675f385cef9d6d202fe0e532a6,4fdaace099309e80618dff547161684de344bfdbf11876f3709197ee21d7f70e
us__scenario_120__state_income_tax_before_refundable_credits,a042b5e45360fd78baf307cc54b94baacb2e3cb6484b6915e03e4626aef13ad0,ba4d1efeadeb0b01116b1baf300f52d2e954239604677f89f201e94dead6a148
us__scenario_121__federal_income_tax_before_refundable_credits,61bfca59d67cc2550a0886929d585cd61b021edbf52e10b02a116c6eab77cf70,ec63cc2614dabc2731ae4cd4c2aaf51ff02a2bdfe46e944b673d4d3db7425b36
us__scenario_121__federal_refundable_credits,21245c794e7489d82d006c47eb91924e7adf2641c548f97a077a37fd96152dfd,172a7cc3c7dc2766ed07f83ffd2fd74afa82fa4903585a1973982dc6fef8e94c
us__scenario_121__head_medicaid_eligible,f1d2f12bbacc579e157d86e1c3ba16e03e842336293472f8d256c129adb3b4b9,72fbf4afa7aaf9bc3d5898710bac6ea7e3d7a5effb3fa7270abecb173b859f31
us__scenario_121__head_medicare_eligible,30e015f3c46d6e5083eb214a17bde851abdeb42c68874f9786caef816b0bc938,8cef3435d06dc6ae0532f2b09b4cdb9a08690a1039a1bcb4495493fd262b055e
us__scenario_121__payroll_tax,640422209d50a59709a5d256d27a53027530bcc184a59d09704b2abe58ad7d09,66b09cf08016c1dc3370ec43fede9a05b96ebc5e009ae2756e067fcf1aa6e9db
us__scenario_121__snap,03512911eb78f3468bfaada9c89697f192ab69aad5e3e2b0dc0501a6de854b51,c27267ef789ef6c54f0a9673c990e2555ccd908b694d96d06d125f1ab6da2aed
us__scenario_121__state_income_tax_before_refundable_credits,ce60fe57a06785eb16d777ea41b1cd3c9a76e1982937a20d627a5a68c819c61f,a8b657c3e9398e752ec8ab3cf4d875ba203398c56ba07803b1a6b0ffc7533375
us__scenario_122__federal_income_tax_before_refundable_credits,1651e5d2391184bd11a1c8daa6b35992e02f055052b9585172fac9142b3c3be1,8dbaf3a0688ebc840977f814d334aa59e4ddc6a4469af9be8e002f3fc321ea85
us__scenario_122__head_medicaid_eligible,9cb1915eea284a648754090f09defe9de9174b415c189f7fbe36e396b2cc153f,f33e1094f352c7a871ac9bddd720e1a9cf13c42735d4cbcc766bb5775599be76
us__scenario_122__payroll_tax,6194402baac22b4f36529d9b2ff9da2c38282f5954eec05586484ffb93af6ba9,8b7cfde758ff2f97f0bc27f7eda3f2326f9a04ff7ca3d277ef9ff936dbed67b3
us__scenario_122__state_income_tax_before_refundable_credits,a72141faa7a7768a517b740055c76e94e7c354c933985d22b451327d8efa6276,445f3932b860e766e8b5085e2ec2d67635384770efeeb9888768b69517e86f29
us__scenario_122__state_refundable_credits,b032c5c37245f6c6c08e03b129af3c18af4f5095260eb2315c74fae180986175,d04072605a758bf7afdef0d7bd603251a3594b41f84b4d7c4d34118c1787cf0b
us__scenario_123__child1_chip_eligible,396ea9294f25df4757accd3fa501d5116ab243cfd339fa977f462450b459067d,655d730efd8a49a87d1448fd3a55ff88b9872ab3bd5b72cf5450350f7bc8ad23
us__scenario_123__federal_income_tax_before_refundable_credits,e77fcb1a75fe68eb875554162b028ae98119d40495f36fe018834c489d35db55,dfd9984399068d514a134fdfbd1dc5a7513e5b9e3211f0178fc10e72ea178f9d
us__scenario_123__federal_refundable_credits,1b4e0478dd57381352d13443a3bb844989a26c0843514ebb45d2a142d0653232,a9abcef52c7be874497616bf1ce520817ca82b28aadba529c84c2bffd47fa435
us__scenario_123__head_medicaid_eligible,bcff1a25f1f72e5213b3c6611ef16ca31b2f8bf6f89a2fa9376e171df6866671,746a18bf8fd8d6650ea14f83587282a4119c5a7a4e053619f18a86b11b82f84c
us__scenario_123__local_income_tax,73d046ea1cd007f5d7371adfc9df36cc8ef4abb512879b2d82ec9d6885d75bc3,a5aa6a1188d8fda5e8d7872e1724e0403e7114749df22a94769458369a2b5e6d
us__scenario_123__payroll_tax,bdfa2aab60f42aaa803c2a2bf0deb2a4afab3f5edab46391e592ca7908d8c298,5cb7217c4b2d00506c5af57448942416f137f84d588a7401303702815464328b
us__scenario_123__spouse_medicaid_eligible,0ea7b3c8cc4c093da15503cb7cfaf83494a83b12184a598bd2138df85b630449,40d4250a45815d85b6550450c375aa9390128d15b3c74eddad4687365e5ab3cf
us__scenario_123__state_income_tax_before_refundable_credits,8d451456e9eb8a8a108d3182cd1eae9881a9166a1172b52fb5419f3ea49ef9f3,df02301c7b23696cd23979446c4e87c8caf9d0d722a0ad491a135191b2010398
